user_id,session_id,variant,session_revenue,timestamp
u0003,sess0000001,A,10.99,2024-01-02 14:00:00
u0003,sess0000002,A,10.22,2024-01-03 19:00:00
u0003,sess0000003,A,3.21,2024-01-03 13:00:00
u0003,sess0000004,A,15.04,2024-01-01 01:00:00
u0003,sess0000005,A,10.75,2024-01-02 15:00:00
u0003,sess0000006,A,17.33,2024-01-04 16:00:00
u0003,sess0000007,A,11.16,2024-01-03 14:00:00
u0004,sess0000008,A,7.28,2024-01-06 19:00:00
u0004,sess0000009,A,11.24,2024-01-04 07:00:00
u0004,sess0000010,A,5.58,2024-01-03 02:00:00
u0004,sess0000011,A,5.84,2024-01-07 05:00:00
u0015,sess0000012,A,10.45,2024-01-06 17:00:00
u0015,sess0000013,A,4.6,2024-01-01 14:00:00
u0015,sess0000014,A,10.84,2024-01-04 04:00:00
u0015,sess0000015,A,21.48,2024-01-04 14:00:00
u0015,sess0000016,A,9.39,2024-01-03 12:00:00
u0015,sess0000017,A,3.24,2024-01-05 15:00:00
u0015,sess0000018,A,9.63,2024-01-03 17:00:00
u0018,sess0000019,A,16.65,2024-01-02 06:00:00
u0018,sess0000020,A,5.56,2024-01-07 08:00:00
u0018,sess0000021,A,11.03,2024-01-06 07:00:00
u0018,sess0000022,A,10.81,2024-01-05 04:00:00
u0018,sess0000023,A,10.06,2024-01-03 16:00:00
u0018,sess0000024,A,4.18,2024-01-02 02:00:00
u0018,sess0000025,A,9.6,2024-01-04 12:00:00
u0018,sess0000026,A,11.49,2024-01-03 17:00:00
u0018,sess0000027,A,18.3,2024-01-04 09:00:00
u0018,sess0000028,A,16.28,2024-01-06 04:00:00
u0019,sess0000029,A,11.82,2024-01-05 04:00:00
u0019,sess0000030,A,15.08,2024-01-05 10:00:00
u0019,sess0000031,A,8.19,2024-01-03 11:00:00
u0020,sess0000032,A,10.68,2024-01-03 09:00:00
u0020,sess0000033,A,7.51,2024-01-01 01:00:00
u0020,sess0000034,A,11.13,2024-01-01 14:00:00
u0020,sess0000035,A,8.79,2024-01-04 12:00:00
u0024,sess0000036,A,4.64,2024-01-05 14:00:00
u0024,sess0000037,A,6.36,2024-01-05 10:00:00
u0024,sess0000038,A,9.25,2024-01-02 16:00:00
u0024,sess0000039,A,6.81,2024-01-02 21:00:00
u0024,sess0000040,A,4.6,2024-01-05 05:00:00
u0025,sess0000041,A,6.15,2024-01-07 09:00:00
u0025,sess0000042,A,17.6,2024-01-07 02:00:00
u0025,sess0000043,A,0.04,2024-01-06 23:00:00
u0025,sess0000044,A,6.46,2024-01-01 17:00:00
u0025,sess0000045,A,7.42,2024-01-01 07:00:00
u0026,sess0000046,A,10.13,2024-01-03 13:00:00
u0026,sess0000047,A,8.27,2024-01-05 17:00:00
u0026,sess0000048,A,11.85,2024-01-04 19:00:00
u0026,sess0000049,A,0.0,2024-01-01 04:00:00
u0026,sess0000050,A,7.05,2024-01-05 19:00:00
u0026,sess0000051,A,5.14,2024-01-04 04:00:00
u0026,sess0000052,A,2.6,2024-01-05 21:00:00
u0026,sess0000053,A,23.15,2024-01-04 19:00:00
u0026,sess0000054,A,12.39,2024-01-01 10:00:00
u0026,sess0000055,A,16.64,2024-01-06 14:00:00
u0032,sess0000056,A,0.0,2024-01-01 16:00:00
u0032,sess0000057,A,9.9,2024-01-05 00:00:00
u0032,sess0000058,A,6.43,2024-01-04 02:00:00
u0032,sess0000059,A,11.7,2024-01-04 04:00:00
u0032,sess0000060,A,4.69,2024-01-06 07:00:00
u0032,sess0000061,A,8.06,2024-01-02 22:00:00
u0035,sess0000062,A,14.13,2024-01-06 14:00:00
u0035,sess0000063,A,7.09,2024-01-06 13:00:00
u0035,sess0000064,A,5.72,2024-01-02 09:00:00
u0035,sess0000065,A,11.85,2024-01-02 21:00:00
u0035,sess0000066,A,0.0,2024-01-03 21:00:00
u0035,sess0000067,A,11.25,2024-01-01 00:00:00
u0035,sess0000068,A,3.74,2024-01-02 09:00:00
u0035,sess0000069,A,12.94,2024-01-01 09:00:00
u0035,sess0000070,A,12.19,2024-01-06 17:00:00
u0035,sess0000071,A,9.8,2024-01-01 05:00:00
u0038,sess0000072,A,0.0,2024-01-06 00:00:00
u0038,sess0000073,A,15.9,2024-01-04 22:00:00
u0038,sess0000074,A,9.3,2024-01-05 14:00:00
u0038,sess0000075,A,1.66,2024-01-06 19:00:00
u0038,sess0000076,A,15.54,2024-01-07 18:00:00
u0038,sess0000077,A,11.31,2024-01-01 05:00:00
u0038,sess0000078,A,11.88,2024-01-05 13:00:00
u0046,sess0000079,A,12.16,2024-01-07 12:00:00
u0046,sess0000080,A,11.49,2024-01-07 21:00:00
u0046,sess0000081,A,5.98,2024-01-06 06:00:00
u0046,sess0000082,A,0.48,2024-01-06 15:00:00
u0046,sess0000083,A,8.3,2024-01-07 10:00:00
u0046,sess0000084,A,8.31,2024-01-07 01:00:00
u0046,sess0000085,A,7.51,2024-01-06 21:00:00
u0046,sess0000086,A,7.31,2024-01-06 18:00:00
u0046,sess0000087,A,15.43,2024-01-06 13:00:00
u0046,sess0000088,A,8.84,2024-01-05 17:00:00
u0047,sess0000089,A,11.48,2024-01-05 22:00:00
u0047,sess0000090,A,15.54,2024-01-04 19:00:00
u0047,sess0000091,A,15.75,2024-01-05 17:00:00
u0047,sess0000092,A,16.45,2024-01-07 04:00:00
u0047,sess0000093,A,3.66,2024-01-05 07:00:00
u0047,sess0000094,A,8.29,2024-01-05 02:00:00
u0047,sess0000095,A,13.88,2024-01-04 00:00:00
u0047,sess0000096,A,7.87,2024-01-07 00:00:00
u0047,sess0000097,A,12.77,2024-01-02 23:00:00
u0047,sess0000098,A,12.1,2024-01-01 22:00:00
u0052,sess0000099,A,11.22,2024-01-05 15:00:00
u0052,sess0000100,A,21.48,2024-01-05 09:00:00
u0052,sess0000101,A,12.36,2024-01-03 11:00:00
u0052,sess0000102,A,14.55,2024-01-03 03:00:00
u0062,sess0000103,A,8.4,2024-01-06 19:00:00
u0062,sess0000104,A,12.49,2024-01-06 20:00:00
u0062,sess0000105,A,9.8,2024-01-07 12:00:00
u0063,sess0000106,A,17.67,2024-01-07 18:00:00
u0063,sess0000107,A,3.83,2024-01-04 03:00:00
u0063,sess0000108,A,2.74,2024-01-03 12:00:00
u0063,sess0000109,A,7.96,2024-01-06 00:00:00
u0063,sess0000110,A,9.2,2024-01-03 10:00:00
u0065,sess0000111,A,5.9,2024-01-02 07:00:00
u0065,sess0000112,A,11.68,2024-01-02 13:00:00
u0070,sess0000113,A,6.83,2024-01-06 20:00:00
u0070,sess0000114,A,12.86,2024-01-04 12:00:00
u0070,sess0000115,A,3.91,2024-01-02 14:00:00
u0070,sess0000116,A,11.98,2024-01-01 22:00:00
u0070,sess0000117,A,18.26,2024-01-06 21:00:00
u0072,sess0000118,A,6.23,2024-01-07 00:00:00
u0072,sess0000119,A,17.79,2024-01-02 09:00:00
u0072,sess0000120,A,10.94,2024-01-05 15:00:00
u0072,sess0000121,A,9.68,2024-01-01 12:00:00
u0072,sess0000122,A,19.14,2024-01-04 07:00:00
u0072,sess0000123,A,1.64,2024-01-01 15:00:00
u0072,sess0000124,A,6.43,2024-01-07 05:00:00
u0072,sess0000125,A,13.69,2024-01-02 12:00:00
u0074,sess0000126,A,8.58,2024-01-04 05:00:00
u0076,sess0000127,A,15.88,2024-01-01 14:00:00
u0076,sess0000128,A,15.67,2024-01-06 16:00:00
u0076,sess0000129,A,6.8,2024-01-05 22:00:00
u0076,sess0000130,A,15.45,2024-01-05 15:00:00
u0076,sess0000131,A,10.86,2024-01-01 05:00:00
u0076,sess0000132,A,4.29,2024-01-04 10:00:00
u0076,sess0000133,A,9.84,2024-01-02 03:00:00
u0076,sess0000134,A,0.0,2024-01-03 19:00:00
u0076,sess0000135,A,6.5,2024-01-05 17:00:00
u0079,sess0000136,A,11.06,2024-01-03 09:00:00
u0079,sess0000137,A,17.36,2024-01-06 08:00:00
u0079,sess0000138,A,11.44,2024-01-02 14:00:00
u0079,sess0000139,A,7.48,2024-01-05 09:00:00
u0079,sess0000140,A,9.47,2024-01-01 00:00:00
u0079,sess0000141,A,12.81,2024-01-07 06:00:00
u0082,sess0000142,A,0.89,2024-01-07 05:00:00
u0082,sess0000143,A,15.48,2024-01-01 18:00:00
u0082,sess0000144,A,7.86,2024-01-03 13:00:00
u0082,sess0000145,A,12.78,2024-01-05 14:00:00
u0082,sess0000146,A,15.42,2024-01-06 12:00:00
u0082,sess0000147,A,6.27,2024-01-03 22:00:00
u0082,sess0000148,A,8.0,2024-01-01 06:00:00
u0090,sess0000149,A,12.82,2024-01-04 03:00:00
u0090,sess0000150,A,4.19,2024-01-04 01:00:00
u0090,sess0000151,A,0.92,2024-01-04 21:00:00
u0090,sess0000152,A,15.87,2024-01-03 20:00:00
u0093,sess0000153,A,4.75,2024-01-01 19:00:00
u0093,sess0000154,A,17.93,2024-01-07 09:00:00
u0095,sess0000155,A,16.16,2024-01-07 17:00:00
u0095,sess0000156,A,12.97,2024-01-04 15:00:00
u0095,sess0000157,A,15.72,2024-01-02 23:00:00
u0095,sess0000158,A,2.11,2024-01-01 15:00:00
u0095,sess0000159,A,2.53,2024-01-02 21:00:00
u0095,sess0000160,A,13.63,2024-01-07 08:00:00
u0095,sess0000161,A,13.84,2024-01-04 21:00:00
u0095,sess0000162,A,10.18,2024-01-05 17:00:00
u0096,sess0000163,A,12.39,2024-01-02 14:00:00
u0096,sess0000164,A,5.41,2024-01-06 14:00:00
u0096,sess0000165,A,14.02,2024-01-01 15:00:00
u0096,sess0000166,A,8.53,2024-01-01 20:00:00
u0096,sess0000167,A,9.46,2024-01-06 02:00:00
u0096,sess0000168,A,10.91,2024-01-06 15:00:00
u0096,sess0000169,A,1.94,2024-01-03 07:00:00
u0100,sess0000170,A,18.36,2024-01-04 08:00:00
u0100,sess0000171,A,8.07,2024-01-03 21:00:00
u0100,sess0000172,A,13.63,2024-01-06 07:00:00
u0102,sess0000173,A,22.13,2024-01-06 00:00:00
u0102,sess0000174,A,11.84,2024-01-05 04:00:00
u0102,sess0000175,A,10.3,2024-01-06 05:00:00
u0105,sess0000176,A,8.01,2024-01-01 21:00:00
u0105,sess0000177,A,8.95,2024-01-06 20:00:00
u0105,sess0000178,A,13.04,2024-01-04 05:00:00
u0105,sess0000179,A,9.58,2024-01-02 03:00:00
u0107,sess0000180,A,15.48,2024-01-02 21:00:00
u0109,sess0000181,A,12.42,2024-01-01 16:00:00
u0109,sess0000182,A,15.03,2024-01-03 10:00:00
u0110,sess0000183,A,10.44,2024-01-05 08:00:00
u0113,sess0000184,A,11.66,2024-01-01 23:00:00
u0113,sess0000185,A,8.47,2024-01-04 03:00:00
u0113,sess0000186,A,5.1,2024-01-04 13:00:00
u0113,sess0000187,A,10.3,2024-01-02 18:00:00
u0113,sess0000188,A,14.96,2024-01-06 00:00:00
u0113,sess0000189,A,0.0,2024-01-03 14:00:00
u0113,sess0000190,A,6.55,2024-01-03 03:00:00
u0113,sess0000191,A,4.63,2024-01-01 20:00:00
u0113,sess0000192,A,13.23,2024-01-02 18:00:00
u0113,sess0000193,A,9.63,2024-01-04 14:00:00
u0114,sess0000194,A,11.59,2024-01-02 06:00:00
u0114,sess0000195,A,10.51,2024-01-06 17:00:00
u0114,sess0000196,A,6.23,2024-01-01 06:00:00
u0114,sess0000197,A,12.54,2024-01-01 15:00:00
u0114,sess0000198,A,14.85,2024-01-05 19:00:00
u0114,sess0000199,A,13.99,2024-01-07 23:00:00
u0117,sess0000200,A,8.89,2024-01-01 15:00:00
u0117,sess0000201,A,6.08,2024-01-03 19:00:00
u0117,sess0000202,A,13.54,2024-01-04 19:00:00
u0117,sess0000203,A,12.19,2024-01-03 04:00:00
u0117,sess0000204,A,12.24,2024-01-03 00:00:00
u0117,sess0000205,A,5.05,2024-01-03 07:00:00
u0119,sess0000206,A,8.57,2024-01-05 23:00:00
u0119,sess0000207,A,14.91,2024-01-03 20:00:00
u0119,sess0000208,A,17.25,2024-01-05 01:00:00
u0119,sess0000209,A,16.88,2024-01-07 03:00:00
u0119,sess0000210,A,10.42,2024-01-07 13:00:00
u0119,sess0000211,A,17.42,2024-01-01 02:00:00
u0123,sess0000212,A,7.65,2024-01-04 06:00:00
u0123,sess0000213,A,3.75,2024-01-05 15:00:00
u0123,sess0000214,A,6.74,2024-01-06 12:00:00
u0123,sess0000215,A,13.02,2024-01-05 12:00:00
u0123,sess0000216,A,13.14,2024-01-01 15:00:00
u0124,sess0000217,A,10.13,2024-01-02 22:00:00
u0124,sess0000218,A,10.67,2024-01-02 23:00:00
u0124,sess0000219,A,12.57,2024-01-03 01:00:00
u0125,sess0000220,A,13.75,2024-01-02 16:00:00
u0125,sess0000221,A,10.03,2024-01-01 04:00:00
u0125,sess0000222,A,14.92,2024-01-07 00:00:00
u0125,sess0000223,A,8.06,2024-01-04 19:00:00
u0125,sess0000224,A,3.17,2024-01-07 18:00:00
u0125,sess0000225,A,2.07,2024-01-03 04:00:00
u0125,sess0000226,A,5.23,2024-01-04 20:00:00
u0129,sess0000227,A,5.12,2024-01-03 00:00:00
u0129,sess0000228,A,6.16,2024-01-03 22:00:00
u0129,sess0000229,A,15.45,2024-01-01 20:00:00
u0131,sess0000230,A,6.19,2024-01-02 01:00:00
u0132,sess0000231,A,17.17,2024-01-07 16:00:00
u0132,sess0000232,A,6.52,2024-01-02 15:00:00
u0132,sess0000233,A,8.56,2024-01-04 01:00:00
u0132,sess0000234,A,10.32,2024-01-06 19:00:00
u0132,sess0000235,A,11.77,2024-01-06 16:00:00
u0132,sess0000236,A,3.32,2024-01-06 22:00:00
u0132,sess0000237,A,14.68,2024-01-03 22:00:00
u0132,sess0000238,A,9.04,2024-01-07 15:00:00
u0132,sess0000239,A,5.6,2024-01-02 07:00:00
u0137,sess0000240,A,6.72,2024-01-01 08:00:00
u0137,sess0000241,A,6.18,2024-01-04 23:00:00
u0137,sess0000242,A,10.58,2024-01-04 10:00:00
u0137,sess0000243,A,7.21,2024-01-01 17:00:00
u0138,sess0000244,A,4.84,2024-01-06 20:00:00
u0138,sess0000245,A,9.91,2024-01-03 11:00:00
u0138,sess0000246,A,9.41,2024-01-03 11:00:00
u0138,sess0000247,A,13.31,2024-01-02 09:00:00
u0138,sess0000248,A,5.48,2024-01-02 09:00:00
u0138,sess0000249,A,12.09,2024-01-07 13:00:00
u0138,sess0000250,A,0.0,2024-01-05 13:00:00
u0153,sess0000251,A,11.5,2024-01-03 22:00:00
u0153,sess0000252,A,1.72,2024-01-05 17:00:00
u0153,sess0000253,A,2.15,2024-01-06 22:00:00
u0153,sess0000254,A,17.64,2024-01-05 00:00:00
u0153,sess0000255,A,7.0,2024-01-03 12:00:00
u0153,sess0000256,A,16.18,2024-01-05 11:00:00
u0155,sess0000257,A,12.07,2024-01-02 12:00:00
u0155,sess0000258,A,11.21,2024-01-06 14:00:00
u0155,sess0000259,A,15.03,2024-01-01 20:00:00
u0156,sess0000260,A,25.34,2024-01-04 21:00:00
u0156,sess0000261,A,9.06,2024-01-07 12:00:00
u0156,sess0000262,A,4.81,2024-01-07 08:00:00
u0156,sess0000263,A,8.91,2024-01-07 13:00:00
u0160,sess0000264,A,13.9,2024-01-07 01:00:00
u0160,sess0000265,A,12.9,2024-01-04 10:00:00
u0160,sess0000266,A,12.34,2024-01-06 23:00:00
u0160,sess0000267,A,9.55,2024-01-01 14:00:00
u0160,sess0000268,A,18.04,2024-01-03 15:00:00
u0160,sess0000269,A,8.26,2024-01-05 21:00:00
u0160,sess0000270,A,5.79,2024-01-01 19:00:00
u0160,sess0000271,A,1.33,2024-01-07 19:00:00
u0160,sess0000272,A,0.0,2024-01-04 21:00:00
u0160,sess0000273,A,12.03,2024-01-03 14:00:00
u0165,sess0000274,A,7.5,2024-01-04 12:00:00
u0165,sess0000275,A,8.15,2024-01-04 22:00:00
u0165,sess0000276,A,14.1,2024-01-04 10:00:00
u0169,sess0000277,A,12.83,2024-01-06 03:00:00
u0169,sess0000278,A,15.07,2024-01-06 19:00:00
u0169,sess0000279,A,12.25,2024-01-07 23:00:00
u0169,sess0000280,A,11.6,2024-01-01 05:00:00
u0169,sess0000281,A,0.67,2024-01-06 01:00:00
u0169,sess0000282,A,6.2,2024-01-07 04:00:00
u0172,sess0000283,A,12.38,2024-01-07 00:00:00
u0172,sess0000284,A,8.47,2024-01-06 15:00:00
u0173,sess0000285,A,18.35,2024-01-01 12:00:00
u0173,sess0000286,A,21.02,2024-01-07 21:00:00
u0173,sess0000287,A,7.89,2024-01-04 13:00:00
u0173,sess0000288,A,5.54,2024-01-01 20:00:00
u0173,sess0000289,A,15.02,2024-01-05 14:00:00
u0175,sess0000290,A,25.51,2024-01-04 03:00:00
u0175,sess0000291,A,7.42,2024-01-07 07:00:00
u0175,sess0000292,A,5.37,2024-01-01 06:00:00
u0175,sess0000293,A,20.18,2024-01-06 10:00:00
u0184,sess0000294,A,17.38,2024-01-05 07:00:00
u0184,sess0000295,A,3.08,2024-01-01 00:00:00
u0184,sess0000296,A,11.12,2024-01-07 21:00:00
u0188,sess0000297,A,4.54,2024-01-01 21:00:00
u0188,sess0000298,A,8.37,2024-01-01 15:00:00
u0188,sess0000299,A,5.91,2024-01-04 14:00:00
u0188,sess0000300,A,10.62,2024-01-04 05:00:00
u0188,sess0000301,A,1.78,2024-01-02 08:00:00
u0188,sess0000302,A,11.59,2024-01-05 18:00:00
u0188,sess0000303,A,15.5,2024-01-05 00:00:00
u0189,sess0000304,A,9.53,2024-01-01 23:00:00
u0189,sess0000305,A,19.38,2024-01-01 22:00:00
u0189,sess0000306,A,10.52,2024-01-07 16:00:00
u0189,sess0000307,A,4.41,2024-01-07 12:00:00
u0189,sess0000308,A,14.62,2024-01-07 14:00:00
u0189,sess0000309,A,10.36,2024-01-01 05:00:00
u0190,sess0000310,A,9.46,2024-01-02 15:00:00
u0190,sess0000311,A,4.36,2024-01-02 07:00:00
u0190,sess0000312,A,5.41,2024-01-01 09:00:00
u0190,sess0000313,A,17.09,2024-01-06 18:00:00
u0190,sess0000314,A,3.48,2024-01-05 02:00:00
u0190,sess0000315,A,14.59,2024-01-06 02:00:00
u0190,sess0000316,A,15.72,2024-01-05 05:00:00
u0190,sess0000317,A,7.18,2024-01-07 16:00:00
u0190,sess0000318,A,0.0,2024-01-01 18:00:00
u0190,sess0000319,A,8.04,2024-01-01 16:00:00
u0192,sess0000320,A,10.14,2024-01-03 12:00:00
u0192,sess0000321,A,12.92,2024-01-05 06:00:00
u0192,sess0000322,A,5.19,2024-01-03 17:00:00
u0192,sess0000323,A,0.0,2024-01-05 22:00:00
u0196,sess0000324,A,6.18,2024-01-06 13:00:00
u0196,sess0000325,A,11.68,2024-01-01 20:00:00
u0196,sess0000326,A,12.26,2024-01-03 02:00:00
u0196,sess0000327,A,9.64,2024-01-03 19:00:00
u0196,sess0000328,A,14.94,2024-01-05 10:00:00
u0196,sess0000329,A,15.47,2024-01-01 01:00:00
u0196,sess0000330,A,9.27,2024-01-01 00:00:00
u0196,sess0000331,A,15.44,2024-01-04 19:00:00
u0202,sess0000332,A,0.75,2024-01-01 17:00:00
u0202,sess0000333,A,13.13,2024-01-02 08:00:00
u0202,sess0000334,A,13.74,2024-01-04 00:00:00
u0202,sess0000335,A,8.34,2024-01-06 17:00:00
u0202,sess0000336,A,10.4,2024-01-01 13:00:00
u0202,sess0000337,A,5.88,2024-01-07 01:00:00
u0208,sess0000338,A,7.15,2024-01-01 15:00:00
u0208,sess0000339,A,15.28,2024-01-05 15:00:00
u0208,sess0000340,A,11.04,2024-01-04 21:00:00
u0208,sess0000341,A,8.06,2024-01-03 18:00:00
u0208,sess0000342,A,8.76,2024-01-07 01:00:00
u0208,sess0000343,A,19.77,2024-01-07 06:00:00
u0208,sess0000344,A,16.46,2024-01-02 10:00:00
u0208,sess0000345,A,11.1,2024-01-03 12:00:00
u0208,sess0000346,A,6.99,2024-01-04 15:00:00
u0208,sess0000347,A,0.35,2024-01-06 12:00:00
u0209,sess0000348,A,9.57,2024-01-03 15:00:00
u0209,sess0000349,A,11.98,2024-01-06 10:00:00
u0210,sess0000350,A,7.86,2024-01-02 04:00:00
u0210,sess0000351,A,9.33,2024-01-07 19:00:00
u0210,sess0000352,A,6.41,2024-01-05 16:00:00
u0210,sess0000353,A,12.12,2024-01-07 17:00:00
u0210,sess0000354,A,7.18,2024-01-03 18:00:00
u0213,sess0000355,A,1.51,2024-01-02 04:00:00
u0213,sess0000356,A,8.89,2024-01-03 11:00:00
u0213,sess0000357,A,15.27,2024-01-05 20:00:00
u0213,sess0000358,A,8.81,2024-01-01 08:00:00
u0213,sess0000359,A,16.95,2024-01-05 05:00:00
u0236,sess0000360,A,19.76,2024-01-03 09:00:00
u0236,sess0000361,A,3.87,2024-01-05 16:00:00
u0236,sess0000362,A,12.17,2024-01-07 17:00:00
u0236,sess0000363,A,15.0,2024-01-05 00:00:00
u0236,sess0000364,A,14.37,2024-01-06 15:00:00
u0243,sess0000365,A,16.99,2024-01-03 05:00:00
u0243,sess0000366,A,3.63,2024-01-01 20:00:00
u0243,sess0000367,A,1.69,2024-01-01 13:00:00
u0246,sess0000368,A,5.63,2024-01-01 01:00:00
u0246,sess0000369,A,6.79,2024-01-04 18:00:00
u0246,sess0000370,A,18.29,2024-01-06 15:00:00
u0246,sess0000371,A,11.71,2024-01-04 06:00:00
u0247,sess0000372,A,6.76,2024-01-04 17:00:00
u0247,sess0000373,A,9.65,2024-01-06 21:00:00
u0247,sess0000374,A,18.49,2024-01-06 08:00:00
u0247,sess0000375,A,2.8,2024-01-03 04:00:00
u0247,sess0000376,A,0.28,2024-01-05 21:00:00
u0247,sess0000377,A,4.21,2024-01-07 13:00:00
u0251,sess0000378,A,15.68,2024-01-04 04:00:00
u0251,sess0000379,A,5.97,2024-01-05 02:00:00
u0251,sess0000380,A,8.17,2024-01-07 02:00:00
u0251,sess0000381,A,16.92,2024-01-06 00:00:00
u0251,sess0000382,A,11.98,2024-01-07 19:00:00
u0251,sess0000383,A,17.0,2024-01-06 07:00:00
u0251,sess0000384,A,9.6,2024-01-06 14:00:00
u0257,sess0000385,A,14.5,2024-01-02 11:00:00
u0258,sess0000386,A,6.15,2024-01-04 15:00:00
u0258,sess0000387,A,7.4,2024-01-06 14:00:00
u0258,sess0000388,A,6.03,2024-01-03 17:00:00
u0258,sess0000389,A,13.82,2024-01-06 10:00:00
u0260,sess0000390,A,14.69,2024-01-06 06:00:00
u0260,sess0000391,A,11.41,2024-01-01 10:00:00
u0260,sess0000392,A,3.06,2024-01-01 21:00:00
u0260,sess0000393,A,12.55,2024-01-06 10:00:00
u0260,sess0000394,A,12.89,2024-01-07 13:00:00
u0264,sess0000395,A,0.2,2024-01-04 14:00:00
u0264,sess0000396,A,14.17,2024-01-05 21:00:00
u0264,sess0000397,A,9.76,2024-01-02 04:00:00
u0264,sess0000398,A,8.73,2024-01-07 19:00:00
u0264,sess0000399,A,16.52,2024-01-04 12:00:00
u0265,sess0000400,A,7.82,2024-01-04 16:00:00
u0265,sess0000401,A,15.71,2024-01-07 09:00:00
u0265,sess0000402,A,10.57,2024-01-03 04:00:00
u0265,sess0000403,A,7.17,2024-01-06 17:00:00
u0265,sess0000404,A,12.99,2024-01-02 06:00:00
u0265,sess0000405,A,6.93,2024-01-01 19:00:00
u0265,sess0000406,A,5.99,2024-01-06 04:00:00
u0265,sess0000407,A,4.14,2024-01-01 08:00:00
u0266,sess0000408,A,18.65,2024-01-03 22:00:00
u0266,sess0000409,A,12.43,2024-01-04 11:00:00
u0266,sess0000410,A,9.82,2024-01-05 23:00:00
u0266,sess0000411,A,0.0,2024-01-02 18:00:00
u0266,sess0000412,A,16.66,2024-01-04 23:00:00
u0266,sess0000413,A,0.0,2024-01-01 07:00:00
u0266,sess0000414,A,15.14,2024-01-06 01:00:00
u0267,sess0000415,A,9.02,2024-01-01 05:00:00
u0267,sess0000416,A,14.59,2024-01-06 02:00:00
u0268,sess0000417,A,11.26,2024-01-07 22:00:00
u0268,sess0000418,A,12.44,2024-01-03 14:00:00
u0268,sess0000419,A,9.32,2024-01-01 15:00:00
u0272,sess0000420,A,12.25,2024-01-05 02:00:00
u0272,sess0000421,A,2.95,2024-01-04 20:00:00
u0272,sess0000422,A,10.4,2024-01-05 01:00:00
u0273,sess0000423,A,4.31,2024-01-06 16:00:00
u0273,sess0000424,A,17.08,2024-01-02 01:00:00
u0273,sess0000425,A,16.93,2024-01-03 13:00:00
u0273,sess0000426,A,15.81,2024-01-04 11:00:00
u0273,sess0000427,A,5.59,2024-01-01 13:00:00
u0273,sess0000428,A,7.66,2024-01-04 13:00:00
u0273,sess0000429,A,14.09,2024-01-05 05:00:00
u0273,sess0000430,A,13.3,2024-01-01 19:00:00
u0273,sess0000431,A,1.95,2024-01-05 01:00:00
u0273,sess0000432,A,16.33,2024-01-06 00:00:00
u0283,sess0000433,A,12.8,2024-01-03 01:00:00
u0283,sess0000434,A,16.41,2024-01-01 09:00:00
u0283,sess0000435,A,14.26,2024-01-05 10:00:00
u0283,sess0000436,A,2.43,2024-01-06 18:00:00
u0283,sess0000437,A,5.69,2024-01-06 08:00:00
u0283,sess0000438,A,10.41,2024-01-07 04:00:00
u0283,sess0000439,A,11.63,2024-01-04 00:00:00
u0283,sess0000440,A,12.94,2024-01-01 00:00:00
u0286,sess0000441,A,4.12,2024-01-03 16:00:00
u0286,sess0000442,A,18.11,2024-01-03 14:00:00
u0286,sess0000443,A,13.96,2024-01-03 20:00:00
u0286,sess0000444,A,4.67,2024-01-07 12:00:00
u0286,sess0000445,A,15.12,2024-01-06 23:00:00
u0286,sess0000446,A,7.67,2024-01-05 03:00:00
u0286,sess0000447,A,7.11,2024-01-07 03:00:00
u0286,sess0000448,A,3.37,2024-01-07 19:00:00
u0286,sess0000449,A,13.37,2024-01-02 23:00:00
u0288,sess0000450,A,10.81,2024-01-06 09:00:00
u0288,sess0000451,A,12.61,2024-01-07 18:00:00
u0288,sess0000452,A,0.0,2024-01-05 14:00:00
u0288,sess0000453,A,1.17,2024-01-06 11:00:00
u0295,sess0000454,A,11.49,2024-01-05 16:00:00
u0295,sess0000455,A,3.28,2024-01-07 11:00:00
u0295,sess0000456,A,1.35,2024-01-01 06:00:00
u0295,sess0000457,A,4.37,2024-01-02 11:00:00
u0298,sess0000458,A,17.31,2024-01-01 17:00:00
u0298,sess0000459,A,0.0,2024-01-02 00:00:00
u0298,sess0000460,A,12.97,2024-01-02 08:00:00
u0298,sess0000461,A,9.65,2024-01-06 16:00:00
u0298,sess0000462,A,14.32,2024-01-03 18:00:00
u0298,sess0000463,A,9.79,2024-01-04 20:00:00
u0298,sess0000464,A,8.48,2024-01-05 11:00:00
u0298,sess0000465,A,3.74,2024-01-07 18:00:00
u0298,sess0000466,A,3.78,2024-01-06 21:00:00
u0300,sess0000467,A,5.92,2024-01-02 17:00:00
u0300,sess0000468,A,20.61,2024-01-02 13:00:00
u0300,sess0000469,A,5.72,2024-01-07 07:00:00
u0300,sess0000470,A,12.0,2024-01-04 23:00:00
u0300,sess0000471,A,10.13,2024-01-05 11:00:00
u0300,sess0000472,A,12.0,2024-01-05 22:00:00
u0300,sess0000473,A,11.21,2024-01-04 06:00:00
u0300,sess0000474,A,21.68,2024-01-07 06:00:00
u0304,sess0000475,A,9.43,2024-01-05 07:00:00
u0304,sess0000476,A,9.94,2024-01-02 04:00:00
u0304,sess0000477,A,17.31,2024-01-04 21:00:00
u0304,sess0000478,A,9.33,2024-01-04 06:00:00
u0304,sess0000479,A,12.19,2024-01-06 17:00:00
u0304,sess0000480,A,15.12,2024-01-07 02:00:00
u0304,sess0000481,A,14.0,2024-01-06 11:00:00
u0304,sess0000482,A,12.67,2024-01-04 02:00:00
u0304,sess0000483,A,8.36,2024-01-06 00:00:00
u0312,sess0000484,A,13.6,2024-01-01 08:00:00
u0312,sess0000485,A,10.85,2024-01-04 18:00:00
u0312,sess0000486,A,12.41,2024-01-06 04:00:00
u0312,sess0000487,A,8.89,2024-01-07 04:00:00
u0312,sess0000488,A,1.76,2024-01-02 08:00:00
u0312,sess0000489,A,0.02,2024-01-02 15:00:00
u0312,sess0000490,A,11.23,2024-01-01 17:00:00
u0313,sess0000491,A,9.32,2024-01-04 01:00:00
u0315,sess0000492,A,13.93,2024-01-04 23:00:00
u0315,sess0000493,A,9.68,2024-01-07 10:00:00
u0315,sess0000494,A,17.47,2024-01-03 18:00:00
u0315,sess0000495,A,11.04,2024-01-04 01:00:00
u0315,sess0000496,A,8.95,2024-01-07 16:00:00
u0315,sess0000497,A,15.62,2024-01-06 18:00:00
u0315,sess0000498,A,9.0,2024-01-06 07:00:00
u0316,sess0000499,A,0.0,2024-01-06 14:00:00
u0321,sess0000500,A,12.41,2024-01-06 08:00:00
u0321,sess0000501,A,10.38,2024-01-04 21:00:00
u0321,sess0000502,A,6.9,2024-01-01 07:00:00
u0321,sess0000503,A,8.55,2024-01-06 22:00:00
u0321,sess0000504,A,6.23,2024-01-02 11:00:00
u0321,sess0000505,A,5.01,2024-01-05 15:00:00
u0321,sess0000506,A,8.66,2024-01-07 01:00:00
u0321,sess0000507,A,12.68,2024-01-02 05:00:00
u0321,sess0000508,A,16.18,2024-01-02 14:00:00
u0321,sess0000509,A,10.53,2024-01-04 03:00:00
u0322,sess0000510,A,13.54,2024-01-06 11:00:00
u0322,sess0000511,A,7.92,2024-01-04 08:00:00
u0322,sess0000512,A,13.53,2024-01-03 00:00:00
u0322,sess0000513,A,10.3,2024-01-06 16:00:00
u0325,sess0000514,A,11.49,2024-01-01 20:00:00
u0325,sess0000515,A,6.55,2024-01-06 23:00:00
u0325,sess0000516,A,9.57,2024-01-02 03:00:00
u0325,sess0000517,A,19.51,2024-01-07 21:00:00
u0325,sess0000518,A,8.56,2024-01-04 11:00:00
u0325,sess0000519,A,11.24,2024-01-03 18:00:00
u0325,sess0000520,A,9.53,2024-01-04 01:00:00
u0330,sess0000521,A,9.98,2024-01-05 21:00:00
u0330,sess0000522,A,11.11,2024-01-05 00:00:00
u0330,sess0000523,A,9.48,2024-01-03 23:00:00
u0330,sess0000524,A,3.03,2024-01-04 16:00:00
u0332,sess0000525,A,10.01,2024-01-01 19:00:00
u0332,sess0000526,A,10.0,2024-01-02 03:00:00
u0332,sess0000527,A,6.98,2024-01-02 19:00:00
u0332,sess0000528,A,16.6,2024-01-01 22:00:00
u0334,sess0000529,A,13.38,2024-01-04 22:00:00
u0334,sess0000530,A,13.91,2024-01-01 15:00:00
u0334,sess0000531,A,12.73,2024-01-04 22:00:00
u0334,sess0000532,A,16.64,2024-01-04 01:00:00
u0334,sess0000533,A,5.76,2024-01-03 03:00:00
u0334,sess0000534,A,10.09,2024-01-04 19:00:00
u0336,sess0000535,A,17.89,2024-01-01 11:00:00
u0336,sess0000536,A,4.85,2024-01-03 01:00:00
u0336,sess0000537,A,8.94,2024-01-05 22:00:00
u0336,sess0000538,A,6.14,2024-01-03 08:00:00
u0336,sess0000539,A,7.32,2024-01-03 14:00:00
u0336,sess0000540,A,4.96,2024-01-03 23:00:00
u0336,sess0000541,A,9.93,2024-01-06 16:00:00
u0336,sess0000542,A,19.91,2024-01-03 03:00:00
u0336,sess0000543,A,1.46,2024-01-01 07:00:00
u0336,sess0000544,A,2.81,2024-01-04 22:00:00
u0338,sess0000545,A,14.61,2024-01-03 14:00:00
u0338,sess0000546,A,2.51,2024-01-04 22:00:00
u0338,sess0000547,A,10.26,2024-01-07 02:00:00
u0338,sess0000548,A,10.64,2024-01-03 18:00:00
u0338,sess0000549,A,10.9,2024-01-04 20:00:00
u0338,sess0000550,A,12.42,2024-01-07 01:00:00
u0338,sess0000551,A,11.65,2024-01-01 10:00:00
u0338,sess0000552,A,2.44,2024-01-04 00:00:00
u0338,sess0000553,A,16.67,2024-01-01 11:00:00
u0338,sess0000554,A,3.14,2024-01-06 18:00:00
u0340,sess0000555,A,11.42,2024-01-02 11:00:00
u0343,sess0000556,A,19.66,2024-01-06 04:00:00
u0343,sess0000557,A,10.6,2024-01-03 04:00:00
u0343,sess0000558,A,15.95,2024-01-07 11:00:00
u0343,sess0000559,A,2.57,2024-01-06 03:00:00
u0343,sess0000560,A,6.54,2024-01-04 13:00:00
u0344,sess0000561,A,8.9,2024-01-06 09:00:00
u0344,sess0000562,A,17.25,2024-01-02 11:00:00
u0344,sess0000563,A,14.08,2024-01-05 23:00:00
u0344,sess0000564,A,10.45,2024-01-01 21:00:00
u0344,sess0000565,A,15.02,2024-01-05 13:00:00
u0344,sess0000566,A,4.59,2024-01-02 21:00:00
u0345,sess0000567,A,20.47,2024-01-06 08:00:00
u0345,sess0000568,A,9.3,2024-01-07 12:00:00
u0346,sess0000569,A,10.61,2024-01-03 21:00:00
u0346,sess0000570,A,11.31,2024-01-06 20:00:00
u0346,sess0000571,A,17.28,2024-01-02 18:00:00
u0346,sess0000572,A,8.07,2024-01-01 16:00:00
u0346,sess0000573,A,10.3,2024-01-06 13:00:00
u0346,sess0000574,A,14.48,2024-01-01 06:00:00
u0346,sess0000575,A,6.52,2024-01-02 21:00:00
u0346,sess0000576,A,5.72,2024-01-06 17:00:00
u0346,sess0000577,A,0.0,2024-01-04 18:00:00
u0350,sess0000578,A,10.85,2024-01-03 12:00:00
u0350,sess0000579,A,8.61,2024-01-02 12:00:00
u0350,sess0000580,A,10.76,2024-01-01 02:00:00
u0350,sess0000581,A,7.63,2024-01-04 03:00:00
u0350,sess0000582,A,7.83,2024-01-01 07:00:00
u0350,sess0000583,A,6.78,2024-01-06 03:00:00
u0350,sess0000584,A,9.87,2024-01-07 01:00:00
u0358,sess0000585,A,9.3,2024-01-04 16:00:00
u0358,sess0000586,A,13.03,2024-01-04 04:00:00
u0358,sess0000587,A,8.34,2024-01-05 01:00:00
u0358,sess0000588,A,6.94,2024-01-03 07:00:00
u0358,sess0000589,A,6.78,2024-01-06 21:00:00
u0358,sess0000590,A,10.81,2024-01-06 09:00:00
u0358,sess0000591,A,4.87,2024-01-04 16:00:00
u0358,sess0000592,A,8.97,2024-01-01 00:00:00
u0358,sess0000593,A,19.45,2024-01-06 17:00:00
u0359,sess0000594,A,14.2,2024-01-01 18:00:00
u0359,sess0000595,A,16.48,2024-01-05 17:00:00
u0359,sess0000596,A,12.02,2024-01-03 07:00:00
u0359,sess0000597,A,6.43,2024-01-07 22:00:00
u0359,sess0000598,A,11.99,2024-01-07 04:00:00
u0363,sess0000599,A,14.62,2024-01-05 05:00:00
u0363,sess0000600,A,16.39,2024-01-03 21:00:00
u0363,sess0000601,A,10.15,2024-01-04 18:00:00
u0365,sess0000602,A,11.91,2024-01-01 04:00:00
u0365,sess0000603,A,0.0,2024-01-03 08:00:00
u0365,sess0000604,A,3.7,2024-01-04 19:00:00
u0365,sess0000605,A,11.95,2024-01-07 20:00:00
u0365,sess0000606,A,12.18,2024-01-05 15:00:00
u0372,sess0000607,A,14.94,2024-01-05 12:00:00
u0372,sess0000608,A,2.01,2024-01-07 02:00:00
u0372,sess0000609,A,4.02,2024-01-02 12:00:00
u0372,sess0000610,A,0.0,2024-01-02 12:00:00
u0372,sess0000611,A,11.8,2024-01-05 05:00:00
u0372,sess0000612,A,8.48,2024-01-02 17:00:00
u0372,sess0000613,A,14.32,2024-01-02 03:00:00
u0372,sess0000614,A,8.97,2024-01-06 11:00:00
u0374,sess0000615,A,8.48,2024-01-03 00:00:00
u0374,sess0000616,A,12.86,2024-01-02 22:00:00
u0374,sess0000617,A,19.31,2024-01-01 05:00:00
u0374,sess0000618,A,17.02,2024-01-03 04:00:00
u0374,sess0000619,A,13.78,2024-01-05 14:00:00
u0374,sess0000620,A,6.37,2024-01-02 18:00:00
u0374,sess0000621,A,5.4,2024-01-06 12:00:00
u0374,sess0000622,A,14.25,2024-01-01 03:00:00
u0374,sess0000623,A,7.41,2024-01-03 07:00:00
u0376,sess0000624,A,15.71,2024-01-01 02:00:00
u0379,sess0000625,A,17.86,2024-01-07 08:00:00
u0379,sess0000626,A,13.52,2024-01-05 19:00:00
u0379,sess0000627,A,10.92,2024-01-03 17:00:00
u0379,sess0000628,A,16.6,2024-01-01 09:00:00
u0379,sess0000629,A,13.65,2024-01-06 02:00:00
u0383,sess0000630,A,9.68,2024-01-06 16:00:00
u0383,sess0000631,A,12.6,2024-01-01 08:00:00
u0383,sess0000632,A,7.54,2024-01-05 04:00:00
u0383,sess0000633,A,7.08,2024-01-07 08:00:00
u0383,sess0000634,A,14.68,2024-01-05 13:00:00
u0383,sess0000635,A,8.74,2024-01-04 10:00:00
u0385,sess0000636,A,12.92,2024-01-07 14:00:00
u0385,sess0000637,A,21.77,2024-01-03 18:00:00
u0385,sess0000638,A,5.67,2024-01-02 16:00:00
u0385,sess0000639,A,14.67,2024-01-04 08:00:00
u0388,sess0000640,A,20.81,2024-01-02 09:00:00
u0388,sess0000641,A,5.78,2024-01-01 10:00:00
u0388,sess0000642,A,10.31,2024-01-05 15:00:00
u0388,sess0000643,A,15.89,2024-01-02 02:00:00
u0388,sess0000644,A,10.34,2024-01-03 05:00:00
u0388,sess0000645,A,9.61,2024-01-05 18:00:00
u0388,sess0000646,A,21.87,2024-01-07 17:00:00
u0388,sess0000647,A,13.55,2024-01-07 07:00:00
u0389,sess0000648,A,9.67,2024-01-06 08:00:00
u0389,sess0000649,A,13.57,2024-01-04 00:00:00
u0389,sess0000650,A,9.69,2024-01-02 22:00:00
u0389,sess0000651,A,16.68,2024-01-01 09:00:00
u0389,sess0000652,A,6.12,2024-01-04 21:00:00
u0389,sess0000653,A,9.85,2024-01-01 02:00:00
u0389,sess0000654,A,6.74,2024-01-02 21:00:00
u0389,sess0000655,A,13.48,2024-01-07 17:00:00
u0389,sess0000656,A,6.2,2024-01-01 07:00:00
u0395,sess0000657,A,7.48,2024-01-05 17:00:00
u0395,sess0000658,A,0.0,2024-01-04 06:00:00
u0395,sess0000659,A,7.39,2024-01-03 15:00:00
u0395,sess0000660,A,10.4,2024-01-04 22:00:00
u0395,sess0000661,A,9.26,2024-01-06 21:00:00
u0395,sess0000662,A,12.19,2024-01-04 01:00:00
u0395,sess0000663,A,19.17,2024-01-01 14:00:00
u0395,sess0000664,A,11.79,2024-01-01 13:00:00
u0395,sess0000665,A,4.8,2024-01-01 08:00:00
u0397,sess0000666,A,11.65,2024-01-01 19:00:00
u0397,sess0000667,A,2.83,2024-01-03 08:00:00
u0397,sess0000668,A,8.09,2024-01-06 23:00:00
u0397,sess0000669,A,7.34,2024-01-03 18:00:00
u0397,sess0000670,A,14.64,2024-01-01 18:00:00
u0398,sess0000671,A,3.89,2024-01-03 02:00:00
u0398,sess0000672,A,14.32,2024-01-06 05:00:00
u0398,sess0000673,A,12.23,2024-01-02 23:00:00
u0401,sess0000674,A,1.06,2024-01-04 11:00:00
u0401,sess0000675,A,8.8,2024-01-01 10:00:00
u0401,sess0000676,A,8.63,2024-01-01 11:00:00
u0401,sess0000677,A,14.71,2024-01-07 03:00:00
u0401,sess0000678,A,20.74,2024-01-03 05:00:00
u0401,sess0000679,A,6.12,2024-01-05 00:00:00
u0401,sess0000680,A,8.76,2024-01-06 06:00:00
u0401,sess0000681,A,8.73,2024-01-06 10:00:00
u0401,sess0000682,A,13.4,2024-01-06 01:00:00
u0401,sess0000683,A,11.76,2024-01-01 13:00:00
u0403,sess0000684,A,2.45,2024-01-02 23:00:00
u0406,sess0000685,A,4.95,2024-01-06 17:00:00
u0406,sess0000686,A,10.16,2024-01-02 02:00:00
u0406,sess0000687,A,5.73,2024-01-03 22:00:00
u0406,sess0000688,A,19.81,2024-01-04 07:00:00
u0406,sess0000689,A,11.6,2024-01-01 07:00:00
u0406,sess0000690,A,9.45,2024-01-01 01:00:00
u0406,sess0000691,A,2.99,2024-01-06 02:00:00
u0406,sess0000692,A,9.03,2024-01-06 00:00:00
u0406,sess0000693,A,7.88,2024-01-01 01:00:00
u0411,sess0000694,A,7.49,2024-01-05 18:00:00
u0411,sess0000695,A,13.65,2024-01-07 00:00:00
u0411,sess0000696,A,3.73,2024-01-04 01:00:00
u0411,sess0000697,A,7.81,2024-01-02 06:00:00
u0412,sess0000698,A,12.18,2024-01-05 22:00:00
u0412,sess0000699,A,11.29,2024-01-02 00:00:00
u0412,sess0000700,A,8.56,2024-01-07 05:00:00
u0412,sess0000701,A,7.91,2024-01-01 17:00:00
u0412,sess0000702,A,8.56,2024-01-02 20:00:00
u0412,sess0000703,A,17.63,2024-01-07 16:00:00
u0412,sess0000704,A,13.84,2024-01-01 17:00:00
u0412,sess0000705,A,13.79,2024-01-04 05:00:00
u0414,sess0000706,A,8.91,2024-01-07 08:00:00
u0416,sess0000707,A,11.54,2024-01-03 05:00:00
u0416,sess0000708,A,11.94,2024-01-04 14:00:00
u0416,sess0000709,A,8.9,2024-01-03 05:00:00
u0416,sess0000710,A,7.97,2024-01-07 19:00:00
u0416,sess0000711,A,6.58,2024-01-06 11:00:00
u0416,sess0000712,A,12.8,2024-01-04 01:00:00
u0416,sess0000713,A,1.77,2024-01-02 12:00:00
u0419,sess0000714,A,9.94,2024-01-03 18:00:00
u0419,sess0000715,A,14.48,2024-01-06 04:00:00
u0419,sess0000716,A,10.73,2024-01-04 14:00:00
u0419,sess0000717,A,13.5,2024-01-02 19:00:00
u0419,sess0000718,A,10.62,2024-01-07 07:00:00
u0422,sess0000719,A,3.64,2024-01-06 10:00:00
u0422,sess0000720,A,4.93,2024-01-06 05:00:00
u0422,sess0000721,A,22.61,2024-01-06 09:00:00
u0438,sess0000722,A,16.82,2024-01-05 06:00:00
u0439,sess0000723,A,7.05,2024-01-02 12:00:00
u0439,sess0000724,A,2.65,2024-01-01 23:00:00
u0439,sess0000725,A,9.22,2024-01-05 11:00:00
u0439,sess0000726,A,13.17,2024-01-02 15:00:00
u0439,sess0000727,A,12.1,2024-01-05 11:00:00
u0439,sess0000728,A,1.98,2024-01-03 11:00:00
u0439,sess0000729,A,6.96,2024-01-01 05:00:00
u0439,sess0000730,A,10.04,2024-01-01 13:00:00
u0439,sess0000731,A,9.41,2024-01-03 13:00:00
u0440,sess0000732,A,15.31,2024-01-02 02:00:00
u0440,sess0000733,A,7.47,2024-01-04 01:00:00
u0440,sess0000734,A,14.76,2024-01-06 23:00:00
u0440,sess0000735,A,4.54,2024-01-02 20:00:00
u0440,sess0000736,A,16.79,2024-01-04 11:00:00
u0444,sess0000737,A,10.02,2024-01-06 03:00:00
u0444,sess0000738,A,7.38,2024-01-06 02:00:00
u0444,sess0000739,A,5.37,2024-01-01 12:00:00
u0444,sess0000740,A,3.44,2024-01-04 20:00:00
u0444,sess0000741,A,4.8,2024-01-02 08:00:00
u0447,sess0000742,A,8.82,2024-01-02 04:00:00
u0447,sess0000743,A,13.83,2024-01-01 23:00:00
u0447,sess0000744,A,0.31,2024-01-06 21:00:00
u0447,sess0000745,A,18.57,2024-01-03 04:00:00
u0447,sess0000746,A,9.5,2024-01-04 15:00:00
u0447,sess0000747,A,4.92,2024-01-05 23:00:00
u0447,sess0000748,A,9.02,2024-01-04 00:00:00
u0447,sess0000749,A,17.0,2024-01-03 09:00:00
u0448,sess0000750,A,2.75,2024-01-07 15:00:00
u0448,sess0000751,A,10.77,2024-01-03 22:00:00
u0455,sess0000752,A,7.29,2024-01-03 16:00:00
u0455,sess0000753,A,7.61,2024-01-07 19:00:00
u0455,sess0000754,A,9.81,2024-01-05 05:00:00
u0455,sess0000755,A,5.27,2024-01-05 03:00:00
u0455,sess0000756,A,9.33,2024-01-03 16:00:00
u0455,sess0000757,A,7.92,2024-01-05 03:00:00
u0463,sess0000758,A,10.54,2024-01-05 05:00:00
u0463,sess0000759,A,0.96,2024-01-05 12:00:00
u0463,sess0000760,A,12.23,2024-01-04 23:00:00
u0463,sess0000761,A,9.72,2024-01-04 17:00:00
u0463,sess0000762,A,0.73,2024-01-03 18:00:00
u0466,sess0000763,A,8.0,2024-01-04 09:00:00
u0466,sess0000764,A,7.0,2024-01-05 08:00:00
u0466,sess0000765,A,15.49,2024-01-05 18:00:00
u0466,sess0000766,A,0.03,2024-01-02 03:00:00
u0466,sess0000767,A,1.64,2024-01-04 04:00:00
u0466,sess0000768,A,7.64,2024-01-02 17:00:00
u0468,sess0000769,A,5.48,2024-01-05 17:00:00
u0468,sess0000770,A,6.59,2024-01-07 21:00:00
u0468,sess0000771,A,7.86,2024-01-07 11:00:00
u0468,sess0000772,A,6.47,2024-01-06 00:00:00
u0471,sess0000773,A,7.14,2024-01-07 17:00:00
u0471,sess0000774,A,18.36,2024-01-04 21:00:00
u0471,sess0000775,A,8.49,2024-01-06 03:00:00
u0472,sess0000776,A,2.64,2024-01-01 01:00:00
u0472,sess0000777,A,17.34,2024-01-05 01:00:00
u0472,sess0000778,A,6.02,2024-01-01 15:00:00
u0472,sess0000779,A,19.53,2024-01-02 12:00:00
u0472,sess0000780,A,10.55,2024-01-03 23:00:00
u0473,sess0000781,A,16.26,2024-01-01 05:00:00
u0473,sess0000782,A,9.39,2024-01-02 07:00:00
u0473,sess0000783,A,7.96,2024-01-07 06:00:00
u0473,sess0000784,A,14.85,2024-01-03 12:00:00
u0473,sess0000785,A,0.0,2024-01-01 06:00:00
u0473,sess0000786,A,11.55,2024-01-07 05:00:00
u0474,sess0000787,A,10.92,2024-01-06 23:00:00
u0474,sess0000788,A,19.09,2024-01-01 02:00:00
u0474,sess0000789,A,10.11,2024-01-04 21:00:00
u0474,sess0000790,A,6.01,2024-01-01 22:00:00
u0474,sess0000791,A,18.38,2024-01-03 22:00:00
u0474,sess0000792,A,12.8,2024-01-06 10:00:00
u0474,sess0000793,A,13.71,2024-01-05 04:00:00
u0480,sess0000794,A,5.48,2024-01-03 15:00:00
u0480,sess0000795,A,6.9,2024-01-07 14:00:00
u0487,sess0000796,A,7.11,2024-01-02 22:00:00
u0487,sess0000797,A,6.87,2024-01-04 21:00:00
u0487,sess0000798,A,15.26,2024-01-04 10:00:00
u0487,sess0000799,A,4.7,2024-01-02 21:00:00
u0487,sess0000800,A,1.95,2024-01-01 00:00:00
u0487,sess0000801,A,11.46,2024-01-04 08:00:00
u0487,sess0000802,A,10.13,2024-01-01 13:00:00
u0488,sess0000803,A,19.65,2024-01-03 09:00:00
u0488,sess0000804,A,9.49,2024-01-05 07:00:00
u0490,sess0000805,A,16.69,2024-01-05 21:00:00
u0490,sess0000806,A,8.73,2024-01-02 13:00:00
u0490,sess0000807,A,7.48,2024-01-07 07:00:00
u0490,sess0000808,A,6.53,2024-01-03 05:00:00
u0490,sess0000809,A,15.19,2024-01-02 23:00:00
u0490,sess0000810,A,9.0,2024-01-03 00:00:00
u0490,sess0000811,A,2.23,2024-01-02 09:00:00
u0490,sess0000812,A,5.4,2024-01-03 02:00:00
u0493,sess0000813,A,8.2,2024-01-06 15:00:00
u0493,sess0000814,A,14.67,2024-01-06 22:00:00
u0493,sess0000815,A,17.55,2024-01-06 21:00:00
u0493,sess0000816,A,11.91,2024-01-02 13:00:00
u0493,sess0000817,A,13.59,2024-01-05 07:00:00
u0499,sess0000818,A,8.58,2024-01-03 16:00:00
u0499,sess0000819,A,15.49,2024-01-02 07:00:00
u0499,sess0000820,A,7.62,2024-01-02 08:00:00
u0499,sess0000821,A,18.94,2024-01-06 09:00:00
u0499,sess0000822,A,0.29,2024-01-05 02:00:00
u0499,sess0000823,A,9.71,2024-01-05 18:00:00
u0499,sess0000824,A,10.52,2024-01-07 11:00:00
u0499,sess0000825,A,14.49,2024-01-05 04:00:00
u0499,sess0000826,A,11.42,2024-01-06 07:00:00
u0502,sess0000827,A,8.45,2024-01-05 10:00:00
u0502,sess0000828,A,9.14,2024-01-01 20:00:00
u0502,sess0000829,A,10.49,2024-01-01 09:00:00
u0502,sess0000830,A,6.27,2024-01-06 12:00:00
u0502,sess0000831,A,11.27,2024-01-06 13:00:00
u0502,sess0000832,A,15.97,2024-01-03 04:00:00
u0502,sess0000833,A,12.62,2024-01-02 22:00:00
u0505,sess0000834,A,10.65,2024-01-07 14:00:00
u0505,sess0000835,A,10.61,2024-01-07 09:00:00
u0505,sess0000836,A,15.42,2024-01-07 10:00:00
u0505,sess0000837,A,9.97,2024-01-03 13:00:00
u0505,sess0000838,A,12.03,2024-01-07 03:00:00
u0505,sess0000839,A,22.23,2024-01-04 20:00:00
u0505,sess0000840,A,13.62,2024-01-02 05:00:00
u0515,sess0000841,A,8.23,2024-01-02 04:00:00
u0515,sess0000842,A,10.15,2024-01-02 05:00:00
u0515,sess0000843,A,17.12,2024-01-03 02:00:00
u0515,sess0000844,A,9.33,2024-01-06 15:00:00
u0515,sess0000845,A,12.69,2024-01-07 18:00:00
u0515,sess0000846,A,18.93,2024-01-02 11:00:00
u0515,sess0000847,A,7.77,2024-01-03 13:00:00
u0517,sess0000848,A,20.47,2024-01-05 12:00:00
u0517,sess0000849,A,3.6,2024-01-03 15:00:00
u0517,sess0000850,A,4.98,2024-01-03 08:00:00
u0517,sess0000851,A,4.46,2024-01-01 19:00:00
u0517,sess0000852,A,13.77,2024-01-03 05:00:00
u0517,sess0000853,A,5.5,2024-01-06 17:00:00
u0517,sess0000854,A,13.35,2024-01-07 06:00:00
u0519,sess0000855,A,0.0,2024-01-04 01:00:00
u0519,sess0000856,A,5.55,2024-01-01 13:00:00
u0519,sess0000857,A,9.56,2024-01-07 04:00:00
u0520,sess0000858,A,12.33,2024-01-04 23:00:00
u0520,sess0000859,A,8.66,2024-01-04 23:00:00
u0520,sess0000860,A,9.85,2024-01-02 13:00:00
u0520,sess0000861,A,10.63,2024-01-07 17:00:00
u0534,sess0000862,A,3.92,2024-01-05 08:00:00
u0534,sess0000863,A,8.19,2024-01-02 12:00:00
u0534,sess0000864,A,8.01,2024-01-04 09:00:00
u0534,sess0000865,A,6.03,2024-01-07 10:00:00
u0538,sess0000866,A,12.35,2024-01-03 02:00:00
u0538,sess0000867,A,9.51,2024-01-05 09:00:00
u0538,sess0000868,A,6.75,2024-01-03 07:00:00
u0538,sess0000869,A,20.11,2024-01-04 23:00:00
u0538,sess0000870,A,13.7,2024-01-02 19:00:00
u0538,sess0000871,A,3.44,2024-01-04 00:00:00
u0544,sess0000872,A,0.69,2024-01-01 10:00:00
u0544,sess0000873,A,11.53,2024-01-03 09:00:00
u0544,sess0000874,A,9.93,2024-01-06 07:00:00
u0544,sess0000875,A,10.73,2024-01-06 08:00:00
u0544,sess0000876,A,7.86,2024-01-05 05:00:00
u0544,sess0000877,A,12.88,2024-01-01 16:00:00
u0544,sess0000878,A,1.68,2024-01-04 00:00:00
u0544,sess0000879,A,9.21,2024-01-06 01:00:00
u0548,sess0000880,A,3.4,2024-01-03 21:00:00
u0548,sess0000881,A,11.74,2024-01-05 20:00:00
u0548,sess0000882,A,13.59,2024-01-01 02:00:00
u0548,sess0000883,A,8.55,2024-01-03 15:00:00
u0548,sess0000884,A,5.36,2024-01-02 17:00:00
u0548,sess0000885,A,7.07,2024-01-04 18:00:00
u0548,sess0000886,A,10.38,2024-01-06 11:00:00
u0548,sess0000887,A,10.95,2024-01-01 00:00:00
u0548,sess0000888,A,11.39,2024-01-04 02:00:00
u0548,sess0000889,A,16.49,2024-01-06 04:00:00
u0552,sess0000890,A,13.23,2024-01-06 14:00:00
u0552,sess0000891,A,7.05,2024-01-05 19:00:00
u0552,sess0000892,A,8.2,2024-01-06 00:00:00
u0553,sess0000893,A,11.99,2024-01-02 17:00:00
u0553,sess0000894,A,4.16,2024-01-02 10:00:00
u0553,sess0000895,A,4.57,2024-01-04 12:00:00
u0553,sess0000896,A,16.34,2024-01-06 03:00:00
u0553,sess0000897,A,9.97,2024-01-04 23:00:00
u0553,sess0000898,A,5.24,2024-01-06 15:00:00
u0553,sess0000899,A,15.7,2024-01-06 11:00:00
u0555,sess0000900,A,3.18,2024-01-03 03:00:00
u0555,sess0000901,A,13.18,2024-01-01 04:00:00
u0555,sess0000902,A,10.03,2024-01-05 23:00:00
u0555,sess0000903,A,3.02,2024-01-01 23:00:00
u0556,sess0000904,A,4.4,2024-01-04 13:00:00
u0556,sess0000905,A,11.92,2024-01-02 01:00:00
u0556,sess0000906,A,9.33,2024-01-01 02:00:00
u0556,sess0000907,A,8.32,2024-01-03 22:00:00
u0556,sess0000908,A,11.55,2024-01-01 03:00:00
u0556,sess0000909,A,5.12,2024-01-03 21:00:00
u0560,sess0000910,A,14.88,2024-01-03 03:00:00
u0572,sess0000911,A,12.56,2024-01-02 11:00:00
u0572,sess0000912,A,5.83,2024-01-07 09:00:00
u0572,sess0000913,A,15.6,2024-01-04 13:00:00
u0572,sess0000914,A,13.24,2024-01-07 05:00:00
u0572,sess0000915,A,17.97,2024-01-02 20:00:00
u0572,sess0000916,A,4.92,2024-01-06 01:00:00
u0576,sess0000917,A,5.2,2024-01-04 09:00:00
u0576,sess0000918,A,1.22,2024-01-07 00:00:00
u0576,sess0000919,A,4.06,2024-01-04 00:00:00
u0576,sess0000920,A,4.24,2024-01-01 22:00:00
u0576,sess0000921,A,3.82,2024-01-04 13:00:00
u0576,sess0000922,A,11.96,2024-01-02 10:00:00
u0576,sess0000923,A,10.48,2024-01-05 07:00:00
u0576,sess0000924,A,12.74,2024-01-07 20:00:00
u0586,sess0000925,A,4.38,2024-01-03 07:00:00
u0586,sess0000926,A,2.29,2024-01-02 00:00:00
u0586,sess0000927,A,9.3,2024-01-05 05:00:00
u0586,sess0000928,A,11.33,2024-01-06 01:00:00
u0586,sess0000929,A,10.82,2024-01-05 12:00:00
u0586,sess0000930,A,2.66,2024-01-05 07:00:00
u0586,sess0000931,A,11.33,2024-01-03 20:00:00
u0586,sess0000932,A,12.52,2024-01-05 05:00:00
u0592,sess0000933,A,12.48,2024-01-03 00:00:00
u0592,sess0000934,A,4.6,2024-01-04 02:00:00
u0592,sess0000935,A,4.93,2024-01-07 20:00:00
u0592,sess0000936,A,7.0,2024-01-04 23:00:00
u0592,sess0000937,A,7.62,2024-01-06 11:00:00
u0592,sess0000938,A,13.4,2024-01-05 09:00:00
u0592,sess0000939,A,14.0,2024-01-01 08:00:00
u0592,sess0000940,A,3.95,2024-01-05 17:00:00
u0595,sess0000941,A,8.2,2024-01-03 09:00:00
u0595,sess0000942,A,8.71,2024-01-05 04:00:00
u0595,sess0000943,A,12.0,2024-01-03 15:00:00
u0595,sess0000944,A,11.64,2024-01-03 13:00:00
u0595,sess0000945,A,10.29,2024-01-04 21:00:00
u0595,sess0000946,A,0.09,2024-01-04 12:00:00
u0596,sess0000947,A,9.97,2024-01-05 18:00:00
u0596,sess0000948,A,7.07,2024-01-02 11:00:00
u0596,sess0000949,A,7.15,2024-01-03 19:00:00
u0600,sess0000950,A,12.74,2024-01-04 00:00:00
u0600,sess0000951,A,9.89,2024-01-03 21:00:00
u0600,sess0000952,A,10.41,2024-01-03 06:00:00
u0600,sess0000953,A,15.48,2024-01-07 04:00:00
u0600,sess0000954,A,9.2,2024-01-07 05:00:00
u0600,sess0000955,A,13.85,2024-01-06 12:00:00
u0600,sess0000956,A,10.52,2024-01-07 05:00:00
u0600,sess0000957,A,13.28,2024-01-03 04:00:00
u0605,sess0000958,A,8.33,2024-01-06 07:00:00
u0605,sess0000959,A,14.53,2024-01-03 19:00:00
u0605,sess0000960,A,14.17,2024-01-03 13:00:00
u0605,sess0000961,A,9.89,2024-01-03 03:00:00
u0605,sess0000962,A,11.64,2024-01-05 19:00:00
u0605,sess0000963,A,4.87,2024-01-06 09:00:00
u0605,sess0000964,A,10.85,2024-01-01 21:00:00
u0605,sess0000965,A,14.97,2024-01-04 03:00:00
u0605,sess0000966,A,10.08,2024-01-07 07:00:00
u0605,sess0000967,A,12.73,2024-01-03 22:00:00
u0607,sess0000968,A,8.76,2024-01-05 09:00:00
u0607,sess0000969,A,14.91,2024-01-05 16:00:00
u0607,sess0000970,A,7.85,2024-01-02 05:00:00
u0607,sess0000971,A,8.26,2024-01-02 21:00:00
u0611,sess0000972,A,14.97,2024-01-06 09:00:00
u0611,sess0000973,A,14.7,2024-01-04 07:00:00
u0611,sess0000974,A,8.46,2024-01-03 05:00:00
u0611,sess0000975,A,4.56,2024-01-03 12:00:00
u0611,sess0000976,A,2.4,2024-01-07 09:00:00
u0611,sess0000977,A,8.57,2024-01-01 10:00:00
u0611,sess0000978,A,9.64,2024-01-02 16:00:00
u0611,sess0000979,A,13.24,2024-01-07 08:00:00
u0611,sess0000980,A,10.21,2024-01-06 21:00:00
u0620,sess0000981,A,10.35,2024-01-03 17:00:00
u0620,sess0000982,A,4.46,2024-01-03 19:00:00
u0620,sess0000983,A,10.49,2024-01-04 00:00:00
u0620,sess0000984,A,8.7,2024-01-01 05:00:00
u0620,sess0000985,A,5.84,2024-01-01 05:00:00
u0620,sess0000986,A,4.58,2024-01-02 08:00:00
u0620,sess0000987,A,9.1,2024-01-03 15:00:00
u0620,sess0000988,A,14.13,2024-01-04 13:00:00
u0622,sess0000989,A,3.66,2024-01-02 22:00:00
u0622,sess0000990,A,4.8,2024-01-07 14:00:00
u0622,sess0000991,A,0.0,2024-01-01 21:00:00
u0622,sess0000992,A,12.38,2024-01-07 00:00:00
u0622,sess0000993,A,8.52,2024-01-01 12:00:00
u0622,sess0000994,A,13.33,2024-01-01 10:00:00
u0622,sess0000995,A,10.53,2024-01-02 13:00:00
u0622,sess0000996,A,0.0,2024-01-01 00:00:00
u0622,sess0000997,A,17.43,2024-01-06 06:00:00
u0622,sess0000998,A,7.17,2024-01-01 05:00:00
u0623,sess0000999,A,0.0,2024-01-07 05:00:00
u0623,sess0001000,A,9.91,2024-01-02 06:00:00
u0623,sess0001001,A,8.59,2024-01-05 00:00:00
u0623,sess0001002,A,12.19,2024-01-01 00:00:00
u0624,sess0001003,A,2.02,2024-01-04 06:00:00
u0629,sess0001004,A,13.7,2024-01-05 17:00:00
u0629,sess0001005,A,6.91,2024-01-01 23:00:00
u0629,sess0001006,A,13.94,2024-01-07 05:00:00
u0629,sess0001007,A,15.17,2024-01-07 20:00:00
u0629,sess0001008,A,15.78,2024-01-05 19:00:00
u0629,sess0001009,A,10.0,2024-01-04 17:00:00
u0629,sess0001010,A,6.09,2024-01-04 16:00:00
u0629,sess0001011,A,5.96,2024-01-06 22:00:00
u0629,sess0001012,A,8.12,2024-01-01 05:00:00
u0629,sess0001013,A,7.71,2024-01-04 02:00:00
u0636,sess0001014,A,5.0,2024-01-06 09:00:00
u0636,sess0001015,A,10.24,2024-01-03 20:00:00
u0636,sess0001016,A,22.31,2024-01-06 22:00:00
u0636,sess0001017,A,3.36,2024-01-02 05:00:00
u0636,sess0001018,A,14.17,2024-01-03 18:00:00
u0636,sess0001019,A,12.04,2024-01-05 07:00:00
u0636,sess0001020,A,7.48,2024-01-01 04:00:00
u0636,sess0001021,A,2.32,2024-01-06 18:00:00
u0636,sess0001022,A,4.52,2024-01-05 04:00:00
u0636,sess0001023,A,13.85,2024-01-02 23:00:00
u0639,sess0001024,A,22.75,2024-01-06 06:00:00
u0639,sess0001025,A,7.07,2024-01-04 21:00:00
u0639,sess0001026,A,17.32,2024-01-04 09:00:00
u0639,sess0001027,A,15.83,2024-01-03 19:00:00
u0639,sess0001028,A,7.75,2024-01-03 06:00:00
u0639,sess0001029,A,8.79,2024-01-06 13:00:00
u0639,sess0001030,A,7.05,2024-01-05 11:00:00
u0644,sess0001031,A,0.13,2024-01-02 23:00:00
u0651,sess0001032,A,4.28,2024-01-04 18:00:00
u0651,sess0001033,A,10.06,2024-01-01 11:00:00
u0652,sess0001034,A,12.64,2024-01-05 19:00:00
u0652,sess0001035,A,8.22,2024-01-04 22:00:00
u0652,sess0001036,A,4.31,2024-01-02 00:00:00
u0652,sess0001037,A,9.26,2024-01-03 18:00:00
u0652,sess0001038,A,5.57,2024-01-04 12:00:00
u0652,sess0001039,A,8.14,2024-01-02 14:00:00
u0654,sess0001040,A,6.56,2024-01-06 23:00:00
u0654,sess0001041,A,15.39,2024-01-01 19:00:00
u0654,sess0001042,A,5.01,2024-01-05 20:00:00
u0654,sess0001043,A,2.46,2024-01-04 11:00:00
u0654,sess0001044,A,7.9,2024-01-07 03:00:00
u0656,sess0001045,A,10.65,2024-01-07 01:00:00
u0656,sess0001046,A,13.81,2024-01-07 22:00:00
u0656,sess0001047,A,20.66,2024-01-05 03:00:00
u0656,sess0001048,A,17.44,2024-01-01 17:00:00
u0656,sess0001049,A,0.0,2024-01-07 22:00:00
u0656,sess0001050,A,1.17,2024-01-02 13:00:00
u0656,sess0001051,A,12.65,2024-01-05 07:00:00
u0657,sess0001052,A,2.21,2024-01-01 12:00:00
u0657,sess0001053,A,12.55,2024-01-02 18:00:00
u0657,sess0001054,A,7.14,2024-01-06 11:00:00
u0657,sess0001055,A,20.76,2024-01-02 19:00:00
u0657,sess0001056,A,18.93,2024-01-01 15:00:00
u0657,sess0001057,A,6.5,2024-01-06 02:00:00
u0659,sess0001058,A,11.61,2024-01-03 09:00:00
u0659,sess0001059,A,13.51,2024-01-05 23:00:00
u0659,sess0001060,A,16.69,2024-01-02 10:00:00
u0659,sess0001061,A,8.46,2024-01-07 13:00:00
u0659,sess0001062,A,4.25,2024-01-02 19:00:00
u0659,sess0001063,A,9.87,2024-01-04 06:00:00
u0660,sess0001064,A,12.28,2024-01-04 13:00:00
u0660,sess0001065,A,2.44,2024-01-06 03:00:00
u0660,sess0001066,A,7.78,2024-01-02 05:00:00
u0662,sess0001067,A,12.28,2024-01-02 17:00:00
u0662,sess0001068,A,0.0,2024-01-04 16:00:00
u0662,sess0001069,A,0.0,2024-01-04 21:00:00
u0662,sess0001070,A,11.57,2024-01-07 22:00:00
u0662,sess0001071,A,4.66,2024-01-07 20:00:00
u0662,sess0001072,A,8.19,2024-01-06 14:00:00
u0662,sess0001073,A,9.23,2024-01-06 15:00:00
u0662,sess0001074,A,12.09,2024-01-01 10:00:00
u0662,sess0001075,A,12.32,2024-01-05 02:00:00
u0669,sess0001076,A,15.75,2024-01-06 18:00:00
u0669,sess0001077,A,4.04,2024-01-04 15:00:00
u0669,sess0001078,A,9.15,2024-01-01 21:00:00
u0669,sess0001079,A,5.04,2024-01-02 21:00:00
u0669,sess0001080,A,7.26,2024-01-06 13:00:00
u0669,sess0001081,A,7.31,2024-01-06 18:00:00
u0669,sess0001082,A,7.83,2024-01-05 13:00:00
u0669,sess0001083,A,6.15,2024-01-06 02:00:00
u0669,sess0001084,A,12.58,2024-01-04 13:00:00
u0669,sess0001085,A,12.57,2024-01-07 19:00:00
u0670,sess0001086,A,3.24,2024-01-02 02:00:00
u0670,sess0001087,A,3.32,2024-01-02 11:00:00
u0670,sess0001088,A,2.46,2024-01-04 12:00:00
u0670,sess0001089,A,11.54,2024-01-02 10:00:00
u0670,sess0001090,A,20.71,2024-01-07 19:00:00
u0670,sess0001091,A,4.78,2024-01-07 16:00:00
u0670,sess0001092,A,15.12,2024-01-01 22:00:00
u0670,sess0001093,A,7.69,2024-01-03 10:00:00
u0670,sess0001094,A,2.75,2024-01-07 08:00:00
u0670,sess0001095,A,10.55,2024-01-07 21:00:00
u0672,sess0001096,A,2.87,2024-01-04 15:00:00
u0672,sess0001097,A,2.17,2024-01-02 11:00:00
u0681,sess0001098,A,10.76,2024-01-05 02:00:00
u0681,sess0001099,A,0.74,2024-01-02 20:00:00
u0681,sess0001100,A,14.09,2024-01-07 09:00:00
u0685,sess0001101,A,4.18,2024-01-04 12:00:00
u0685,sess0001102,A,14.13,2024-01-02 20:00:00
u0685,sess0001103,A,6.73,2024-01-02 15:00:00
u0685,sess0001104,A,7.72,2024-01-02 16:00:00
u0685,sess0001105,A,18.72,2024-01-05 03:00:00
u0685,sess0001106,A,9.69,2024-01-07 19:00:00
u0685,sess0001107,A,6.53,2024-01-02 05:00:00
u0685,sess0001108,A,7.76,2024-01-01 09:00:00
u0685,sess0001109,A,8.94,2024-01-02 11:00:00
u0690,sess0001110,A,5.88,2024-01-03 05:00:00
u0690,sess0001111,A,15.27,2024-01-04 16:00:00
u0690,sess0001112,A,7.53,2024-01-03 15:00:00
u0690,sess0001113,A,13.94,2024-01-07 08:00:00
u0690,sess0001114,A,7.6,2024-01-04 08:00:00
u0690,sess0001115,A,15.22,2024-01-04 03:00:00
u0690,sess0001116,A,11.39,2024-01-06 23:00:00
u0690,sess0001117,A,7.93,2024-01-03 06:00:00
u0690,sess0001118,A,5.74,2024-01-04 22:00:00
u0690,sess0001119,A,10.28,2024-01-01 20:00:00
u0691,sess0001120,A,24.04,2024-01-03 17:00:00
u0691,sess0001121,A,4.36,2024-01-06 11:00:00
u0691,sess0001122,A,11.99,2024-01-02 18:00:00
u0691,sess0001123,A,7.0,2024-01-03 02:00:00
u0691,sess0001124,A,12.15,2024-01-03 07:00:00
u0691,sess0001125,A,7.1,2024-01-03 10:00:00
u0691,sess0001126,A,7.71,2024-01-06 09:00:00
u0691,sess0001127,A,11.44,2024-01-05 21:00:00
u0691,sess0001128,A,12.65,2024-01-06 07:00:00
u0691,sess0001129,A,17.43,2024-01-04 08:00:00
u0701,sess0001130,A,14.46,2024-01-06 02:00:00
u0701,sess0001131,A,9.94,2024-01-07 17:00:00
u0701,sess0001132,A,16.84,2024-01-05 01:00:00
u0701,sess0001133,A,6.57,2024-01-07 16:00:00
u0701,sess0001134,A,12.63,2024-01-03 19:00:00
u0701,sess0001135,A,6.42,2024-01-01 17:00:00
u0701,sess0001136,A,11.09,2024-01-05 16:00:00
u0701,sess0001137,A,12.02,2024-01-05 10:00:00
u0704,sess0001138,A,0.0,2024-01-07 03:00:00
u0705,sess0001139,A,6.04,2024-01-04 08:00:00
u0705,sess0001140,A,16.95,2024-01-05 09:00:00
u0705,sess0001141,A,6.44,2024-01-04 18:00:00
u0705,sess0001142,A,4.05,2024-01-07 05:00:00
u0705,sess0001143,A,8.07,2024-01-06 04:00:00
u0705,sess0001144,A,13.42,2024-01-01 13:00:00
u0705,sess0001145,A,9.39,2024-01-06 10:00:00
u0705,sess0001146,A,2.76,2024-01-06 12:00:00
u0705,sess0001147,A,12.4,2024-01-05 09:00:00
u0705,sess0001148,A,3.55,2024-01-03 05:00:00
u0711,sess0001149,A,16.11,2024-01-06 23:00:00
u0715,sess0001150,A,0.97,2024-01-05 07:00:00
u0715,sess0001151,A,13.13,2024-01-06 18:00:00
u0715,sess0001152,A,5.85,2024-01-02 09:00:00
u0715,sess0001153,A,9.26,2024-01-03 21:00:00
u0720,sess0001154,A,11.32,2024-01-05 18:00:00
u0720,sess0001155,A,7.41,2024-01-07 05:00:00
u0720,sess0001156,A,1.07,2024-01-02 11:00:00
u0720,sess0001157,A,17.11,2024-01-04 20:00:00
u0720,sess0001158,A,2.59,2024-01-01 04:00:00
u0723,sess0001159,A,9.46,2024-01-05 01:00:00
u0723,sess0001160,A,17.03,2024-01-01 11:00:00
u0723,sess0001161,A,22.26,2024-01-02 04:00:00
u0723,sess0001162,A,15.19,2024-01-05 12:00:00
u0723,sess0001163,A,14.77,2024-01-06 12:00:00
u0723,sess0001164,A,11.84,2024-01-03 03:00:00
u0723,sess0001165,A,25.48,2024-01-06 22:00:00
u0723,sess0001166,A,10.14,2024-01-04 06:00:00
u0724,sess0001167,A,16.46,2024-01-05 10:00:00
u0724,sess0001168,A,24.42,2024-01-06 20:00:00
u0724,sess0001169,A,10.65,2024-01-01 11:00:00
u0724,sess0001170,A,2.48,2024-01-01 12:00:00
u0725,sess0001171,A,7.22,2024-01-02 18:00:00
u0727,sess0001172,A,12.59,2024-01-04 01:00:00
u0734,sess0001173,A,3.94,2024-01-05 04:00:00
u0734,sess0001174,A,9.81,2024-01-07 17:00:00
u0734,sess0001175,A,10.23,2024-01-05 14:00:00
u0734,sess0001176,A,14.72,2024-01-07 15:00:00
u0734,sess0001177,A,13.93,2024-01-01 16:00:00
u0734,sess0001178,A,16.07,2024-01-04 13:00:00
u0734,sess0001179,A,7.07,2024-01-07 11:00:00
u0747,sess0001180,A,13.13,2024-01-04 04:00:00
u0747,sess0001181,A,13.94,2024-01-01 18:00:00
u0747,sess0001182,A,6.07,2024-01-03 10:00:00
u0747,sess0001183,A,11.46,2024-01-06 17:00:00
u0747,sess0001184,A,13.86,2024-01-02 03:00:00
u0747,sess0001185,A,0.0,2024-01-06 05:00:00
u0748,sess0001186,A,14.61,2024-01-04 10:00:00
u0748,sess0001187,A,9.15,2024-01-06 00:00:00
u0748,sess0001188,A,14.18,2024-01-05 10:00:00
u0748,sess0001189,A,17.02,2024-01-07 09:00:00
u0748,sess0001190,A,5.3,2024-01-05 10:00:00
u0751,sess0001191,A,3.02,2024-01-03 21:00:00
u0751,sess0001192,A,5.43,2024-01-02 06:00:00
u0751,sess0001193,A,10.89,2024-01-04 08:00:00
u0751,sess0001194,A,3.87,2024-01-03 11:00:00
u0751,sess0001195,A,19.97,2024-01-02 23:00:00
u0751,sess0001196,A,10.77,2024-01-07 07:00:00
u0751,sess0001197,A,5.01,2024-01-07 12:00:00
u0756,sess0001198,A,16.26,2024-01-01 09:00:00
u0756,sess0001199,A,7.92,2024-01-07 01:00:00
u0756,sess0001200,A,8.96,2024-01-05 21:00:00
u0756,sess0001201,A,19.28,2024-01-04 08:00:00
u0756,sess0001202,A,11.89,2024-01-05 03:00:00
u0756,sess0001203,A,11.56,2024-01-07 11:00:00
u0756,sess0001204,A,11.19,2024-01-05 00:00:00
u0756,sess0001205,A,11.01,2024-01-05 19:00:00
u0756,sess0001206,A,3.63,2024-01-03 09:00:00
u0756,sess0001207,A,8.8,2024-01-06 16:00:00
u0757,sess0001208,A,13.84,2024-01-05 08:00:00
u0757,sess0001209,A,10.18,2024-01-03 00:00:00
u0757,sess0001210,A,6.38,2024-01-06 23:00:00
u0757,sess0001211,A,2.82,2024-01-06 05:00:00
u0757,sess0001212,A,10.67,2024-01-05 01:00:00
u0757,sess0001213,A,5.85,2024-01-06 15:00:00
u0757,sess0001214,A,10.11,2024-01-02 03:00:00
u0759,sess0001215,A,20.99,2024-01-03 13:00:00
u0759,sess0001216,A,16.01,2024-01-05 10:00:00
u0759,sess0001217,A,12.52,2024-01-05 02:00:00
u0759,sess0001218,A,13.84,2024-01-03 06:00:00
u0759,sess0001219,A,15.49,2024-01-05 20:00:00
u0759,sess0001220,A,5.67,2024-01-05 11:00:00
u0761,sess0001221,A,6.47,2024-01-06 20:00:00
u0761,sess0001222,A,8.96,2024-01-01 15:00:00
u0765,sess0001223,A,13.26,2024-01-03 09:00:00
u0765,sess0001224,A,10.22,2024-01-02 23:00:00
u0765,sess0001225,A,10.15,2024-01-01 13:00:00
u0765,sess0001226,A,10.33,2024-01-05 06:00:00
u0765,sess0001227,A,7.28,2024-01-05 06:00:00
u0765,sess0001228,A,14.13,2024-01-05 05:00:00
u0765,sess0001229,A,14.53,2024-01-03 07:00:00
u0766,sess0001230,A,8.74,2024-01-04 18:00:00
u0766,sess0001231,A,6.26,2024-01-05 06:00:00
u0766,sess0001232,A,10.5,2024-01-05 15:00:00
u0766,sess0001233,A,16.66,2024-01-04 11:00:00
u0773,sess0001234,A,11.45,2024-01-07 11:00:00
u0773,sess0001235,A,9.29,2024-01-06 23:00:00
u0773,sess0001236,A,5.72,2024-01-05 00:00:00
u0773,sess0001237,A,10.14,2024-01-04 11:00:00
u0773,sess0001238,A,1.57,2024-01-07 12:00:00
u0773,sess0001239,A,15.06,2024-01-03 11:00:00
u0773,sess0001240,A,21.67,2024-01-03 17:00:00
u0773,sess0001241,A,14.3,2024-01-03 22:00:00
u0773,sess0001242,A,11.78,2024-01-04 01:00:00
u0773,sess0001243,A,12.44,2024-01-02 06:00:00
u0775,sess0001244,A,21.92,2024-01-01 21:00:00
u0775,sess0001245,A,16.0,2024-01-06 15:00:00
u0775,sess0001246,A,2.32,2024-01-05 01:00:00
u0775,sess0001247,A,12.87,2024-01-02 03:00:00
u0783,sess0001248,A,9.09,2024-01-04 04:00:00
u0783,sess0001249,A,6.1,2024-01-01 17:00:00
u0784,sess0001250,A,7.56,2024-01-03 01:00:00
u0784,sess0001251,A,7.2,2024-01-01 20:00:00
u0784,sess0001252,A,9.12,2024-01-04 03:00:00
u0784,sess0001253,A,10.09,2024-01-04 02:00:00
u0784,sess0001254,A,7.15,2024-01-05 13:00:00
u0784,sess0001255,A,0.18,2024-01-06 23:00:00
u0784,sess0001256,A,7.12,2024-01-06 18:00:00
u0784,sess0001257,A,12.56,2024-01-04 14:00:00
u0784,sess0001258,A,15.11,2024-01-05 22:00:00
u0784,sess0001259,A,14.74,2024-01-04 09:00:00
u0786,sess0001260,A,9.62,2024-01-06 15:00:00
u0786,sess0001261,A,7.39,2024-01-05 19:00:00
u0786,sess0001262,A,6.26,2024-01-06 10:00:00
u0786,sess0001263,A,5.06,2024-01-02 11:00:00
u0790,sess0001264,A,7.67,2024-01-04 13:00:00
u0790,sess0001265,A,1.98,2024-01-06 09:00:00
u0790,sess0001266,A,8.52,2024-01-07 17:00:00
u0790,sess0001267,A,18.8,2024-01-03 19:00:00
u0790,sess0001268,A,10.58,2024-01-01 13:00:00
u0794,sess0001269,A,8.26,2024-01-05 18:00:00
u0794,sess0001270,A,0.0,2024-01-05 15:00:00
u0794,sess0001271,A,11.9,2024-01-03 12:00:00
u0794,sess0001272,A,16.02,2024-01-04 12:00:00
u0794,sess0001273,A,16.28,2024-01-04 12:00:00
u0794,sess0001274,A,12.8,2024-01-03 01:00:00
u0794,sess0001275,A,3.78,2024-01-02 14:00:00
u0795,sess0001276,A,9.47,2024-01-06 12:00:00
u0795,sess0001277,A,16.9,2024-01-05 06:00:00
u0795,sess0001278,A,12.8,2024-01-07 18:00:00
u0802,sess0001279,A,15.03,2024-01-03 11:00:00
u0802,sess0001280,A,12.49,2024-01-01 23:00:00
u0802,sess0001281,A,12.87,2024-01-04 22:00:00
u0802,sess0001282,A,3.49,2024-01-04 10:00:00
u0802,sess0001283,A,10.08,2024-01-05 12:00:00
u0802,sess0001284,A,5.07,2024-01-03 10:00:00
u0802,sess0001285,A,0.0,2024-01-06 18:00:00
u0802,sess0001286,A,9.63,2024-01-04 05:00:00
u0803,sess0001287,A,8.45,2024-01-06 03:00:00
u0803,sess0001288,A,11.85,2024-01-02 09:00:00
u0803,sess0001289,A,7.7,2024-01-07 11:00:00
u0803,sess0001290,A,13.93,2024-01-01 17:00:00
u0803,sess0001291,A,4.74,2024-01-05 01:00:00
u0803,sess0001292,A,5.11,2024-01-02 20:00:00
u0803,sess0001293,A,9.74,2024-01-05 17:00:00
u0803,sess0001294,A,6.14,2024-01-01 20:00:00
u0803,sess0001295,A,11.81,2024-01-06 22:00:00
u0803,sess0001296,A,10.6,2024-01-03 06:00:00
u0806,sess0001297,A,21.77,2024-01-07 16:00:00
u0806,sess0001298,A,14.89,2024-01-03 13:00:00
u0806,sess0001299,A,11.48,2024-01-02 09:00:00
u0806,sess0001300,A,20.41,2024-01-01 09:00:00
u0806,sess0001301,A,11.84,2024-01-01 02:00:00
u0807,sess0001302,A,10.92,2024-01-07 16:00:00
u0807,sess0001303,A,10.05,2024-01-04 01:00:00
u0807,sess0001304,A,12.12,2024-01-04 06:00:00
u0807,sess0001305,A,6.88,2024-01-05 23:00:00
u0807,sess0001306,A,8.62,2024-01-05 22:00:00
u0810,sess0001307,A,5.45,2024-01-01 16:00:00
u0810,sess0001308,A,14.97,2024-01-04 23:00:00
u0810,sess0001309,A,14.24,2024-01-01 04:00:00
u0810,sess0001310,A,7.81,2024-01-02 22:00:00
u0810,sess0001311,A,10.95,2024-01-06 19:00:00
u0810,sess0001312,A,0.0,2024-01-04 21:00:00
u0810,sess0001313,A,14.67,2024-01-03 00:00:00
u0810,sess0001314,A,7.84,2024-01-04 13:00:00
u0810,sess0001315,A,11.3,2024-01-06 13:00:00
u0813,sess0001316,A,2.12,2024-01-06 01:00:00
u0813,sess0001317,A,3.55,2024-01-07 05:00:00
u0813,sess0001318,A,17.6,2024-01-05 20:00:00
u0813,sess0001319,A,13.28,2024-01-05 12:00:00
u0813,sess0001320,A,5.08,2024-01-05 00:00:00
u0818,sess0001321,A,8.92,2024-01-05 11:00:00
u0818,sess0001322,A,8.22,2024-01-05 17:00:00
u0819,sess0001323,A,5.75,2024-01-02 21:00:00
u0819,sess0001324,A,10.76,2024-01-05 08:00:00
u0819,sess0001325,A,0.0,2024-01-03 12:00:00
u0819,sess0001326,A,8.04,2024-01-06 20:00:00
u0819,sess0001327,A,10.78,2024-01-06 05:00:00
u0819,sess0001328,A,11.53,2024-01-03 12:00:00
u0819,sess0001329,A,13.49,2024-01-06 00:00:00
u0819,sess0001330,A,4.46,2024-01-02 23:00:00
u0819,sess0001331,A,12.52,2024-01-02 21:00:00
u0824,sess0001332,A,10.43,2024-01-03 05:00:00
u0824,sess0001333,A,7.98,2024-01-04 11:00:00
u0824,sess0001334,A,14.85,2024-01-06 14:00:00
u0828,sess0001335,A,2.23,2024-01-04 20:00:00
u0828,sess0001336,A,15.02,2024-01-05 19:00:00
u0830,sess0001337,A,15.36,2024-01-07 18:00:00
u0830,sess0001338,A,7.55,2024-01-02 12:00:00
u0830,sess0001339,A,9.57,2024-01-02 17:00:00
u0831,sess0001340,A,14.2,2024-01-03 12:00:00
u0831,sess0001341,A,17.19,2024-01-04 11:00:00
u0831,sess0001342,A,13.7,2024-01-04 20:00:00
u0831,sess0001343,A,16.6,2024-01-06 00:00:00
u0831,sess0001344,A,10.52,2024-01-01 02:00:00
u0831,sess0001345,A,9.54,2024-01-04 10:00:00
u0831,sess0001346,A,12.76,2024-01-01 16:00:00
u0831,sess0001347,A,17.04,2024-01-02 15:00:00
u0831,sess0001348,A,10.74,2024-01-04 00:00:00
u0831,sess0001349,A,6.44,2024-01-03 17:00:00
u0834,sess0001350,A,4.23,2024-01-06 03:00:00
u0834,sess0001351,A,11.4,2024-01-07 14:00:00
u0834,sess0001352,A,11.33,2024-01-04 19:00:00
u0834,sess0001353,A,6.88,2024-01-03 11:00:00
u0834,sess0001354,A,8.91,2024-01-04 21:00:00
u0834,sess0001355,A,12.15,2024-01-06 23:00:00
u0834,sess0001356,A,11.18,2024-01-05 01:00:00
u0834,sess0001357,A,12.66,2024-01-03 02:00:00
u0834,sess0001358,A,13.56,2024-01-01 23:00:00
u0834,sess0001359,A,14.42,2024-01-04 00:00:00
u0835,sess0001360,A,9.2,2024-01-07 02:00:00
u0835,sess0001361,A,6.19,2024-01-03 14:00:00
u0835,sess0001362,A,9.07,2024-01-07 09:00:00
u0835,sess0001363,A,1.32,2024-01-03 07:00:00
u0835,sess0001364,A,11.69,2024-01-02 15:00:00
u0835,sess0001365,A,3.61,2024-01-06 08:00:00
u0835,sess0001366,A,10.53,2024-01-01 23:00:00
u0838,sess0001367,A,13.4,2024-01-06 14:00:00
u0838,sess0001368,A,14.79,2024-01-04 02:00:00
u0838,sess0001369,A,13.55,2024-01-04 07:00:00
u0838,sess0001370,A,0.56,2024-01-04 15:00:00
u0838,sess0001371,A,9.17,2024-01-05 15:00:00
u0838,sess0001372,A,7.1,2024-01-04 11:00:00
u0838,sess0001373,A,18.91,2024-01-01 20:00:00
u0838,sess0001374,A,12.83,2024-01-02 12:00:00
u0839,sess0001375,A,9.25,2024-01-02 07:00:00
u0839,sess0001376,A,5.13,2024-01-04 07:00:00
u0839,sess0001377,A,7.76,2024-01-06 10:00:00
u0839,sess0001378,A,6.19,2024-01-05 05:00:00
u0839,sess0001379,A,1.16,2024-01-07 02:00:00
u0839,sess0001380,A,13.25,2024-01-06 09:00:00
u0839,sess0001381,A,5.64,2024-01-05 12:00:00
u0839,sess0001382,A,17.01,2024-01-02 02:00:00
u0839,sess0001383,A,17.65,2024-01-01 16:00:00
u0843,sess0001384,A,14.47,2024-01-04 11:00:00
u0843,sess0001385,A,4.85,2024-01-06 06:00:00
u0843,sess0001386,A,11.89,2024-01-05 05:00:00
u0843,sess0001387,A,7.42,2024-01-05 00:00:00
u0843,sess0001388,A,1.84,2024-01-06 13:00:00
u0843,sess0001389,A,18.36,2024-01-01 01:00:00
u0843,sess0001390,A,4.99,2024-01-03 02:00:00
u0843,sess0001391,A,15.4,2024-01-06 07:00:00
u0843,sess0001392,A,6.14,2024-01-01 01:00:00
u0843,sess0001393,A,13.02,2024-01-01 22:00:00
u0849,sess0001394,A,4.92,2024-01-03 05:00:00
u0849,sess0001395,A,5.17,2024-01-05 18:00:00
u0849,sess0001396,A,6.91,2024-01-07 04:00:00
u0849,sess0001397,A,9.5,2024-01-03 20:00:00
u0849,sess0001398,A,8.92,2024-01-03 09:00:00
u0849,sess0001399,A,8.82,2024-01-04 05:00:00
u0850,sess0001400,A,5.26,2024-01-06 01:00:00
u0850,sess0001401,A,8.89,2024-01-07 01:00:00
u0850,sess0001402,A,11.47,2024-01-07 18:00:00
u0850,sess0001403,A,9.4,2024-01-07 20:00:00
u0850,sess0001404,A,12.25,2024-01-01 20:00:00
u0851,sess0001405,A,9.32,2024-01-01 00:00:00
u0851,sess0001406,A,15.16,2024-01-06 20:00:00
u0851,sess0001407,A,5.12,2024-01-01 06:00:00
u0851,sess0001408,A,8.35,2024-01-03 02:00:00
u0851,sess0001409,A,9.21,2024-01-05 11:00:00
u0851,sess0001410,A,15.26,2024-01-03 06:00:00
u0851,sess0001411,A,10.19,2024-01-02 05:00:00
u0858,sess0001412,A,7.55,2024-01-03 17:00:00
u0858,sess0001413,A,11.17,2024-01-05 09:00:00
u0858,sess0001414,A,3.79,2024-01-05 06:00:00
u0858,sess0001415,A,10.64,2024-01-05 10:00:00
u0858,sess0001416,A,12.77,2024-01-04 23:00:00
u0858,sess0001417,A,11.85,2024-01-01 16:00:00
u0858,sess0001418,A,11.62,2024-01-01 14:00:00
u0862,sess0001419,A,12.15,2024-01-04 01:00:00
u0862,sess0001420,A,18.49,2024-01-04 08:00:00
u0862,sess0001421,A,6.71,2024-01-02 05:00:00
u0862,sess0001422,A,7.65,2024-01-01 09:00:00
u0862,sess0001423,A,5.62,2024-01-02 14:00:00
u0869,sess0001424,A,14.29,2024-01-02 12:00:00
u0869,sess0001425,A,15.1,2024-01-07 21:00:00
u0869,sess0001426,A,9.89,2024-01-01 13:00:00
u0869,sess0001427,A,10.44,2024-01-02 18:00:00
u0869,sess0001428,A,0.0,2024-01-06 10:00:00
u0869,sess0001429,A,12.91,2024-01-03 16:00:00
u0869,sess0001430,A,3.76,2024-01-04 06:00:00
u0869,sess0001431,A,17.08,2024-01-04 02:00:00
u0869,sess0001432,A,6.88,2024-01-07 06:00:00
u0870,sess0001433,A,12.63,2024-01-05 06:00:00
u0870,sess0001434,A,15.79,2024-01-01 16:00:00
u0872,sess0001435,A,11.86,2024-01-03 03:00:00
u0872,sess0001436,A,3.48,2024-01-05 14:00:00
u0872,sess0001437,A,1.02,2024-01-02 21:00:00
u0872,sess0001438,A,16.08,2024-01-02 23:00:00
u0879,sess0001439,A,18.39,2024-01-05 12:00:00
u0879,sess0001440,A,10.54,2024-01-02 17:00:00
u0879,sess0001441,A,7.97,2024-01-04 03:00:00
u0879,sess0001442,A,17.89,2024-01-02 05:00:00
u0879,sess0001443,A,6.83,2024-01-03 05:00:00
u0879,sess0001444,A,15.28,2024-01-05 13:00:00
u0879,sess0001445,A,3.41,2024-01-07 23:00:00
u0881,sess0001446,A,13.05,2024-01-05 07:00:00
u0881,sess0001447,A,0.0,2024-01-06 17:00:00
u0881,sess0001448,A,19.26,2024-01-03 01:00:00
u0881,sess0001449,A,12.36,2024-01-07 14:00:00
u0881,sess0001450,A,8.42,2024-01-04 11:00:00
u0883,sess0001451,A,8.37,2024-01-06 03:00:00
u0883,sess0001452,A,5.41,2024-01-01 14:00:00
u0888,sess0001453,A,13.32,2024-01-02 20:00:00
u0888,sess0001454,A,17.75,2024-01-04 21:00:00
u0888,sess0001455,A,13.99,2024-01-05 04:00:00
u0888,sess0001456,A,8.49,2024-01-01 06:00:00
u0888,sess0001457,A,10.88,2024-01-03 11:00:00
u0888,sess0001458,A,12.55,2024-01-01 00:00:00
u0888,sess0001459,A,9.95,2024-01-05 11:00:00
u0891,sess0001460,A,18.93,2024-01-06 14:00:00
u0891,sess0001461,A,8.93,2024-01-06 17:00:00
u0891,sess0001462,A,14.33,2024-01-03 10:00:00
u0891,sess0001463,A,5.58,2024-01-05 01:00:00
u0891,sess0001464,A,11.44,2024-01-01 07:00:00
u0892,sess0001465,A,8.86,2024-01-05 17:00:00
u0892,sess0001466,A,20.45,2024-01-04 15:00:00
u0892,sess0001467,A,13.48,2024-01-06 23:00:00
u0892,sess0001468,A,17.36,2024-01-05 04:00:00
u0892,sess0001469,A,5.93,2024-01-06 06:00:00
u0892,sess0001470,A,6.79,2024-01-02 21:00:00
u0897,sess0001471,A,14.54,2024-01-03 20:00:00
u0897,sess0001472,A,15.45,2024-01-03 14:00:00
u0897,sess0001473,A,8.14,2024-01-04 00:00:00
u0900,sess0001474,A,1.87,2024-01-02 19:00:00
u0900,sess0001475,A,19.59,2024-01-05 21:00:00
u0900,sess0001476,A,1.22,2024-01-01 09:00:00
u0900,sess0001477,A,13.58,2024-01-02 12:00:00
u0900,sess0001478,A,14.56,2024-01-03 03:00:00
u0900,sess0001479,A,7.6,2024-01-06 13:00:00
u0900,sess0001480,A,6.43,2024-01-05 04:00:00
u0900,sess0001481,A,13.34,2024-01-04 08:00:00
u0900,sess0001482,A,7.02,2024-01-01 04:00:00
u0903,sess0001483,A,2.63,2024-01-07 04:00:00
u0903,sess0001484,A,11.76,2024-01-02 17:00:00
u0903,sess0001485,A,6.51,2024-01-06 11:00:00
u0903,sess0001486,A,3.32,2024-01-05 06:00:00
u0903,sess0001487,A,12.17,2024-01-01 00:00:00
u0903,sess0001488,A,15.21,2024-01-03 04:00:00
u0903,sess0001489,A,5.6,2024-01-05 22:00:00
u0903,sess0001490,A,7.99,2024-01-04 13:00:00
u0903,sess0001491,A,10.62,2024-01-03 22:00:00
u0906,sess0001492,A,7.07,2024-01-05 20:00:00
u0906,sess0001493,A,12.95,2024-01-06 09:00:00
u0906,sess0001494,A,16.55,2024-01-01 06:00:00
u0906,sess0001495,A,6.48,2024-01-01 08:00:00
u0906,sess0001496,A,13.71,2024-01-02 02:00:00
u0906,sess0001497,A,7.78,2024-01-04 13:00:00
u0910,sess0001498,A,16.84,2024-01-06 09:00:00
u0910,sess0001499,A,5.19,2024-01-01 19:00:00
u0910,sess0001500,A,9.22,2024-01-06 05:00:00
u0910,sess0001501,A,13.77,2024-01-03 14:00:00
u0910,sess0001502,A,13.62,2024-01-04 16:00:00
u0910,sess0001503,A,9.54,2024-01-04 19:00:00
u0910,sess0001504,A,0.66,2024-01-04 03:00:00
u0910,sess0001505,A,1.91,2024-01-06 12:00:00
u0912,sess0001506,A,9.1,2024-01-06 18:00:00
u0912,sess0001507,A,7.61,2024-01-05 11:00:00
u0912,sess0001508,A,7.02,2024-01-07 02:00:00
u0912,sess0001509,A,0.0,2024-01-07 15:00:00
u0912,sess0001510,A,13.5,2024-01-02 21:00:00
u0912,sess0001511,A,5.38,2024-01-04 23:00:00
u0912,sess0001512,A,11.84,2024-01-01 17:00:00
u0912,sess0001513,A,11.93,2024-01-02 21:00:00
u0912,sess0001514,A,13.11,2024-01-02 13:00:00
u0912,sess0001515,A,7.9,2024-01-05 10:00:00
u0914,sess0001516,A,10.45,2024-01-07 03:00:00
u0914,sess0001517,A,13.06,2024-01-02 07:00:00
u0915,sess0001518,A,13.75,2024-01-06 05:00:00
u0915,sess0001519,A,9.91,2024-01-05 23:00:00
u0915,sess0001520,A,12.98,2024-01-01 17:00:00
u0915,sess0001521,A,0.0,2024-01-04 09:00:00
u0919,sess0001522,A,0.0,2024-01-06 23:00:00
u0919,sess0001523,A,7.52,2024-01-07 22:00:00
u0919,sess0001524,A,19.45,2024-01-02 08:00:00
u0919,sess0001525,A,0.0,2024-01-05 22:00:00
u0919,sess0001526,A,14.36,2024-01-03 23:00:00
u0919,sess0001527,A,13.33,2024-01-04 23:00:00
u0919,sess0001528,A,10.2,2024-01-03 04:00:00
u0919,sess0001529,A,9.19,2024-01-03 11:00:00
u0919,sess0001530,A,6.83,2024-01-03 02:00:00
u0924,sess0001531,A,12.91,2024-01-07 23:00:00
u0924,sess0001532,A,3.34,2024-01-01 06:00:00
u0924,sess0001533,A,8.41,2024-01-01 18:00:00
u0924,sess0001534,A,9.74,2024-01-06 22:00:00
u0924,sess0001535,A,9.16,2024-01-04 07:00:00
u0926,sess0001536,A,9.37,2024-01-05 12:00:00
u0926,sess0001537,A,4.4,2024-01-04 19:00:00
u0926,sess0001538,A,10.34,2024-01-01 02:00:00
u0926,sess0001539,A,14.02,2024-01-04 20:00:00
u0926,sess0001540,A,1.58,2024-01-02 22:00:00
u0926,sess0001541,A,14.72,2024-01-02 09:00:00
u0926,sess0001542,A,11.47,2024-01-03 01:00:00
u0929,sess0001543,A,7.99,2024-01-06 11:00:00
u0929,sess0001544,A,13.73,2024-01-01 15:00:00
u0929,sess0001545,A,15.92,2024-01-02 15:00:00
u0929,sess0001546,A,10.44,2024-01-03 03:00:00
u0929,sess0001547,A,15.98,2024-01-01 22:00:00
u0929,sess0001548,A,7.69,2024-01-06 10:00:00
u0929,sess0001549,A,11.89,2024-01-05 13:00:00
u0929,sess0001550,A,8.99,2024-01-06 14:00:00
u0929,sess0001551,A,17.76,2024-01-06 22:00:00
u0929,sess0001552,A,18.87,2024-01-02 19:00:00
u0930,sess0001553,A,5.59,2024-01-07 17:00:00
u0930,sess0001554,A,9.79,2024-01-02 21:00:00
u0930,sess0001555,A,11.26,2024-01-06 12:00:00
u0930,sess0001556,A,13.9,2024-01-01 04:00:00
u0930,sess0001557,A,13.75,2024-01-01 04:00:00
u0930,sess0001558,A,2.48,2024-01-06 20:00:00
u0930,sess0001559,A,17.85,2024-01-04 09:00:00
u0947,sess0001560,A,5.81,2024-01-06 05:00:00
u0947,sess0001561,A,16.24,2024-01-03 11:00:00
u0947,sess0001562,A,4.7,2024-01-04 01:00:00
u0947,sess0001563,A,13.03,2024-01-04 18:00:00
u0947,sess0001564,A,5.94,2024-01-04 22:00:00
u0947,sess0001565,A,21.15,2024-01-03 11:00:00
u0947,sess0001566,A,10.68,2024-01-05 16:00:00
u0949,sess0001567,A,17.07,2024-01-04 11:00:00
u0949,sess0001568,A,16.61,2024-01-02 00:00:00
u0949,sess0001569,A,19.72,2024-01-01 18:00:00
u0949,sess0001570,A,9.65,2024-01-03 08:00:00
u0949,sess0001571,A,4.91,2024-01-03 11:00:00
u0949,sess0001572,A,5.89,2024-01-05 12:00:00
u0949,sess0001573,A,11.15,2024-01-07 15:00:00
u0949,sess0001574,A,4.85,2024-01-06 20:00:00
u0951,sess0001575,A,21.88,2024-01-06 12:00:00
u0954,sess0001576,A,9.07,2024-01-06 04:00:00
u0954,sess0001577,A,6.91,2024-01-03 22:00:00
u0954,sess0001578,A,4.51,2024-01-01 17:00:00
u0954,sess0001579,A,0.0,2024-01-02 17:00:00
u0954,sess0001580,A,12.84,2024-01-05 20:00:00
u0955,sess0001581,A,6.25,2024-01-07 23:00:00
u0955,sess0001582,A,3.57,2024-01-03 07:00:00
u0955,sess0001583,A,18.54,2024-01-03 08:00:00
u0955,sess0001584,A,22.58,2024-01-01 04:00:00
u0955,sess0001585,A,10.33,2024-01-02 23:00:00
u0955,sess0001586,A,13.41,2024-01-03 11:00:00
u0955,sess0001587,A,10.84,2024-01-05 03:00:00
u0955,sess0001588,A,11.18,2024-01-04 10:00:00
u0956,sess0001589,A,5.24,2024-01-06 19:00:00
u0956,sess0001590,A,11.39,2024-01-07 01:00:00
u0956,sess0001591,A,10.65,2024-01-05 02:00:00
u0956,sess0001592,A,8.79,2024-01-06 23:00:00
u0956,sess0001593,A,5.54,2024-01-02 20:00:00
u0956,sess0001594,A,15.79,2024-01-05 21:00:00
u0959,sess0001595,A,13.82,2024-01-07 10:00:00
u0959,sess0001596,A,19.86,2024-01-05 15:00:00
u0959,sess0001597,A,14.27,2024-01-06 20:00:00
u0959,sess0001598,A,6.68,2024-01-04 00:00:00
u0959,sess0001599,A,15.67,2024-01-07 09:00:00
u0959,sess0001600,A,11.58,2024-01-03 19:00:00
u0959,sess0001601,A,6.54,2024-01-02 00:00:00
u0965,sess0001602,A,15.54,2024-01-03 23:00:00
u0965,sess0001603,A,10.1,2024-01-03 09:00:00
u0965,sess0001604,A,4.66,2024-01-04 03:00:00
u0965,sess0001605,A,8.42,2024-01-03 14:00:00
u0965,sess0001606,A,18.37,2024-01-01 11:00:00
u0965,sess0001607,A,19.27,2024-01-05 07:00:00
u0965,sess0001608,A,15.59,2024-01-03 18:00:00
u0965,sess0001609,A,6.62,2024-01-04 08:00:00
u0965,sess0001610,A,16.61,2024-01-03 18:00:00
u0970,sess0001611,A,7.44,2024-01-04 18:00:00
u0970,sess0001612,A,13.21,2024-01-02 17:00:00
u0970,sess0001613,A,15.96,2024-01-04 04:00:00
u0970,sess0001614,A,12.04,2024-01-01 05:00:00
u0970,sess0001615,A,0.0,2024-01-05 11:00:00
u0972,sess0001616,A,2.78,2024-01-04 21:00:00
u0972,sess0001617,A,7.68,2024-01-01 15:00:00
u0972,sess0001618,A,18.84,2024-01-03 21:00:00
u0972,sess0001619,A,1.91,2024-01-06 23:00:00
u0972,sess0001620,A,15.11,2024-01-01 17:00:00
u0972,sess0001621,A,5.63,2024-01-06 17:00:00
u0972,sess0001622,A,9.49,2024-01-02 21:00:00
u0972,sess0001623,A,7.2,2024-01-05 15:00:00
u0973,sess0001624,A,14.08,2024-01-02 20:00:00
u0973,sess0001625,A,5.17,2024-01-05 00:00:00
u0974,sess0001626,A,8.12,2024-01-04 10:00:00
u0974,sess0001627,A,14.91,2024-01-01 17:00:00
u0980,sess0001628,A,5.19,2024-01-02 08:00:00
u0980,sess0001629,A,13.06,2024-01-06 21:00:00
u0980,sess0001630,A,5.51,2024-01-07 21:00:00
u0982,sess0001631,A,9.9,2024-01-05 07:00:00
u0982,sess0001632,A,14.33,2024-01-01 22:00:00
u0982,sess0001633,A,8.67,2024-01-07 08:00:00
u0982,sess0001634,A,11.47,2024-01-01 16:00:00
u0982,sess0001635,A,17.34,2024-01-07 03:00:00
u0982,sess0001636,A,24.81,2024-01-06 07:00:00
u0988,sess0001637,A,6.85,2024-01-04 07:00:00
u0988,sess0001638,A,11.74,2024-01-04 19:00:00
u0988,sess0001639,A,15.06,2024-01-03 21:00:00
u0988,sess0001640,A,11.23,2024-01-02 04:00:00
u0988,sess0001641,A,9.84,2024-01-02 20:00:00
u0988,sess0001642,A,12.83,2024-01-03 20:00:00
u0988,sess0001643,A,14.08,2024-01-04 11:00:00
u0988,sess0001644,A,8.42,2024-01-03 03:00:00
u0989,sess0001645,A,10.89,2024-01-07 23:00:00
u0989,sess0001646,A,9.13,2024-01-06 20:00:00
u0989,sess0001647,A,5.08,2024-01-02 04:00:00
u0989,sess0001648,A,4.95,2024-01-07 09:00:00
u0989,sess0001649,A,7.62,2024-01-01 11:00:00
u0989,sess0001650,A,20.43,2024-01-07 19:00:00
u0989,sess0001651,A,16.58,2024-01-02 06:00:00
u0989,sess0001652,A,7.15,2024-01-04 18:00:00
u0990,sess0001653,A,13.17,2024-01-07 13:00:00
u0990,sess0001654,A,12.04,2024-01-06 01:00:00
u0990,sess0001655,A,5.31,2024-01-03 18:00:00
u0993,sess0001656,A,3.35,2024-01-06 12:00:00
u0993,sess0001657,A,4.27,2024-01-03 17:00:00
u0993,sess0001658,A,6.14,2024-01-07 11:00:00
u0993,sess0001659,A,11.65,2024-01-03 01:00:00
u0993,sess0001660,A,7.95,2024-01-07 22:00:00
u0994,sess0001661,A,8.13,2024-01-04 19:00:00
u0994,sess0001662,A,5.7,2024-01-02 13:00:00
u0994,sess0001663,A,10.67,2024-01-02 20:00:00
u0994,sess0001664,A,4.26,2024-01-06 08:00:00
u0994,sess0001665,A,6.31,2024-01-06 22:00:00
u0994,sess0001666,A,9.24,2024-01-05 08:00:00
u0994,sess0001667,A,5.95,2024-01-05 23:00:00
u0994,sess0001668,A,19.51,2024-01-06 15:00:00
u0994,sess0001669,A,16.73,2024-01-06 13:00:00
u0994,sess0001670,A,11.54,2024-01-05 00:00:00
u0995,sess0001671,A,7.91,2024-01-03 22:00:00
u0995,sess0001672,A,14.95,2024-01-02 21:00:00
u0995,sess0001673,A,7.03,2024-01-03 11:00:00
u0995,sess0001674,A,8.12,2024-01-03 11:00:00
u0995,sess0001675,A,7.81,2024-01-06 14:00:00
u0995,sess0001676,A,13.99,2024-01-07 00:00:00
u0996,sess0001677,A,1.43,2024-01-02 20:00:00
u0996,sess0001678,A,3.65,2024-01-04 07:00:00
u0996,sess0001679,A,13.92,2024-01-04 10:00:00
u0996,sess0001680,A,14.3,2024-01-01 11:00:00
u0996,sess0001681,A,11.15,2024-01-01 18:00:00
u0996,sess0001682,A,15.91,2024-01-05 07:00:00
u0996,sess0001683,A,16.12,2024-01-02 12:00:00
u0997,sess0001684,A,8.08,2024-01-06 16:00:00
u1006,sess0001685,B,22.25,2024-01-07 04:00:00
u1006,sess0001686,B,6.57,2024-01-07 00:00:00
u1006,sess0001687,B,15.99,2024-01-06 00:00:00
u1007,sess0001688,B,14.6,2024-01-07 18:00:00
u1007,sess0001689,B,18.47,2024-01-06 02:00:00
u1007,sess0001690,B,8.12,2024-01-06 08:00:00
u1007,sess0001691,B,18.31,2024-01-04 03:00:00
u1007,sess0001692,B,13.24,2024-01-05 07:00:00
u1007,sess0001693,B,10.65,2024-01-07 16:00:00
u1007,sess0001694,B,13.46,2024-01-04 20:00:00
u1015,sess0001695,B,17.91,2024-01-03 21:00:00
u1015,sess0001696,B,11.79,2024-01-07 04:00:00
u1015,sess0001697,B,10.08,2024-01-05 12:00:00
u1015,sess0001698,B,10.12,2024-01-02 23:00:00
u1015,sess0001699,B,5.6,2024-01-01 01:00:00
u1015,sess0001700,B,13.05,2024-01-06 13:00:00
u1015,sess0001701,B,11.88,2024-01-02 15:00:00
u1016,sess0001702,B,6.68,2024-01-03 09:00:00
u1016,sess0001703,B,15.35,2024-01-02 08:00:00
u1016,sess0001704,B,7.28,2024-01-03 13:00:00
u1016,sess0001705,B,3.41,2024-01-03 11:00:00
u1016,sess0001706,B,7.33,2024-01-02 21:00:00
u1016,sess0001707,B,9.83,2024-01-01 12:00:00
u1016,sess0001708,B,14.8,2024-01-05 11:00:00
u1016,sess0001709,B,8.41,2024-01-05 16:00:00
u1016,sess0001710,B,21.16,2024-01-05 00:00:00
u1016,sess0001711,B,11.32,2024-01-02 23:00:00
u1020,sess0001712,B,14.3,2024-01-05 07:00:00
u1020,sess0001713,B,10.52,2024-01-06 20:00:00
u1020,sess0001714,B,20.26,2024-01-02 01:00:00
u1020,sess0001715,B,11.35,2024-01-04 07:00:00
u1021,sess0001716,B,15.96,2024-01-03 08:00:00
u1021,sess0001717,B,19.01,2024-01-04 03:00:00
u1021,sess0001718,B,10.28,2024-01-02 04:00:00
u1022,sess0001719,B,11.05,2024-01-01 03:00:00
u1022,sess0001720,B,3.71,2024-01-06 16:00:00
u1022,sess0001721,B,17.02,2024-01-04 13:00:00
u1022,sess0001722,B,9.88,2024-01-01 09:00:00
u1022,sess0001723,B,11.66,2024-01-03 07:00:00
u1022,sess0001724,B,12.54,2024-01-04 16:00:00
u1022,sess0001725,B,17.69,2024-01-02 22:00:00
u1022,sess0001726,B,0.87,2024-01-01 22:00:00
u1023,sess0001727,B,9.41,2024-01-04 10:00:00
u1025,sess0001728,B,7.83,2024-01-01 18:00:00
u1025,sess0001729,B,12.67,2024-01-01 04:00:00
u1025,sess0001730,B,2.5,2024-01-04 03:00:00
u1025,sess0001731,B,14.72,2024-01-01 19:00:00
u1026,sess0001732,B,20.01,2024-01-07 18:00:00
u1026,sess0001733,B,3.64,2024-01-05 23:00:00
u1026,sess0001734,B,8.77,2024-01-04 22:00:00
u1026,sess0001735,B,9.63,2024-01-07 15:00:00
u1026,sess0001736,B,7.21,2024-01-06 18:00:00
u1026,sess0001737,B,15.47,2024-01-03 10:00:00
u1026,sess0001738,B,15.62,2024-01-07 11:00:00
u1026,sess0001739,B,12.8,2024-01-07 16:00:00
u1026,sess0001740,B,14.82,2024-01-02 22:00:00
u1026,sess0001741,B,8.58,2024-01-07 17:00:00
u1028,sess0001742,B,13.56,2024-01-02 17:00:00
u1029,sess0001743,B,0.04,2024-01-04 21:00:00
u1029,sess0001744,B,13.73,2024-01-05 23:00:00
u1029,sess0001745,B,11.89,2024-01-06 02:00:00
u1037,sess0001746,B,9.97,2024-01-06 20:00:00
u1037,sess0001747,B,5.4,2024-01-01 20:00:00
u1037,sess0001748,B,2.34,2024-01-01 00:00:00
u1037,sess0001749,B,5.67,2024-01-03 22:00:00
u1038,sess0001750,B,11.29,2024-01-01 12:00:00
u1038,sess0001751,B,15.61,2024-01-01 05:00:00
u1038,sess0001752,B,12.94,2024-01-07 03:00:00
u1038,sess0001753,B,9.23,2024-01-02 03:00:00
u1038,sess0001754,B,5.84,2024-01-06 18:00:00
u1038,sess0001755,B,14.88,2024-01-03 07:00:00
u1047,sess0001756,B,10.26,2024-01-05 08:00:00
u1047,sess0001757,B,14.07,2024-01-05 02:00:00
u1047,sess0001758,B,14.65,2024-01-07 02:00:00
u1047,sess0001759,B,6.04,2024-01-03 01:00:00
u1047,sess0001760,B,6.48,2024-01-04 14:00:00
u1047,sess0001761,B,11.91,2024-01-06 17:00:00
u1047,sess0001762,B,8.39,2024-01-06 15:00:00
u1050,sess0001763,B,25.44,2024-01-01 18:00:00
u1050,sess0001764,B,15.2,2024-01-03 23:00:00
u1050,sess0001765,B,12.83,2024-01-01 23:00:00
u1050,sess0001766,B,9.9,2024-01-04 11:00:00
u1050,sess0001767,B,5.53,2024-01-03 20:00:00
u1050,sess0001768,B,19.29,2024-01-01 10:00:00
u1050,sess0001769,B,2.55,2024-01-05 06:00:00
u1050,sess0001770,B,18.74,2024-01-07 00:00:00
u1054,sess0001771,B,12.47,2024-01-06 23:00:00
u1054,sess0001772,B,14.17,2024-01-01 03:00:00
u1054,sess0001773,B,13.56,2024-01-01 22:00:00
u1054,sess0001774,B,14.35,2024-01-06 03:00:00
u1054,sess0001775,B,10.28,2024-01-07 09:00:00
u1054,sess0001776,B,8.37,2024-01-06 04:00:00
u1057,sess0001777,B,7.6,2024-01-07 16:00:00
u1057,sess0001778,B,8.43,2024-01-05 16:00:00
u1057,sess0001779,B,0.0,2024-01-01 22:00:00
u1057,sess0001780,B,7.8,2024-01-07 08:00:00
u1057,sess0001781,B,10.33,2024-01-03 02:00:00
u1058,sess0001782,B,8.67,2024-01-05 18:00:00
u1058,sess0001783,B,14.28,2024-01-04 07:00:00
u1058,sess0001784,B,7.98,2024-01-07 06:00:00
u1058,sess0001785,B,14.36,2024-01-02 10:00:00
u1058,sess0001786,B,7.56,2024-01-03 01:00:00
u1058,sess0001787,B,7.59,2024-01-07 08:00:00
u1061,sess0001788,B,13.9,2024-01-07 10:00:00
u1061,sess0001789,B,10.98,2024-01-06 00:00:00
u1061,sess0001790,B,8.06,2024-01-01 15:00:00
u1061,sess0001791,B,19.11,2024-01-05 01:00:00
u1061,sess0001792,B,7.41,2024-01-05 19:00:00
u1061,sess0001793,B,13.89,2024-01-04 20:00:00
u1061,sess0001794,B,12.85,2024-01-05 14:00:00
u1061,sess0001795,B,19.28,2024-01-01 20:00:00
u1061,sess0001796,B,20.41,2024-01-06 06:00:00
u1064,sess0001797,B,21.02,2024-01-07 06:00:00
u1065,sess0001798,B,10.83,2024-01-02 08:00:00
u1065,sess0001799,B,7.62,2024-01-02 16:00:00
u1065,sess0001800,B,5.69,2024-01-04 01:00:00
u1065,sess0001801,B,11.33,2024-01-04 02:00:00
u1066,sess0001802,B,0.0,2024-01-03 18:00:00
u1072,sess0001803,B,9.85,2024-01-04 21:00:00
u1072,sess0001804,B,12.17,2024-01-05 16:00:00
u1072,sess0001805,B,15.0,2024-01-02 00:00:00
u1072,sess0001806,B,10.45,2024-01-07 10:00:00
u1072,sess0001807,B,15.44,2024-01-07 22:00:00
u1072,sess0001808,B,13.7,2024-01-04 17:00:00
u1072,sess0001809,B,20.92,2024-01-06 21:00:00
u1072,sess0001810,B,16.0,2024-01-03 11:00:00
u1072,sess0001811,B,5.94,2024-01-06 09:00:00
u1072,sess0001812,B,16.29,2024-01-05 10:00:00
u1076,sess0001813,B,21.33,2024-01-05 13:00:00
u1076,sess0001814,B,10.39,2024-01-03 09:00:00
u1076,sess0001815,B,14.96,2024-01-07 13:00:00
u1076,sess0001816,B,9.01,2024-01-04 03:00:00
u1077,sess0001817,B,14.1,2024-01-05 21:00:00
u1077,sess0001818,B,11.21,2024-01-07 04:00:00
u1077,sess0001819,B,14.4,2024-01-03 06:00:00
u1077,sess0001820,B,14.3,2024-01-05 07:00:00
u1077,sess0001821,B,13.9,2024-01-07 21:00:00
u1077,sess0001822,B,7.82,2024-01-04 20:00:00
u1077,sess0001823,B,21.32,2024-01-04 02:00:00
u1077,sess0001824,B,14.89,2024-01-07 18:00:00
u1077,sess0001825,B,16.93,2024-01-02 23:00:00
u1078,sess0001826,B,16.49,2024-01-04 18:00:00
u1078,sess0001827,B,8.45,2024-01-01 13:00:00
u1078,sess0001828,B,20.47,2024-01-04 00:00:00
u1078,sess0001829,B,4.08,2024-01-02 02:00:00
u1078,sess0001830,B,19.12,2024-01-04 08:00:00
u1078,sess0001831,B,4.81,2024-01-04 22:00:00
u1078,sess0001832,B,7.85,2024-01-03 14:00:00
u1078,sess0001833,B,16.12,2024-01-05 00:00:00
u1078,sess0001834,B,11.2,2024-01-05 19:00:00
u1078,sess0001835,B,9.18,2024-01-07 20:00:00
u1082,sess0001836,B,18.82,2024-01-04 12:00:00
u1082,sess0001837,B,6.85,2024-01-06 20:00:00
u1083,sess0001838,B,13.02,2024-01-06 11:00:00
u1083,sess0001839,B,20.43,2024-01-07 20:00:00
u1083,sess0001840,B,24.06,2024-01-03 04:00:00
u1083,sess0001841,B,6.67,2024-01-05 12:00:00
u1083,sess0001842,B,13.18,2024-01-03 11:00:00
u1084,sess0001843,B,9.13,2024-01-06 03:00:00
u1084,sess0001844,B,17.02,2024-01-07 23:00:00
u1084,sess0001845,B,8.26,2024-01-02 04:00:00
u1084,sess0001846,B,15.05,2024-01-03 10:00:00
u1084,sess0001847,B,3.77,2024-01-02 02:00:00
u1084,sess0001848,B,12.65,2024-01-01 05:00:00
u1084,sess0001849,B,16.81,2024-01-02 06:00:00
u1084,sess0001850,B,10.16,2024-01-05 08:00:00
u1084,sess0001851,B,12.75,2024-01-01 17:00:00
u1084,sess0001852,B,8.17,2024-01-04 14:00:00
u1085,sess0001853,B,6.4,2024-01-02 00:00:00
u1085,sess0001854,B,9.63,2024-01-01 06:00:00
u1085,sess0001855,B,11.94,2024-01-01 17:00:00
u1085,sess0001856,B,12.89,2024-01-05 09:00:00
u1085,sess0001857,B,0.0,2024-01-05 13:00:00
u1085,sess0001858,B,10.99,2024-01-03 16:00:00
u1085,sess0001859,B,6.29,2024-01-02 16:00:00
u1085,sess0001860,B,10.96,2024-01-06 07:00:00
u1085,sess0001861,B,10.55,2024-01-02 13:00:00
u1089,sess0001862,B,14.03,2024-01-02 10:00:00
u1089,sess0001863,B,5.56,2024-01-03 19:00:00
u1093,sess0001864,B,6.65,2024-01-02 12:00:00
u1093,sess0001865,B,10.56,2024-01-02 04:00:00
u1093,sess0001866,B,11.37,2024-01-02 16:00:00
u1093,sess0001867,B,7.33,2024-01-03 17:00:00
u1093,sess0001868,B,17.98,2024-01-07 02:00:00
u1093,sess0001869,B,11.81,2024-01-03 20:00:00
u1093,sess0001870,B,10.29,2024-01-01 22:00:00
u1093,sess0001871,B,7.2,2024-01-03 04:00:00
u1093,sess0001872,B,8.92,2024-01-05 23:00:00
u1099,sess0001873,B,13.83,2024-01-07 21:00:00
u1103,sess0001874,B,15.45,2024-01-07 05:00:00
u1103,sess0001875,B,16.14,2024-01-07 22:00:00
u1103,sess0001876,B,16.33,2024-01-04 09:00:00
u1103,sess0001877,B,13.69,2024-01-04 04:00:00
u1103,sess0001878,B,12.51,2024-01-02 10:00:00
u1103,sess0001879,B,17.14,2024-01-05 16:00:00
u1103,sess0001880,B,6.5,2024-01-05 14:00:00
u1103,sess0001881,B,8.05,2024-01-02 13:00:00
u1111,sess0001882,B,4.81,2024-01-01 17:00:00
u1111,sess0001883,B,12.6,2024-01-01 20:00:00
u1118,sess0001884,B,11.88,2024-01-06 08:00:00
u1118,sess0001885,B,13.29,2024-01-07 11:00:00
u1118,sess0001886,B,5.66,2024-01-02 14:00:00
u1123,sess0001887,B,11.49,2024-01-05 00:00:00
u1123,sess0001888,B,6.64,2024-01-05 07:00:00
u1123,sess0001889,B,23.13,2024-01-05 22:00:00
u1123,sess0001890,B,9.44,2024-01-06 20:00:00
u1123,sess0001891,B,22.22,2024-01-05 10:00:00
u1123,sess0001892,B,9.37,2024-01-04 16:00:00
u1123,sess0001893,B,14.5,2024-01-04 03:00:00
u1123,sess0001894,B,9.59,2024-01-04 11:00:00
u1123,sess0001895,B,5.87,2024-01-03 01:00:00
u1123,sess0001896,B,9.1,2024-01-05 03:00:00
u1124,sess0001897,B,12.51,2024-01-05 18:00:00
u1124,sess0001898,B,8.87,2024-01-04 04:00:00
u1128,sess0001899,B,13.24,2024-01-05 11:00:00
u1128,sess0001900,B,6.48,2024-01-01 20:00:00
u1128,sess0001901,B,11.73,2024-01-03 01:00:00
u1128,sess0001902,B,5.52,2024-01-07 12:00:00
u1128,sess0001903,B,15.5,2024-01-07 20:00:00
u1128,sess0001904,B,15.36,2024-01-03 15:00:00
u1128,sess0001905,B,11.01,2024-01-01 03:00:00
u1129,sess0001906,B,11.46,2024-01-03 16:00:00
u1129,sess0001907,B,10.38,2024-01-04 20:00:00
u1130,sess0001908,B,16.21,2024-01-02 06:00:00
u1130,sess0001909,B,16.85,2024-01-01 07:00:00
u1130,sess0001910,B,5.63,2024-01-03 06:00:00
u1130,sess0001911,B,14.89,2024-01-07 22:00:00
u1130,sess0001912,B,11.66,2024-01-04 08:00:00
u1130,sess0001913,B,9.3,2024-01-01 21:00:00
u1131,sess0001914,B,15.98,2024-01-07 09:00:00
u1131,sess0001915,B,17.23,2024-01-04 17:00:00
u1131,sess0001916,B,8.19,2024-01-02 08:00:00
u1131,sess0001917,B,5.78,2024-01-03 20:00:00
u1131,sess0001918,B,10.56,2024-01-02 13:00:00
u1131,sess0001919,B,13.76,2024-01-03 23:00:00
u1131,sess0001920,B,4.39,2024-01-01 19:00:00
u1131,sess0001921,B,10.45,2024-01-03 21:00:00
u1131,sess0001922,B,10.37,2024-01-01 04:00:00
u1135,sess0001923,B,8.45,2024-01-01 15:00:00
u1135,sess0001924,B,15.44,2024-01-05 02:00:00
u1135,sess0001925,B,9.93,2024-01-05 13:00:00
u1135,sess0001926,B,7.28,2024-01-02 14:00:00
u1135,sess0001927,B,8.53,2024-01-03 17:00:00
u1135,sess0001928,B,12.09,2024-01-02 13:00:00
u1135,sess0001929,B,11.06,2024-01-02 10:00:00
u1135,sess0001930,B,7.97,2024-01-02 20:00:00
u1137,sess0001931,B,11.16,2024-01-01 16:00:00
u1137,sess0001932,B,12.75,2024-01-01 04:00:00
u1144,sess0001933,B,1.39,2024-01-04 22:00:00
u1144,sess0001934,B,7.92,2024-01-07 23:00:00
u1144,sess0001935,B,14.35,2024-01-01 06:00:00
u1144,sess0001936,B,16.94,2024-01-06 03:00:00
u1144,sess0001937,B,18.68,2024-01-03 03:00:00
u1144,sess0001938,B,13.1,2024-01-01 05:00:00
u1144,sess0001939,B,10.68,2024-01-03 17:00:00
u1145,sess0001940,B,11.18,2024-01-01 09:00:00
u1145,sess0001941,B,12.19,2024-01-03 19:00:00
u1145,sess0001942,B,17.02,2024-01-05 01:00:00
u1145,sess0001943,B,16.8,2024-01-03 04:00:00
u1145,sess0001944,B,10.17,2024-01-03 01:00:00
u1145,sess0001945,B,9.62,2024-01-05 04:00:00
u1145,sess0001946,B,8.92,2024-01-05 13:00:00
u1145,sess0001947,B,8.47,2024-01-03 10:00:00
u1145,sess0001948,B,15.78,2024-01-06 22:00:00
u1145,sess0001949,B,6.11,2024-01-07 19:00:00
u1150,sess0001950,B,13.76,2024-01-04 11:00:00
u1150,sess0001951,B,17.4,2024-01-05 02:00:00
u1150,sess0001952,B,15.46,2024-01-02 13:00:00
u1150,sess0001953,B,2.11,2024-01-03 14:00:00
u1150,sess0001954,B,5.97,2024-01-01 10:00:00
u1150,sess0001955,B,8.45,2024-01-05 18:00:00
u1153,sess0001956,B,15.26,2024-01-07 12:00:00
u1153,sess0001957,B,8.74,2024-01-07 14:00:00
u1153,sess0001958,B,23.59,2024-01-01 08:00:00
u1153,sess0001959,B,17.86,2024-01-04 05:00:00
u1155,sess0001960,B,12.09,2024-01-02 20:00:00
u1155,sess0001961,B,7.44,2024-01-02 01:00:00
u1155,sess0001962,B,7.42,2024-01-04 10:00:00
u1155,sess0001963,B,12.86,2024-01-01 12:00:00
u1155,sess0001964,B,9.06,2024-01-03 14:00:00
u1162,sess0001965,B,10.55,2024-01-06 08:00:00
u1162,sess0001966,B,8.46,2024-01-02 15:00:00
u1162,sess0001967,B,4.81,2024-01-06 16:00:00
u1162,sess0001968,B,18.64,2024-01-05 12:00:00
u1162,sess0001969,B,7.28,2024-01-06 21:00:00
u1162,sess0001970,B,9.47,2024-01-02 00:00:00
u1162,sess0001971,B,8.18,2024-01-03 22:00:00
u1162,sess0001972,B,14.38,2024-01-04 15:00:00
u1162,sess0001973,B,21.31,2024-01-02 22:00:00
u1164,sess0001974,B,17.4,2024-01-05 19:00:00
u1164,sess0001975,B,2.41,2024-01-04 17:00:00
u1164,sess0001976,B,10.7,2024-01-05 14:00:00
u1164,sess0001977,B,20.74,2024-01-06 14:00:00
u1164,sess0001978,B,16.79,2024-01-01 11:00:00
u1164,sess0001979,B,7.3,2024-01-05 09:00:00
u1164,sess0001980,B,12.2,2024-01-06 01:00:00
u1164,sess0001981,B,18.72,2024-01-07 15:00:00
u1164,sess0001982,B,8.88,2024-01-05 03:00:00
u1164,sess0001983,B,8.28,2024-01-07 04:00:00
u1166,sess0001984,B,14.58,2024-01-02 03:00:00
u1166,sess0001985,B,9.4,2024-01-07 05:00:00
u1166,sess0001986,B,13.22,2024-01-05 15:00:00
u1169,sess0001987,B,4.55,2024-01-05 01:00:00
u1169,sess0001988,B,5.68,2024-01-03 21:00:00
u1169,sess0001989,B,7.01,2024-01-04 08:00:00
u1169,sess0001990,B,14.28,2024-01-02 19:00:00
u1169,sess0001991,B,13.02,2024-01-07 15:00:00
u1169,sess0001992,B,17.64,2024-01-05 02:00:00
u1169,sess0001993,B,7.14,2024-01-06 02:00:00
u1169,sess0001994,B,4.69,2024-01-05 15:00:00
u1170,sess0001995,B,13.38,2024-01-04 18:00:00
u1170,sess0001996,B,17.34,2024-01-03 11:00:00
u1170,sess0001997,B,10.75,2024-01-07 00:00:00
u1170,sess0001998,B,18.81,2024-01-06 08:00:00
u1170,sess0001999,B,9.6,2024-01-01 16:00:00
u1170,sess0002000,B,9.27,2024-01-05 12:00:00
u1170,sess0002001,B,20.25,2024-01-05 14:00:00
u1171,sess0002002,B,16.3,2024-01-06 07:00:00
u1171,sess0002003,B,19.59,2024-01-07 00:00:00
u1171,sess0002004,B,3.85,2024-01-04 00:00:00
u1171,sess0002005,B,17.5,2024-01-04 02:00:00
u1171,sess0002006,B,8.96,2024-01-05 22:00:00
u1171,sess0002007,B,15.18,2024-01-05 06:00:00
u1171,sess0002008,B,27.55,2024-01-04 07:00:00
u1171,sess0002009,B,18.61,2024-01-06 03:00:00
u1171,sess0002010,B,3.93,2024-01-03 10:00:00
u1171,sess0002011,B,16.5,2024-01-04 16:00:00
u1172,sess0002012,B,8.1,2024-01-05 01:00:00
u1172,sess0002013,B,16.04,2024-01-04 02:00:00
u1172,sess0002014,B,7.21,2024-01-06 22:00:00
u1172,sess0002015,B,8.76,2024-01-04 19:00:00
u1172,sess0002016,B,2.44,2024-01-01 12:00:00
u1172,sess0002017,B,18.48,2024-01-07 23:00:00
u1172,sess0002018,B,14.18,2024-01-01 20:00:00
u1172,sess0002019,B,9.21,2024-01-01 18:00:00
u1172,sess0002020,B,8.81,2024-01-03 01:00:00
u1172,sess0002021,B,6.56,2024-01-05 19:00:00
u1173,sess0002022,B,11.99,2024-01-04 19:00:00
u1173,sess0002023,B,14.68,2024-01-01 08:00:00
u1173,sess0002024,B,10.82,2024-01-01 03:00:00
u1173,sess0002025,B,8.46,2024-01-06 16:00:00
u1173,sess0002026,B,9.91,2024-01-04 09:00:00
u1173,sess0002027,B,12.81,2024-01-06 16:00:00
u1173,sess0002028,B,15.44,2024-01-01 03:00:00
u1173,sess0002029,B,12.81,2024-01-02 13:00:00
u1173,sess0002030,B,16.31,2024-01-04 18:00:00
u1176,sess0002031,B,18.65,2024-01-01 06:00:00
u1176,sess0002032,B,21.44,2024-01-05 10:00:00
u1176,sess0002033,B,9.02,2024-01-02 20:00:00
u1176,sess0002034,B,16.63,2024-01-07 07:00:00
u1176,sess0002035,B,13.68,2024-01-02 20:00:00
u1176,sess0002036,B,8.38,2024-01-02 07:00:00
u1178,sess0002037,B,5.95,2024-01-03 13:00:00
u1178,sess0002038,B,16.23,2024-01-03 05:00:00
u1178,sess0002039,B,8.3,2024-01-07 23:00:00
u1178,sess0002040,B,12.22,2024-01-01 13:00:00
u1178,sess0002041,B,12.81,2024-01-04 22:00:00
u1178,sess0002042,B,12.29,2024-01-03 22:00:00
u1178,sess0002043,B,18.98,2024-01-05 06:00:00
u1178,sess0002044,B,8.19,2024-01-06 16:00:00
u1178,sess0002045,B,9.74,2024-01-04 05:00:00
u1178,sess0002046,B,5.24,2024-01-02 21:00:00
u1179,sess0002047,B,11.12,2024-01-02 20:00:00
u1179,sess0002048,B,7.96,2024-01-01 16:00:00
u1179,sess0002049,B,11.73,2024-01-03 19:00:00
u1183,sess0002050,B,19.13,2024-01-06 03:00:00
u1183,sess0002051,B,6.28,2024-01-04 21:00:00
u1185,sess0002052,B,10.95,2024-01-05 21:00:00
u1185,sess0002053,B,14.98,2024-01-02 00:00:00
u1185,sess0002054,B,11.74,2024-01-01 18:00:00
u1185,sess0002055,B,8.67,2024-01-03 18:00:00
u1188,sess0002056,B,9.08,2024-01-06 21:00:00
u1188,sess0002057,B,10.56,2024-01-05 20:00:00
u1188,sess0002058,B,6.64,2024-01-07 15:00:00
u1188,sess0002059,B,5.79,2024-01-06 21:00:00
u1188,sess0002060,B,12.2,2024-01-07 01:00:00
u1189,sess0002061,B,24.09,2024-01-05 16:00:00
u1189,sess0002062,B,11.84,2024-01-06 13:00:00
u1189,sess0002063,B,17.62,2024-01-06 22:00:00
u1189,sess0002064,B,11.01,2024-01-07 09:00:00
u1189,sess0002065,B,0.0,2024-01-03 18:00:00
u1189,sess0002066,B,22.56,2024-01-05 00:00:00
u1189,sess0002067,B,3.7,2024-01-03 08:00:00
u1189,sess0002068,B,14.01,2024-01-04 22:00:00
u1194,sess0002069,B,13.75,2024-01-06 23:00:00
u1194,sess0002070,B,10.9,2024-01-06 23:00:00
u1194,sess0002071,B,16.28,2024-01-02 16:00:00
u1194,sess0002072,B,15.89,2024-01-02 23:00:00
u1198,sess0002073,B,13.67,2024-01-04 23:00:00
u1198,sess0002074,B,14.55,2024-01-05 12:00:00
u1198,sess0002075,B,12.5,2024-01-04 15:00:00
u1198,sess0002076,B,22.89,2024-01-04 20:00:00
u1198,sess0002077,B,18.38,2024-01-02 22:00:00
u1198,sess0002078,B,20.65,2024-01-04 19:00:00
u1198,sess0002079,B,17.27,2024-01-06 00:00:00
u1198,sess0002080,B,17.54,2024-01-04 04:00:00
u1202,sess0002081,B,9.97,2024-01-02 12:00:00
u1202,sess0002082,B,8.01,2024-01-07 17:00:00
u1202,sess0002083,B,16.76,2024-01-02 11:00:00
u1202,sess0002084,B,5.13,2024-01-05 17:00:00
u1202,sess0002085,B,8.31,2024-01-06 19:00:00
u1202,sess0002086,B,4.82,2024-01-04 19:00:00
u1202,sess0002087,B,11.73,2024-01-05 02:00:00
u1202,sess0002088,B,8.46,2024-01-06 23:00:00
u1202,sess0002089,B,13.69,2024-01-02 06:00:00
u1206,sess0002090,B,20.37,2024-01-04 03:00:00
u1206,sess0002091,B,11.77,2024-01-02 10:00:00
u1207,sess0002092,B,11.66,2024-01-01 13:00:00
u1207,sess0002093,B,7.76,2024-01-05 15:00:00
u1207,sess0002094,B,19.65,2024-01-03 20:00:00
u1207,sess0002095,B,10.82,2024-01-07 06:00:00
u1207,sess0002096,B,11.89,2024-01-04 08:00:00
u1210,sess0002097,B,16.05,2024-01-05 01:00:00
u1210,sess0002098,B,12.29,2024-01-06 06:00:00
u1210,sess0002099,B,4.41,2024-01-03 13:00:00
u1210,sess0002100,B,20.26,2024-01-03 04:00:00
u1210,sess0002101,B,9.78,2024-01-05 09:00:00
u1210,sess0002102,B,13.27,2024-01-04 13:00:00
u1210,sess0002103,B,14.57,2024-01-04 21:00:00
u1210,sess0002104,B,5.34,2024-01-04 03:00:00
u1210,sess0002105,B,9.32,2024-01-01 07:00:00
u1210,sess0002106,B,13.6,2024-01-04 14:00:00
u1221,sess0002107,B,10.75,2024-01-06 22:00:00
u1221,sess0002108,B,14.64,2024-01-07 13:00:00
u1221,sess0002109,B,7.0,2024-01-05 12:00:00
u1223,sess0002110,B,17.22,2024-01-04 05:00:00
u1223,sess0002111,B,10.29,2024-01-07 14:00:00
u1223,sess0002112,B,23.52,2024-01-02 15:00:00
u1223,sess0002113,B,19.0,2024-01-07 19:00:00
u1223,sess0002114,B,8.74,2024-01-03 12:00:00
u1223,sess0002115,B,5.68,2024-01-02 06:00:00
u1223,sess0002116,B,8.98,2024-01-03 16:00:00
u1223,sess0002117,B,9.98,2024-01-04 04:00:00
u1226,sess0002118,B,14.38,2024-01-01 02:00:00
u1226,sess0002119,B,15.42,2024-01-03 13:00:00
u1226,sess0002120,B,15.3,2024-01-04 10:00:00
u1226,sess0002121,B,14.41,2024-01-07 22:00:00
u1227,sess0002122,B,15.16,2024-01-03 18:00:00
u1231,sess0002123,B,11.33,2024-01-02 00:00:00
u1231,sess0002124,B,15.03,2024-01-01 10:00:00
u1231,sess0002125,B,3.88,2024-01-06 17:00:00
u1232,sess0002126,B,16.98,2024-01-04 08:00:00
u1232,sess0002127,B,14.36,2024-01-05 13:00:00
u1232,sess0002128,B,9.13,2024-01-02 09:00:00
u1232,sess0002129,B,17.23,2024-01-06 05:00:00
u1232,sess0002130,B,5.63,2024-01-06 13:00:00
u1234,sess0002131,B,13.61,2024-01-04 02:00:00
u1236,sess0002132,B,9.68,2024-01-06 14:00:00
u1236,sess0002133,B,9.36,2024-01-04 21:00:00
u1237,sess0002134,B,14.43,2024-01-01 18:00:00
u1237,sess0002135,B,8.13,2024-01-02 04:00:00
u1237,sess0002136,B,13.12,2024-01-05 03:00:00
u1237,sess0002137,B,11.49,2024-01-06 07:00:00
u1237,sess0002138,B,6.29,2024-01-03 02:00:00
u1238,sess0002139,B,17.12,2024-01-01 21:00:00
u1238,sess0002140,B,17.73,2024-01-05 13:00:00
u1238,sess0002141,B,8.47,2024-01-05 03:00:00
u1241,sess0002142,B,17.91,2024-01-02 19:00:00
u1241,sess0002143,B,4.26,2024-01-01 16:00:00
u1241,sess0002144,B,13.62,2024-01-03 16:00:00
u1241,sess0002145,B,21.51,2024-01-04 19:00:00
u1242,sess0002146,B,9.14,2024-01-07 09:00:00
u1242,sess0002147,B,17.8,2024-01-07 11:00:00
u1243,sess0002148,B,8.47,2024-01-07 08:00:00
u1243,sess0002149,B,11.2,2024-01-02 12:00:00
u1245,sess0002150,B,9.4,2024-01-03 15:00:00
u1245,sess0002151,B,9.99,2024-01-05 07:00:00
u1245,sess0002152,B,7.19,2024-01-03 23:00:00
u1245,sess0002153,B,12.1,2024-01-05 06:00:00
u1245,sess0002154,B,4.41,2024-01-05 03:00:00
u1245,sess0002155,B,7.32,2024-01-03 00:00:00
u1245,sess0002156,B,22.45,2024-01-05 03:00:00
u1245,sess0002157,B,11.42,2024-01-03 05:00:00
u1245,sess0002158,B,16.91,2024-01-05 22:00:00
u1245,sess0002159,B,11.15,2024-01-02 11:00:00
u1247,sess0002160,B,19.59,2024-01-07 03:00:00
u1247,sess0002161,B,7.74,2024-01-04 10:00:00
u1247,sess0002162,B,17.45,2024-01-03 14:00:00
u1247,sess0002163,B,14.57,2024-01-01 23:00:00
u1247,sess0002164,B,8.69,2024-01-02 19:00:00
u1247,sess0002165,B,3.04,2024-01-02 11:00:00
u1247,sess0002166,B,14.34,2024-01-02 13:00:00
u1247,sess0002167,B,19.75,2024-01-02 04:00:00
u1250,sess0002168,B,12.65,2024-01-02 16:00:00
u1250,sess0002169,B,9.96,2024-01-01 21:00:00
u1250,sess0002170,B,4.35,2024-01-05 02:00:00
u1250,sess0002171,B,13.21,2024-01-04 16:00:00
u1250,sess0002172,B,13.62,2024-01-06 13:00:00
u1250,sess0002173,B,18.33,2024-01-03 10:00:00
u1250,sess0002174,B,6.89,2024-01-07 22:00:00
u1250,sess0002175,B,15.06,2024-01-02 23:00:00
u1251,sess0002176,B,15.11,2024-01-03 19:00:00
u1251,sess0002177,B,11.07,2024-01-02 22:00:00
u1251,sess0002178,B,18.3,2024-01-05 06:00:00
u1251,sess0002179,B,9.69,2024-01-04 22:00:00
u1251,sess0002180,B,7.26,2024-01-05 13:00:00
u1251,sess0002181,B,7.33,2024-01-07 16:00:00
u1251,sess0002182,B,13.98,2024-01-04 03:00:00
u1251,sess0002183,B,11.85,2024-01-03 17:00:00
u1251,sess0002184,B,13.12,2024-01-03 07:00:00
u1253,sess0002185,B,13.0,2024-01-01 17:00:00
u1253,sess0002186,B,7.21,2024-01-07 01:00:00
u1253,sess0002187,B,8.98,2024-01-06 17:00:00
u1253,sess0002188,B,8.18,2024-01-06 21:00:00
u1253,sess0002189,B,13.6,2024-01-06 18:00:00
u1254,sess0002190,B,16.62,2024-01-07 07:00:00
u1254,sess0002191,B,5.8,2024-01-06 09:00:00
u1254,sess0002192,B,9.2,2024-01-06 19:00:00
u1254,sess0002193,B,11.93,2024-01-05 03:00:00
u1254,sess0002194,B,8.09,2024-01-06 02:00:00
u1254,sess0002195,B,9.52,2024-01-06 19:00:00
u1256,sess0002196,B,8.53,2024-01-06 08:00:00
u1256,sess0002197,B,9.83,2024-01-05 18:00:00
u1256,sess0002198,B,3.42,2024-01-06 21:00:00
u1256,sess0002199,B,9.47,2024-01-04 00:00:00
u1256,sess0002200,B,22.18,2024-01-02 01:00:00
u1256,sess0002201,B,10.98,2024-01-03 19:00:00
u1256,sess0002202,B,11.45,2024-01-05 13:00:00
u1259,sess0002203,B,15.07,2024-01-06 19:00:00
u1259,sess0002204,B,10.2,2024-01-03 05:00:00
u1259,sess0002205,B,14.84,2024-01-06 22:00:00
u1259,sess0002206,B,11.35,2024-01-02 15:00:00
u1259,sess0002207,B,12.83,2024-01-03 01:00:00
u1266,sess0002208,B,16.98,2024-01-03 12:00:00
u1266,sess0002209,B,15.0,2024-01-04 12:00:00
u1266,sess0002210,B,18.36,2024-01-04 11:00:00
u1266,sess0002211,B,1.15,2024-01-06 18:00:00
u1266,sess0002212,B,7.42,2024-01-04 21:00:00
u1266,sess0002213,B,8.55,2024-01-03 04:00:00
u1266,sess0002214,B,3.02,2024-01-06 19:00:00
u1266,sess0002215,B,14.16,2024-01-05 08:00:00
u1267,sess0002216,B,11.55,2024-01-02 23:00:00
u1267,sess0002217,B,15.26,2024-01-04 15:00:00
u1267,sess0002218,B,3.36,2024-01-02 18:00:00
u1267,sess0002219,B,11.33,2024-01-05 05:00:00
u1267,sess0002220,B,7.64,2024-01-07 17:00:00
u1267,sess0002221,B,14.89,2024-01-04 04:00:00
u1267,sess0002222,B,8.71,2024-01-02 10:00:00
u1267,sess0002223,B,19.96,2024-01-02 13:00:00
u1271,sess0002224,B,17.32,2024-01-02 07:00:00
u1271,sess0002225,B,16.16,2024-01-01 17:00:00
u1271,sess0002226,B,12.98,2024-01-03 22:00:00
u1271,sess0002227,B,14.55,2024-01-01 04:00:00
u1271,sess0002228,B,15.96,2024-01-04 13:00:00
u1272,sess0002229,B,10.61,2024-01-04 06:00:00
u1279,sess0002230,B,9.09,2024-01-07 21:00:00
u1279,sess0002231,B,27.7,2024-01-06 08:00:00
u1279,sess0002232,B,11.25,2024-01-04 05:00:00
u1279,sess0002233,B,17.91,2024-01-02 10:00:00
u1279,sess0002234,B,18.82,2024-01-03 13:00:00
u1279,sess0002235,B,1.03,2024-01-06 04:00:00
u1279,sess0002236,B,10.24,2024-01-04 06:00:00
u1279,sess0002237,B,6.98,2024-01-02 01:00:00
u1279,sess0002238,B,11.93,2024-01-07 18:00:00
u1284,sess0002239,B,9.13,2024-01-07 22:00:00
u1284,sess0002240,B,15.58,2024-01-01 21:00:00
u1284,sess0002241,B,16.41,2024-01-04 17:00:00
u1284,sess0002242,B,17.51,2024-01-03 09:00:00
u1284,sess0002243,B,11.89,2024-01-03 02:00:00
u1284,sess0002244,B,18.84,2024-01-07 06:00:00
u1286,sess0002245,B,12.83,2024-01-01 08:00:00
u1286,sess0002246,B,16.45,2024-01-02 13:00:00
u1286,sess0002247,B,8.26,2024-01-03 18:00:00
u1289,sess0002248,B,5.62,2024-01-02 16:00:00
u1289,sess0002249,B,11.51,2024-01-01 15:00:00
u1289,sess0002250,B,12.05,2024-01-02 19:00:00
u1292,sess0002251,B,16.98,2024-01-06 13:00:00
u1292,sess0002252,B,8.26,2024-01-01 17:00:00
u1292,sess0002253,B,16.05,2024-01-02 16:00:00
u1292,sess0002254,B,12.06,2024-01-02 11:00:00
u1292,sess0002255,B,18.86,2024-01-06 05:00:00
u1293,sess0002256,B,18.64,2024-01-04 14:00:00
u1293,sess0002257,B,10.85,2024-01-04 06:00:00
u1293,sess0002258,B,4.1,2024-01-04 20:00:00
u1293,sess0002259,B,6.54,2024-01-01 19:00:00
u1293,sess0002260,B,16.33,2024-01-02 08:00:00
u1293,sess0002261,B,18.47,2024-01-03 01:00:00
u1293,sess0002262,B,10.54,2024-01-01 09:00:00
u1293,sess0002263,B,13.93,2024-01-05 07:00:00
u1293,sess0002264,B,16.96,2024-01-03 14:00:00
u1295,sess0002265,B,8.24,2024-01-04 06:00:00
u1295,sess0002266,B,17.4,2024-01-02 12:00:00
u1295,sess0002267,B,4.84,2024-01-01 02:00:00
u1295,sess0002268,B,26.12,2024-01-05 07:00:00
u1295,sess0002269,B,16.05,2024-01-04 18:00:00
u1295,sess0002270,B,6.48,2024-01-02 10:00:00
u1295,sess0002271,B,16.26,2024-01-06 15:00:00
u1295,sess0002272,B,10.41,2024-01-05 19:00:00
u1295,sess0002273,B,13.06,2024-01-01 01:00:00
u1297,sess0002274,B,13.2,2024-01-07 20:00:00
u1297,sess0002275,B,18.19,2024-01-05 12:00:00
u1297,sess0002276,B,18.56,2024-01-05 14:00:00
u1297,sess0002277,B,10.93,2024-01-02 07:00:00
u1297,sess0002278,B,6.53,2024-01-01 22:00:00
u1297,sess0002279,B,11.28,2024-01-02 22:00:00
u1297,sess0002280,B,11.84,2024-01-07 20:00:00
u1297,sess0002281,B,17.93,2024-01-01 22:00:00
u1299,sess0002282,B,12.46,2024-01-02 13:00:00
u1299,sess0002283,B,8.26,2024-01-02 15:00:00
u1305,sess0002284,B,7.77,2024-01-06 18:00:00
u1305,sess0002285,B,17.18,2024-01-06 09:00:00
u1305,sess0002286,B,1.28,2024-01-07 18:00:00
u1305,sess0002287,B,6.47,2024-01-02 14:00:00
u1305,sess0002288,B,5.98,2024-01-04 18:00:00
u1305,sess0002289,B,16.1,2024-01-06 11:00:00
u1308,sess0002290,B,16.73,2024-01-01 22:00:00
u1308,sess0002291,B,12.79,2024-01-02 04:00:00
u1308,sess0002292,B,8.82,2024-01-06 18:00:00
u1308,sess0002293,B,8.71,2024-01-05 15:00:00
u1309,sess0002294,B,9.51,2024-01-05 20:00:00
u1309,sess0002295,B,12.03,2024-01-03 19:00:00
u1309,sess0002296,B,10.26,2024-01-03 09:00:00
u1309,sess0002297,B,11.63,2024-01-06 13:00:00
u1309,sess0002298,B,15.3,2024-01-04 22:00:00
u1309,sess0002299,B,7.2,2024-01-01 03:00:00
u1309,sess0002300,B,3.68,2024-01-07 20:00:00
u1309,sess0002301,B,15.83,2024-01-06 04:00:00
u1309,sess0002302,B,12.59,2024-01-02 17:00:00
u1312,sess0002303,B,15.49,2024-01-04 07:00:00
u1312,sess0002304,B,9.46,2024-01-06 12:00:00
u1312,sess0002305,B,16.67,2024-01-03 03:00:00
u1312,sess0002306,B,6.8,2024-01-03 16:00:00
u1312,sess0002307,B,9.49,2024-01-03 22:00:00
u1312,sess0002308,B,13.01,2024-01-07 10:00:00
u1312,sess0002309,B,12.36,2024-01-03 23:00:00
u1312,sess0002310,B,22.76,2024-01-03 21:00:00
u1312,sess0002311,B,12.32,2024-01-07 00:00:00
u1312,sess0002312,B,12.96,2024-01-02 09:00:00
u1313,sess0002313,B,16.39,2024-01-07 22:00:00
u1313,sess0002314,B,5.69,2024-01-04 07:00:00
u1313,sess0002315,B,2.13,2024-01-04 18:00:00
u1313,sess0002316,B,8.65,2024-01-04 07:00:00
u1317,sess0002317,B,21.56,2024-01-05 15:00:00
u1317,sess0002318,B,7.31,2024-01-04 03:00:00
u1317,sess0002319,B,20.49,2024-01-02 21:00:00
u1317,sess0002320,B,9.63,2024-01-02 07:00:00
u1317,sess0002321,B,8.36,2024-01-05 17:00:00
u1317,sess0002322,B,15.41,2024-01-06 05:00:00
u1317,sess0002323,B,13.04,2024-01-03 12:00:00
u1317,sess0002324,B,15.25,2024-01-05 05:00:00
u1317,sess0002325,B,12.77,2024-01-06 08:00:00
u1318,sess0002326,B,13.04,2024-01-05 10:00:00
u1318,sess0002327,B,10.07,2024-01-01 15:00:00
u1318,sess0002328,B,13.6,2024-01-06 20:00:00
u1319,sess0002329,B,16.24,2024-01-02 19:00:00
u1319,sess0002330,B,5.82,2024-01-04 10:00:00
u1319,sess0002331,B,13.53,2024-01-01 19:00:00
u1322,sess0002332,B,8.17,2024-01-07 01:00:00
u1322,sess0002333,B,13.63,2024-01-03 11:00:00
u1322,sess0002334,B,6.32,2024-01-04 02:00:00
u1322,sess0002335,B,12.9,2024-01-06 20:00:00
u1322,sess0002336,B,11.71,2024-01-07 21:00:00
u1322,sess0002337,B,12.18,2024-01-02 14:00:00
u1322,sess0002338,B,12.69,2024-01-04 04:00:00
u1322,sess0002339,B,18.01,2024-01-07 14:00:00
u1322,sess0002340,B,10.32,2024-01-01 01:00:00
u1329,sess0002341,B,17.64,2024-01-02 17:00:00
u1329,sess0002342,B,7.77,2024-01-02 06:00:00
u1329,sess0002343,B,8.92,2024-01-04 10:00:00
u1329,sess0002344,B,12.0,2024-01-06 07:00:00
u1329,sess0002345,B,15.49,2024-01-03 22:00:00
u1329,sess0002346,B,12.78,2024-01-01 10:00:00
u1334,sess0002347,B,2.72,2024-01-06 10:00:00
u1334,sess0002348,B,10.35,2024-01-06 07:00:00
u1334,sess0002349,B,11.14,2024-01-06 16:00:00
u1334,sess0002350,B,16.04,2024-01-01 18:00:00
u1334,sess0002351,B,24.27,2024-01-03 09:00:00
u1334,sess0002352,B,14.76,2024-01-02 00:00:00
u1334,sess0002353,B,16.84,2024-01-04 08:00:00
u1334,sess0002354,B,1.39,2024-01-02 19:00:00
u1334,sess0002355,B,5.11,2024-01-07 11:00:00
u1336,sess0002356,B,17.9,2024-01-01 17:00:00
u1336,sess0002357,B,11.97,2024-01-06 22:00:00
u1336,sess0002358,B,13.93,2024-01-01 10:00:00
u1336,sess0002359,B,19.74,2024-01-02 23:00:00
u1336,sess0002360,B,15.85,2024-01-04 21:00:00
u1338,sess0002361,B,13.27,2024-01-04 14:00:00
u1338,sess0002362,B,21.47,2024-01-03 01:00:00
u1338,sess0002363,B,7.46,2024-01-01 14:00:00
u1341,sess0002364,B,6.78,2024-01-02 04:00:00
u1343,sess0002365,B,10.25,2024-01-02 06:00:00
u1343,sess0002366,B,9.56,2024-01-04 00:00:00
u1343,sess0002367,B,22.79,2024-01-03 13:00:00
u1343,sess0002368,B,3.04,2024-01-06 15:00:00
u1343,sess0002369,B,8.76,2024-01-02 11:00:00
u1343,sess0002370,B,11.12,2024-01-01 09:00:00
u1343,sess0002371,B,6.71,2024-01-04 13:00:00
u1350,sess0002372,B,16.41,2024-01-07 20:00:00
u1350,sess0002373,B,8.66,2024-01-04 23:00:00
u1350,sess0002374,B,12.17,2024-01-01 07:00:00
u1350,sess0002375,B,16.8,2024-01-04 08:00:00
u1350,sess0002376,B,11.59,2024-01-04 13:00:00
u1356,sess0002377,B,20.32,2024-01-01 21:00:00
u1356,sess0002378,B,4.61,2024-01-07 04:00:00
u1356,sess0002379,B,5.47,2024-01-07 02:00:00
u1356,sess0002380,B,13.55,2024-01-01 04:00:00
u1356,sess0002381,B,20.28,2024-01-02 06:00:00
u1356,sess0002382,B,14.2,2024-01-06 20:00:00
u1356,sess0002383,B,16.28,2024-01-06 17:00:00
u1356,sess0002384,B,21.79,2024-01-02 06:00:00
u1356,sess0002385,B,23.87,2024-01-03 19:00:00
u1356,sess0002386,B,5.16,2024-01-05 20:00:00
u1357,sess0002387,B,19.54,2024-01-03 20:00:00
u1357,sess0002388,B,9.96,2024-01-05 11:00:00
u1357,sess0002389,B,11.79,2024-01-06 22:00:00
u1357,sess0002390,B,13.28,2024-01-07 15:00:00
u1357,sess0002391,B,9.61,2024-01-02 02:00:00
u1357,sess0002392,B,21.23,2024-01-02 03:00:00
u1357,sess0002393,B,5.77,2024-01-03 05:00:00
u1358,sess0002394,B,5.93,2024-01-04 07:00:00
u1358,sess0002395,B,0.84,2024-01-04 16:00:00
u1358,sess0002396,B,6.42,2024-01-04 01:00:00
u1358,sess0002397,B,17.0,2024-01-04 16:00:00
u1358,sess0002398,B,10.06,2024-01-06 11:00:00
u1358,sess0002399,B,12.06,2024-01-06 11:00:00
u1358,sess0002400,B,5.68,2024-01-05 01:00:00
u1359,sess0002401,B,19.27,2024-01-03 11:00:00
u1359,sess0002402,B,14.8,2024-01-01 01:00:00
u1359,sess0002403,B,17.49,2024-01-04 07:00:00
u1359,sess0002404,B,10.09,2024-01-05 10:00:00
u1359,sess0002405,B,8.83,2024-01-04 15:00:00
u1359,sess0002406,B,15.33,2024-01-03 09:00:00
u1359,sess0002407,B,12.7,2024-01-06 22:00:00
u1359,sess0002408,B,13.94,2024-01-04 03:00:00
u1361,sess0002409,B,7.43,2024-01-04 04:00:00
u1361,sess0002410,B,17.95,2024-01-04 00:00:00
u1361,sess0002411,B,8.42,2024-01-03 11:00:00
u1361,sess0002412,B,14.2,2024-01-01 09:00:00
u1365,sess0002413,B,9.32,2024-01-06 22:00:00
u1365,sess0002414,B,20.48,2024-01-01 08:00:00
u1368,sess0002415,B,11.05,2024-01-06 10:00:00
u1368,sess0002416,B,11.61,2024-01-04 00:00:00
u1368,sess0002417,B,10.59,2024-01-07 19:00:00
u1368,sess0002418,B,10.7,2024-01-04 16:00:00
u1368,sess0002419,B,15.81,2024-01-05 15:00:00
u1368,sess0002420,B,18.16,2024-01-06 10:00:00
u1368,sess0002421,B,13.32,2024-01-07 02:00:00
u1369,sess0002422,B,11.99,2024-01-04 07:00:00
u1369,sess0002423,B,16.02,2024-01-03 04:00:00
u1369,sess0002424,B,11.52,2024-01-05 16:00:00
u1371,sess0002425,B,11.46,2024-01-06 18:00:00
u1371,sess0002426,B,9.33,2024-01-01 05:00:00
u1371,sess0002427,B,10.15,2024-01-03 11:00:00
u1371,sess0002428,B,10.04,2024-01-02 08:00:00
u1371,sess0002429,B,15.18,2024-01-05 22:00:00
u1371,sess0002430,B,18.35,2024-01-02 02:00:00
u1371,sess0002431,B,8.7,2024-01-07 13:00:00
u1374,sess0002432,B,15.62,2024-01-01 01:00:00
u1374,sess0002433,B,11.99,2024-01-02 02:00:00
u1374,sess0002434,B,5.58,2024-01-06 20:00:00
u1377,sess0002435,B,25.5,2024-01-01 09:00:00
u1377,sess0002436,B,11.62,2024-01-06 00:00:00
u1377,sess0002437,B,14.39,2024-01-01 07:00:00
u1377,sess0002438,B,15.1,2024-01-07 16:00:00
u1377,sess0002439,B,13.82,2024-01-01 06:00:00
u1377,sess0002440,B,20.35,2024-01-04 11:00:00
u1380,sess0002441,B,17.99,2024-01-07 04:00:00
u1380,sess0002442,B,13.76,2024-01-05 16:00:00
u1380,sess0002443,B,8.69,2024-01-07 09:00:00
u1384,sess0002444,B,6.3,2024-01-04 18:00:00
u1384,sess0002445,B,11.96,2024-01-04 01:00:00
u1386,sess0002446,B,12.81,2024-01-06 14:00:00
u1386,sess0002447,B,13.16,2024-01-04 04:00:00
u1386,sess0002448,B,8.51,2024-01-03 09:00:00
u1386,sess0002449,B,10.22,2024-01-02 22:00:00
u1386,sess0002450,B,16.58,2024-01-04 04:00:00
u1386,sess0002451,B,11.38,2024-01-07 23:00:00
u1386,sess0002452,B,10.79,2024-01-05 19:00:00
u1386,sess0002453,B,13.46,2024-01-05 06:00:00
u1387,sess0002454,B,15.12,2024-01-06 12:00:00
u1387,sess0002455,B,7.15,2024-01-02 06:00:00
u1390,sess0002456,B,10.41,2024-01-07 18:00:00
u1390,sess0002457,B,17.72,2024-01-07 13:00:00
u1390,sess0002458,B,14.75,2024-01-06 06:00:00
u1390,sess0002459,B,14.68,2024-01-03 07:00:00
u1391,sess0002460,B,6.49,2024-01-02 02:00:00
u1391,sess0002461,B,11.13,2024-01-05 00:00:00
u1391,sess0002462,B,8.37,2024-01-06 03:00:00
u1391,sess0002463,B,14.25,2024-01-02 12:00:00
u1391,sess0002464,B,10.88,2024-01-02 05:00:00
u1396,sess0002465,B,15.31,2024-01-01 08:00:00
u1396,sess0002466,B,3.63,2024-01-06 11:00:00
u1396,sess0002467,B,6.27,2024-01-07 16:00:00
u1396,sess0002468,B,4.35,2024-01-07 15:00:00
u1396,sess0002469,B,11.53,2024-01-03 11:00:00
u1396,sess0002470,B,11.81,2024-01-02 11:00:00
u1397,sess0002471,B,3.9,2024-01-01 07:00:00
u1397,sess0002472,B,10.85,2024-01-02 16:00:00
u1397,sess0002473,B,3.72,2024-01-07 21:00:00
u1397,sess0002474,B,15.14,2024-01-04 13:00:00
u1397,sess0002475,B,17.41,2024-01-06 19:00:00
u1397,sess0002476,B,12.67,2024-01-05 21:00:00
u1397,sess0002477,B,14.04,2024-01-03 01:00:00
u1401,sess0002478,B,0.0,2024-01-07 19:00:00
u1401,sess0002479,B,12.88,2024-01-07 08:00:00
u1401,sess0002480,B,13.2,2024-01-06 14:00:00
u1401,sess0002481,B,18.75,2024-01-06 06:00:00
u1401,sess0002482,B,14.26,2024-01-03 08:00:00
u1401,sess0002483,B,5.72,2024-01-06 14:00:00
u1401,sess0002484,B,4.67,2024-01-03 12:00:00
u1401,sess0002485,B,25.99,2024-01-05 03:00:00
u1405,sess0002486,B,12.0,2024-01-03 00:00:00
u1405,sess0002487,B,5.4,2024-01-03 23:00:00
u1405,sess0002488,B,11.56,2024-01-06 02:00:00
u1405,sess0002489,B,1.28,2024-01-06 04:00:00
u1405,sess0002490,B,12.51,2024-01-02 04:00:00
u1405,sess0002491,B,28.08,2024-01-03 18:00:00
u1405,sess0002492,B,7.63,2024-01-06 12:00:00
u1405,sess0002493,B,13.87,2024-01-07 02:00:00
u1408,sess0002494,B,9.52,2024-01-07 00:00:00
u1408,sess0002495,B,1.73,2024-01-02 10:00:00
u1408,sess0002496,B,7.55,2024-01-04 15:00:00
u1408,sess0002497,B,6.83,2024-01-07 11:00:00
u1408,sess0002498,B,13.41,2024-01-01 09:00:00
u1408,sess0002499,B,16.5,2024-01-06 12:00:00
u1408,sess0002500,B,10.36,2024-01-06 04:00:00
u1408,sess0002501,B,12.18,2024-01-03 08:00:00
u1408,sess0002502,B,17.11,2024-01-03 23:00:00
u1408,sess0002503,B,9.67,2024-01-02 11:00:00
u1410,sess0002504,B,9.19,2024-01-03 07:00:00
u1410,sess0002505,B,15.28,2024-01-03 10:00:00
u1410,sess0002506,B,9.0,2024-01-06 02:00:00
u1410,sess0002507,B,17.64,2024-01-06 01:00:00
u1410,sess0002508,B,9.38,2024-01-03 16:00:00
u1410,sess0002509,B,11.42,2024-01-06 06:00:00
u1415,sess0002510,B,10.22,2024-01-04 14:00:00
u1415,sess0002511,B,10.2,2024-01-06 23:00:00
u1415,sess0002512,B,10.9,2024-01-02 15:00:00
u1417,sess0002513,B,15.74,2024-01-07 19:00:00
u1417,sess0002514,B,16.71,2024-01-06 00:00:00
u1417,sess0002515,B,15.1,2024-01-06 16:00:00
u1417,sess0002516,B,13.66,2024-01-02 12:00:00
u1417,sess0002517,B,10.04,2024-01-05 08:00:00
u1421,sess0002518,B,7.56,2024-01-01 07:00:00
u1421,sess0002519,B,8.49,2024-01-02 00:00:00
u1421,sess0002520,B,16.92,2024-01-06 10:00:00
u1421,sess0002521,B,10.53,2024-01-05 12:00:00
u1421,sess0002522,B,10.28,2024-01-04 19:00:00
u1421,sess0002523,B,3.93,2024-01-03 14:00:00
u1421,sess0002524,B,12.35,2024-01-04 09:00:00
u1421,sess0002525,B,7.68,2024-01-05 04:00:00
u1421,sess0002526,B,3.71,2024-01-05 14:00:00
u1421,sess0002527,B,11.21,2024-01-01 02:00:00
u1424,sess0002528,B,16.03,2024-01-06 14:00:00
u1432,sess0002529,B,10.82,2024-01-06 19:00:00
u1432,sess0002530,B,5.92,2024-01-04 06:00:00
u1432,sess0002531,B,1.19,2024-01-01 06:00:00
u1432,sess0002532,B,9.96,2024-01-05 08:00:00
u1432,sess0002533,B,10.2,2024-01-05 00:00:00
u1437,sess0002534,B,8.4,2024-01-03 03:00:00
u1437,sess0002535,B,7.93,2024-01-06 23:00:00
u1437,sess0002536,B,8.48,2024-01-07 05:00:00
u1437,sess0002537,B,15.34,2024-01-05 02:00:00
u1437,sess0002538,B,6.35,2024-01-07 18:00:00
u1437,sess0002539,B,18.68,2024-01-01 20:00:00
u1437,sess0002540,B,8.12,2024-01-04 04:00:00
u1437,sess0002541,B,14.09,2024-01-02 02:00:00
u1437,sess0002542,B,10.97,2024-01-02 06:00:00
u1437,sess0002543,B,9.37,2024-01-06 16:00:00
u1439,sess0002544,B,13.41,2024-01-03 13:00:00
u1439,sess0002545,B,10.74,2024-01-06 17:00:00
u1439,sess0002546,B,6.1,2024-01-06 19:00:00
u1439,sess0002547,B,7.4,2024-01-06 02:00:00
u1439,sess0002548,B,12.83,2024-01-06 18:00:00
u1439,sess0002549,B,5.32,2024-01-04 03:00:00
u1439,sess0002550,B,21.24,2024-01-07 22:00:00
u1439,sess0002551,B,14.76,2024-01-03 13:00:00
u1439,sess0002552,B,19.27,2024-01-03 22:00:00
u1440,sess0002553,B,11.26,2024-01-06 15:00:00
u1440,sess0002554,B,17.09,2024-01-05 05:00:00
u1441,sess0002555,B,21.72,2024-01-03 02:00:00
u1441,sess0002556,B,11.78,2024-01-02 18:00:00
u1442,sess0002557,B,11.38,2024-01-07 17:00:00
u1442,sess0002558,B,14.68,2024-01-02 14:00:00
u1449,sess0002559,B,10.43,2024-01-03 02:00:00
u1451,sess0002560,B,10.23,2024-01-05 14:00:00
u1451,sess0002561,B,18.97,2024-01-03 07:00:00
u1451,sess0002562,B,7.91,2024-01-03 20:00:00
u1451,sess0002563,B,15.3,2024-01-03 01:00:00
u1451,sess0002564,B,7.57,2024-01-04 11:00:00
u1451,sess0002565,B,17.63,2024-01-02 02:00:00
u1451,sess0002566,B,18.23,2024-01-02 01:00:00
u1451,sess0002567,B,10.19,2024-01-05 08:00:00
u1451,sess0002568,B,10.79,2024-01-06 19:00:00
u1451,sess0002569,B,11.14,2024-01-06 15:00:00
u1454,sess0002570,B,10.64,2024-01-03 06:00:00
u1454,sess0002571,B,6.76,2024-01-01 15:00:00
u1454,sess0002572,B,9.16,2024-01-07 03:00:00
u1454,sess0002573,B,6.29,2024-01-04 03:00:00
u1454,sess0002574,B,5.8,2024-01-07 17:00:00
u1457,sess0002575,B,10.62,2024-01-05 23:00:00
u1457,sess0002576,B,10.59,2024-01-03 14:00:00
u1457,sess0002577,B,15.66,2024-01-05 13:00:00
u1457,sess0002578,B,9.43,2024-01-07 20:00:00
u1457,sess0002579,B,16.68,2024-01-04 14:00:00
u1458,sess0002580,B,17.47,2024-01-02 06:00:00
u1458,sess0002581,B,12.89,2024-01-07 15:00:00
u1458,sess0002582,B,14.38,2024-01-07 04:00:00
u1458,sess0002583,B,15.91,2024-01-04 20:00:00
u1458,sess0002584,B,10.61,2024-01-03 19:00:00
u1458,sess0002585,B,16.25,2024-01-03 02:00:00
u1463,sess0002586,B,20.19,2024-01-07 12:00:00
u1463,sess0002587,B,15.13,2024-01-03 05:00:00
u1463,sess0002588,B,12.49,2024-01-04 15:00:00
u1463,sess0002589,B,11.07,2024-01-03 09:00:00
u1463,sess0002590,B,2.35,2024-01-01 11:00:00
u1463,sess0002591,B,4.88,2024-01-07 03:00:00
u1463,sess0002592,B,9.92,2024-01-06 08:00:00
u1463,sess0002593,B,2.92,2024-01-06 18:00:00
u1464,sess0002594,B,13.05,2024-01-01 02:00:00
u1464,sess0002595,B,9.05,2024-01-05 23:00:00
u1464,sess0002596,B,7.6,2024-01-06 12:00:00
u1464,sess0002597,B,17.99,2024-01-02 06:00:00
u1470,sess0002598,B,17.61,2024-01-02 03:00:00
u1470,sess0002599,B,7.6,2024-01-02 02:00:00
u1473,sess0002600,B,11.07,2024-01-04 03:00:00
u1473,sess0002601,B,20.05,2024-01-06 01:00:00
u1473,sess0002602,B,3.57,2024-01-06 05:00:00
u1473,sess0002603,B,6.24,2024-01-01 23:00:00
u1473,sess0002604,B,6.58,2024-01-03 20:00:00
u1473,sess0002605,B,10.46,2024-01-02 05:00:00
u1478,sess0002606,B,16.52,2024-01-03 00:00:00
u1478,sess0002607,B,11.01,2024-01-05 19:00:00
u1478,sess0002608,B,16.32,2024-01-06 18:00:00
u1478,sess0002609,B,11.18,2024-01-02 10:00:00
u1478,sess0002610,B,2.56,2024-01-03 22:00:00
u1478,sess0002611,B,4.16,2024-01-01 22:00:00
u1478,sess0002612,B,18.64,2024-01-07 07:00:00
u1478,sess0002613,B,17.64,2024-01-06 05:00:00
u1478,sess0002614,B,9.75,2024-01-07 12:00:00
u1481,sess0002615,B,20.31,2024-01-01 07:00:00
u1481,sess0002616,B,18.51,2024-01-01 16:00:00
u1481,sess0002617,B,11.75,2024-01-02 09:00:00
u1488,sess0002618,B,11.72,2024-01-07 02:00:00
u1488,sess0002619,B,15.01,2024-01-07 20:00:00
u1488,sess0002620,B,6.3,2024-01-02 13:00:00
u1488,sess0002621,B,7.07,2024-01-03 04:00:00
u1488,sess0002622,B,5.87,2024-01-05 21:00:00
u1488,sess0002623,B,6.78,2024-01-07 13:00:00
u1488,sess0002624,B,8.45,2024-01-06 03:00:00
u1490,sess0002625,B,13.34,2024-01-01 15:00:00
u1491,sess0002626,B,10.62,2024-01-07 00:00:00
u1491,sess0002627,B,16.47,2024-01-07 05:00:00
u1491,sess0002628,B,11.83,2024-01-05 02:00:00
u1491,sess0002629,B,10.05,2024-01-06 04:00:00
u1491,sess0002630,B,17.49,2024-01-01 03:00:00
u1491,sess0002631,B,11.24,2024-01-01 11:00:00
u1491,sess0002632,B,14.66,2024-01-02 02:00:00
u1493,sess0002633,B,6.47,2024-01-07 13:00:00
u1493,sess0002634,B,16.23,2024-01-04 09:00:00
u1493,sess0002635,B,10.24,2024-01-02 01:00:00
u1493,sess0002636,B,21.74,2024-01-04 19:00:00
u1493,sess0002637,B,0.63,2024-01-04 05:00:00
u1493,sess0002638,B,16.23,2024-01-05 15:00:00
u1493,sess0002639,B,7.99,2024-01-01 21:00:00
u1493,sess0002640,B,11.66,2024-01-02 03:00:00
u1497,sess0002641,B,11.54,2024-01-06 03:00:00
u1497,sess0002642,B,6.78,2024-01-05 12:00:00
u1497,sess0002643,B,4.95,2024-01-01 06:00:00
u1497,sess0002644,B,0.53,2024-01-01 22:00:00
u1497,sess0002645,B,9.79,2024-01-04 23:00:00
u1497,sess0002646,B,22.36,2024-01-01 20:00:00
u1502,sess0002647,B,7.47,2024-01-03 04:00:00
u1502,sess0002648,B,3.35,2024-01-04 11:00:00
u1502,sess0002649,B,10.88,2024-01-05 06:00:00
u1502,sess0002650,B,4.01,2024-01-05 10:00:00
u1502,sess0002651,B,8.14,2024-01-04 13:00:00
u1502,sess0002652,B,14.75,2024-01-05 22:00:00
u1502,sess0002653,B,11.96,2024-01-03 06:00:00
u1502,sess0002654,B,0.0,2024-01-07 00:00:00
u1502,sess0002655,B,17.54,2024-01-05 16:00:00
u1502,sess0002656,B,17.04,2024-01-01 12:00:00
u1507,sess0002657,B,15.21,2024-01-03 04:00:00
u1507,sess0002658,B,0.9,2024-01-02 06:00:00
u1507,sess0002659,B,13.66,2024-01-04 14:00:00
u1507,sess0002660,B,15.3,2024-01-04 01:00:00
u1507,sess0002661,B,13.78,2024-01-05 00:00:00
u1507,sess0002662,B,12.52,2024-01-05 15:00:00
u1507,sess0002663,B,12.87,2024-01-06 00:00:00
u1507,sess0002664,B,7.84,2024-01-05 13:00:00
u1509,sess0002665,B,2.14,2024-01-03 13:00:00
u1509,sess0002666,B,11.68,2024-01-07 18:00:00
u1509,sess0002667,B,8.3,2024-01-01 20:00:00
u1509,sess0002668,B,3.0,2024-01-06 22:00:00
u1509,sess0002669,B,7.0,2024-01-06 07:00:00
u1509,sess0002670,B,5.98,2024-01-07 14:00:00
u1509,sess0002671,B,7.78,2024-01-03 04:00:00
u1509,sess0002672,B,10.89,2024-01-03 17:00:00
u1511,sess0002673,B,16.38,2024-01-02 07:00:00
u1511,sess0002674,B,10.45,2024-01-07 09:00:00
u1511,sess0002675,B,12.9,2024-01-04 02:00:00
u1511,sess0002676,B,21.24,2024-01-02 04:00:00
u1511,sess0002677,B,13.08,2024-01-02 07:00:00
u1511,sess0002678,B,16.06,2024-01-07 13:00:00
u1511,sess0002679,B,22.71,2024-01-04 08:00:00
u1514,sess0002680,B,19.2,2024-01-06 23:00:00
u1514,sess0002681,B,7.47,2024-01-01 11:00:00
u1514,sess0002682,B,13.31,2024-01-02 00:00:00
u1515,sess0002683,B,24.31,2024-01-03 06:00:00
u1515,sess0002684,B,15.17,2024-01-06 10:00:00
u1518,sess0002685,B,7.72,2024-01-03 02:00:00
u1519,sess0002686,B,17.13,2024-01-02 02:00:00
u1519,sess0002687,B,9.2,2024-01-02 00:00:00
u1519,sess0002688,B,8.89,2024-01-02 08:00:00
u1523,sess0002689,B,24.64,2024-01-02 16:00:00
u1523,sess0002690,B,10.21,2024-01-05 20:00:00
u1523,sess0002691,B,15.03,2024-01-02 06:00:00
u1523,sess0002692,B,18.48,2024-01-04 16:00:00
u1523,sess0002693,B,13.06,2024-01-07 20:00:00
u1523,sess0002694,B,9.69,2024-01-01 22:00:00
u1523,sess0002695,B,17.71,2024-01-02 05:00:00
u1525,sess0002696,B,9.36,2024-01-01 00:00:00
u1525,sess0002697,B,15.14,2024-01-07 16:00:00
u1525,sess0002698,B,11.26,2024-01-03 04:00:00
u1525,sess0002699,B,22.05,2024-01-06 18:00:00
u1525,sess0002700,B,10.1,2024-01-06 09:00:00
u1526,sess0002701,B,14.45,2024-01-01 06:00:00
u1526,sess0002702,B,11.01,2024-01-03 18:00:00
u1526,sess0002703,B,13.64,2024-01-06 18:00:00
u1526,sess0002704,B,3.42,2024-01-02 12:00:00
u1526,sess0002705,B,8.19,2024-01-01 06:00:00
u1527,sess0002706,B,4.11,2024-01-05 23:00:00
u1527,sess0002707,B,9.13,2024-01-02 20:00:00
u1527,sess0002708,B,17.68,2024-01-05 00:00:00
u1527,sess0002709,B,8.65,2024-01-04 06:00:00
u1527,sess0002710,B,15.48,2024-01-07 12:00:00
u1527,sess0002711,B,4.83,2024-01-04 10:00:00
u1527,sess0002712,B,22.01,2024-01-07 12:00:00
u1527,sess0002713,B,7.63,2024-01-03 06:00:00
u1527,sess0002714,B,4.12,2024-01-07 10:00:00
u1527,sess0002715,B,3.23,2024-01-04 08:00:00
u1528,sess0002716,B,13.16,2024-01-06 18:00:00
u1528,sess0002717,B,21.21,2024-01-01 11:00:00
u1528,sess0002718,B,19.1,2024-01-05 09:00:00
u1528,sess0002719,B,13.08,2024-01-01 06:00:00
u1528,sess0002720,B,12.58,2024-01-06 21:00:00
u1528,sess0002721,B,7.84,2024-01-01 10:00:00
u1528,sess0002722,B,18.78,2024-01-05 10:00:00
u1528,sess0002723,B,19.44,2024-01-02 22:00:00
u1528,sess0002724,B,16.37,2024-01-07 08:00:00
u1530,sess0002725,B,6.25,2024-01-06 22:00:00
u1530,sess0002726,B,14.18,2024-01-01 15:00:00
u1532,sess0002727,B,15.24,2024-01-06 06:00:00
u1532,sess0002728,B,11.9,2024-01-06 10:00:00
u1533,sess0002729,B,12.03,2024-01-04 21:00:00
u1533,sess0002730,B,5.75,2024-01-01 16:00:00
u1533,sess0002731,B,6.41,2024-01-05 02:00:00
u1534,sess0002732,B,7.44,2024-01-01 12:00:00
u1534,sess0002733,B,10.31,2024-01-01 17:00:00
u1534,sess0002734,B,12.59,2024-01-06 12:00:00
u1534,sess0002735,B,10.88,2024-01-03 13:00:00
u1534,sess0002736,B,11.06,2024-01-03 04:00:00
u1534,sess0002737,B,15.49,2024-01-03 16:00:00
u1538,sess0002738,B,4.49,2024-01-06 10:00:00
u1538,sess0002739,B,14.2,2024-01-02 11:00:00
u1538,sess0002740,B,8.74,2024-01-01 22:00:00
u1538,sess0002741,B,11.5,2024-01-06 04:00:00
u1538,sess0002742,B,14.22,2024-01-01 11:00:00
u1542,sess0002743,B,13.59,2024-01-07 10:00:00
u1542,sess0002744,B,14.07,2024-01-01 18:00:00
u1549,sess0002745,B,10.2,2024-01-06 09:00:00
u1549,sess0002746,B,10.96,2024-01-07 19:00:00
u1549,sess0002747,B,14.11,2024-01-03 15:00:00
u1549,sess0002748,B,10.4,2024-01-01 00:00:00
u1551,sess0002749,B,9.13,2024-01-01 01:00:00
u1551,sess0002750,B,11.27,2024-01-04 20:00:00
u1551,sess0002751,B,14.74,2024-01-04 07:00:00
u1551,sess0002752,B,12.56,2024-01-05 14:00:00
u1551,sess0002753,B,10.21,2024-01-01 05:00:00
u1560,sess0002754,B,8.97,2024-01-06 02:00:00
u1561,sess0002755,B,13.48,2024-01-02 21:00:00
u1563,sess0002756,B,15.22,2024-01-05 05:00:00
u1563,sess0002757,B,13.78,2024-01-04 03:00:00
u1563,sess0002758,B,12.28,2024-01-06 00:00:00
u1563,sess0002759,B,8.11,2024-01-07 22:00:00
u1563,sess0002760,B,9.45,2024-01-07 04:00:00
u1563,sess0002761,B,20.08,2024-01-04 10:00:00
u1563,sess0002762,B,0.0,2024-01-01 08:00:00
u1563,sess0002763,B,7.12,2024-01-05 16:00:00
u1563,sess0002764,B,13.39,2024-01-06 19:00:00
u1564,sess0002765,B,18.24,2024-01-01 10:00:00
u1564,sess0002766,B,12.21,2024-01-06 20:00:00
u1564,sess0002767,B,14.8,2024-01-03 14:00:00
u1564,sess0002768,B,7.33,2024-01-07 14:00:00
u1564,sess0002769,B,12.26,2024-01-03 22:00:00
u1564,sess0002770,B,14.31,2024-01-02 12:00:00
u1564,sess0002771,B,4.97,2024-01-05 20:00:00
u1564,sess0002772,B,6.99,2024-01-03 00:00:00
u1565,sess0002773,B,10.45,2024-01-04 03:00:00
u1565,sess0002774,B,11.03,2024-01-03 09:00:00
u1565,sess0002775,B,20.2,2024-01-04 06:00:00
u1566,sess0002776,B,13.11,2024-01-06 07:00:00
u1566,sess0002777,B,18.05,2024-01-06 11:00:00
u1570,sess0002778,B,16.47,2024-01-03 10:00:00
u1570,sess0002779,B,2.75,2024-01-04 15:00:00
u1570,sess0002780,B,7.57,2024-01-04 08:00:00
u1570,sess0002781,B,9.37,2024-01-03 06:00:00
u1570,sess0002782,B,14.62,2024-01-07 16:00:00
u1572,sess0002783,B,11.56,2024-01-06 19:00:00
u1572,sess0002784,B,10.98,2024-01-06 22:00:00
u1572,sess0002785,B,14.71,2024-01-06 11:00:00
u1572,sess0002786,B,8.14,2024-01-02 20:00:00
u1572,sess0002787,B,18.53,2024-01-01 21:00:00
u1572,sess0002788,B,5.87,2024-01-04 16:00:00
u1572,sess0002789,B,13.76,2024-01-05 00:00:00
u1573,sess0002790,B,8.78,2024-01-06 17:00:00
u1573,sess0002791,B,6.6,2024-01-03 18:00:00
u1573,sess0002792,B,20.09,2024-01-03 12:00:00
u1573,sess0002793,B,15.62,2024-01-05 07:00:00
u1573,sess0002794,B,10.57,2024-01-06 18:00:00
u1573,sess0002795,B,12.39,2024-01-05 02:00:00
u1573,sess0002796,B,13.85,2024-01-03 15:00:00
u1573,sess0002797,B,13.13,2024-01-04 08:00:00
u1573,sess0002798,B,12.45,2024-01-03 17:00:00
u1573,sess0002799,B,8.11,2024-01-04 19:00:00
u1581,sess0002800,B,10.4,2024-01-06 15:00:00
u1581,sess0002801,B,9.83,2024-01-07 23:00:00
u1581,sess0002802,B,9.16,2024-01-07 05:00:00
u1581,sess0002803,B,13.66,2024-01-02 16:00:00
u1581,sess0002804,B,9.12,2024-01-01 18:00:00
u1584,sess0002805,B,16.08,2024-01-03 13:00:00
u1584,sess0002806,B,16.92,2024-01-01 15:00:00
u1584,sess0002807,B,15.21,2024-01-04 13:00:00
u1584,sess0002808,B,8.2,2024-01-07 16:00:00
u1584,sess0002809,B,9.69,2024-01-02 15:00:00
u1584,sess0002810,B,16.05,2024-01-02 14:00:00
u1584,sess0002811,B,10.36,2024-01-01 06:00:00
u1588,sess0002812,B,15.29,2024-01-04 12:00:00
u1588,sess0002813,B,16.11,2024-01-04 18:00:00
u1588,sess0002814,B,15.42,2024-01-04 11:00:00
u1588,sess0002815,B,15.73,2024-01-05 02:00:00
u1588,sess0002816,B,13.48,2024-01-03 03:00:00
u1588,sess0002817,B,8.73,2024-01-01 15:00:00
u1591,sess0002818,B,14.96,2024-01-01 15:00:00
u1591,sess0002819,B,16.13,2024-01-04 09:00:00
u1591,sess0002820,B,15.72,2024-01-04 05:00:00
u1591,sess0002821,B,3.44,2024-01-06 23:00:00
u1591,sess0002822,B,8.97,2024-01-03 11:00:00
u1593,sess0002823,B,4.37,2024-01-03 17:00:00
u1593,sess0002824,B,21.02,2024-01-06 05:00:00
u1593,sess0002825,B,21.62,2024-01-01 04:00:00
u1593,sess0002826,B,10.46,2024-01-06 10:00:00
u1593,sess0002827,B,5.67,2024-01-03 23:00:00
u1593,sess0002828,B,11.87,2024-01-05 03:00:00
u1593,sess0002829,B,9.91,2024-01-07 05:00:00
u1593,sess0002830,B,18.85,2024-01-05 00:00:00
u1594,sess0002831,B,10.3,2024-01-05 01:00:00
u1594,sess0002832,B,1.73,2024-01-01 13:00:00
u1594,sess0002833,B,16.91,2024-01-01 11:00:00
u1596,sess0002834,B,2.04,2024-01-02 17:00:00
u1596,sess0002835,B,9.66,2024-01-02 10:00:00
u1596,sess0002836,B,12.59,2024-01-03 16:00:00
u1596,sess0002837,B,11.61,2024-01-07 21:00:00
u1596,sess0002838,B,23.4,2024-01-03 17:00:00
u1596,sess0002839,B,13.46,2024-01-02 00:00:00
u1596,sess0002840,B,14.1,2024-01-02 05:00:00
u1597,sess0002841,B,15.72,2024-01-05 04:00:00
u1597,sess0002842,B,11.64,2024-01-06 15:00:00
u1597,sess0002843,B,21.52,2024-01-04 21:00:00
u1597,sess0002844,B,11.97,2024-01-05 19:00:00
u1597,sess0002845,B,3.29,2024-01-02 10:00:00
u1597,sess0002846,B,16.53,2024-01-02 14:00:00
u1597,sess0002847,B,10.91,2024-01-04 11:00:00
u1597,sess0002848,B,8.78,2024-01-02 22:00:00
u1597,sess0002849,B,10.79,2024-01-03 14:00:00
u1597,sess0002850,B,16.4,2024-01-04 20:00:00
u1598,sess0002851,B,23.63,2024-01-03 23:00:00
u1601,sess0002852,B,14.84,2024-01-03 11:00:00
u1601,sess0002853,B,9.17,2024-01-03 08:00:00
u1601,sess0002854,B,6.76,2024-01-03 19:00:00
u1601,sess0002855,B,14.65,2024-01-03 23:00:00
u1601,sess0002856,B,8.89,2024-01-06 08:00:00
u1601,sess0002857,B,21.88,2024-01-05 19:00:00
u1601,sess0002858,B,11.63,2024-01-04 09:00:00
u1601,sess0002859,B,17.14,2024-01-07 08:00:00
u1601,sess0002860,B,11.92,2024-01-01 15:00:00
u1601,sess0002861,B,5.23,2024-01-06 18:00:00
u1603,sess0002862,B,15.75,2024-01-06 18:00:00
u1603,sess0002863,B,19.2,2024-01-05 05:00:00
u1603,sess0002864,B,7.16,2024-01-03 14:00:00
u1603,sess0002865,B,17.43,2024-01-02 08:00:00
u1603,sess0002866,B,15.36,2024-01-03 11:00:00
u1603,sess0002867,B,1.35,2024-01-03 08:00:00
u1603,sess0002868,B,17.62,2024-01-02 20:00:00
u1603,sess0002869,B,10.27,2024-01-05 06:00:00
u1603,sess0002870,B,6.77,2024-01-02 22:00:00
u1604,sess0002871,B,7.16,2024-01-06 09:00:00
u1604,sess0002872,B,9.17,2024-01-01 21:00:00
u1605,sess0002873,B,15.14,2024-01-04 04:00:00
u1605,sess0002874,B,13.29,2024-01-06 09:00:00
u1605,sess0002875,B,9.87,2024-01-02 17:00:00
u1608,sess0002876,B,16.01,2024-01-04 04:00:00
u1608,sess0002877,B,12.66,2024-01-06 07:00:00
u1608,sess0002878,B,9.25,2024-01-02 22:00:00
u1608,sess0002879,B,6.28,2024-01-06 02:00:00
u1608,sess0002880,B,19.38,2024-01-02 09:00:00
u1608,sess0002881,B,7.19,2024-01-02 08:00:00
u1608,sess0002882,B,12.41,2024-01-06 02:00:00
u1608,sess0002883,B,10.59,2024-01-06 10:00:00
u1608,sess0002884,B,0.0,2024-01-06 07:00:00
u1610,sess0002885,B,20.19,2024-01-01 14:00:00
u1610,sess0002886,B,13.21,2024-01-04 10:00:00
u1610,sess0002887,B,12.43,2024-01-01 10:00:00
u1610,sess0002888,B,17.23,2024-01-05 19:00:00
u1610,sess0002889,B,8.6,2024-01-05 09:00:00
u1611,sess0002890,B,3.17,2024-01-05 17:00:00
u1611,sess0002891,B,19.19,2024-01-07 10:00:00
u1611,sess0002892,B,10.47,2024-01-05 20:00:00
u1611,sess0002893,B,14.74,2024-01-01 01:00:00
u1611,sess0002894,B,10.03,2024-01-01 21:00:00
u1611,sess0002895,B,14.56,2024-01-05 11:00:00
u1611,sess0002896,B,17.35,2024-01-01 23:00:00
u1611,sess0002897,B,13.3,2024-01-04 08:00:00
u1611,sess0002898,B,12.09,2024-01-07 06:00:00
u1611,sess0002899,B,10.24,2024-01-02 01:00:00
u1613,sess0002900,B,16.92,2024-01-06 07:00:00
u1613,sess0002901,B,9.46,2024-01-04 16:00:00
u1613,sess0002902,B,16.17,2024-01-03 09:00:00
u1614,sess0002903,B,14.66,2024-01-04 23:00:00
u1614,sess0002904,B,6.99,2024-01-01 06:00:00
u1614,sess0002905,B,4.13,2024-01-02 13:00:00
u1615,sess0002906,B,12.76,2024-01-07 04:00:00
u1615,sess0002907,B,17.6,2024-01-04 19:00:00
u1615,sess0002908,B,10.1,2024-01-03 05:00:00
u1615,sess0002909,B,9.43,2024-01-05 19:00:00
u1615,sess0002910,B,17.0,2024-01-05 23:00:00
u1615,sess0002911,B,8.7,2024-01-04 03:00:00
u1620,sess0002912,B,12.89,2024-01-02 12:00:00
u1621,sess0002913,B,19.09,2024-01-07 01:00:00
u1621,sess0002914,B,3.96,2024-01-04 17:00:00
u1621,sess0002915,B,15.77,2024-01-05 22:00:00
u1621,sess0002916,B,12.84,2024-01-05 13:00:00
u1621,sess0002917,B,13.12,2024-01-05 13:00:00
u1622,sess0002918,B,16.9,2024-01-06 00:00:00
u1622,sess0002919,B,7.69,2024-01-07 06:00:00
u1622,sess0002920,B,12.34,2024-01-01 06:00:00
u1622,sess0002921,B,13.76,2024-01-03 13:00:00
u1622,sess0002922,B,18.06,2024-01-04 01:00:00
u1622,sess0002923,B,13.53,2024-01-02 10:00:00
u1630,sess0002924,B,8.12,2024-01-01 13:00:00
u1630,sess0002925,B,8.61,2024-01-01 17:00:00
u1630,sess0002926,B,4.18,2024-01-06 08:00:00
u1630,sess0002927,B,14.32,2024-01-07 04:00:00
u1630,sess0002928,B,10.2,2024-01-01 13:00:00
u1630,sess0002929,B,12.73,2024-01-04 12:00:00
u1632,sess0002930,B,12.78,2024-01-04 14:00:00
u1632,sess0002931,B,3.87,2024-01-01 23:00:00
u1632,sess0002932,B,18.46,2024-01-05 22:00:00
u1632,sess0002933,B,15.14,2024-01-07 07:00:00
u1632,sess0002934,B,13.27,2024-01-01 14:00:00
u1632,sess0002935,B,9.58,2024-01-04 11:00:00
u1632,sess0002936,B,16.02,2024-01-03 23:00:00
u1632,sess0002937,B,13.25,2024-01-05 14:00:00
u1632,sess0002938,B,16.11,2024-01-03 14:00:00
u1634,sess0002939,B,12.98,2024-01-01 11:00:00
u1634,sess0002940,B,4.62,2024-01-07 01:00:00
u1634,sess0002941,B,7.74,2024-01-03 11:00:00
u1634,sess0002942,B,7.23,2024-01-03 18:00:00
u1634,sess0002943,B,15.52,2024-01-07 14:00:00
u1634,sess0002944,B,16.97,2024-01-01 00:00:00
u1634,sess0002945,B,12.17,2024-01-03 13:00:00
u1635,sess0002946,B,12.78,2024-01-03 09:00:00
u1635,sess0002947,B,10.75,2024-01-06 20:00:00
u1635,sess0002948,B,13.95,2024-01-06 02:00:00
u1635,sess0002949,B,13.68,2024-01-03 00:00:00
u1635,sess0002950,B,9.56,2024-01-07 20:00:00
u1635,sess0002951,B,16.89,2024-01-07 02:00:00
u1635,sess0002952,B,11.23,2024-01-06 09:00:00
u1635,sess0002953,B,17.76,2024-01-01 00:00:00
u1636,sess0002954,B,9.28,2024-01-06 10:00:00
u1636,sess0002955,B,12.28,2024-01-06 16:00:00
u1636,sess0002956,B,9.49,2024-01-02 05:00:00
u1636,sess0002957,B,8.49,2024-01-04 16:00:00
u1636,sess0002958,B,11.53,2024-01-01 00:00:00
u1636,sess0002959,B,12.86,2024-01-05 21:00:00
u1636,sess0002960,B,8.34,2024-01-04 00:00:00
u1636,sess0002961,B,18.42,2024-01-01 05:00:00
u1636,sess0002962,B,11.22,2024-01-05 12:00:00
u1638,sess0002963,B,10.95,2024-01-03 17:00:00
u1638,sess0002964,B,5.24,2024-01-06 16:00:00
u1638,sess0002965,B,11.31,2024-01-01 05:00:00
u1638,sess0002966,B,12.02,2024-01-06 10:00:00
u1638,sess0002967,B,18.82,2024-01-05 20:00:00
u1643,sess0002968,B,10.03,2024-01-01 17:00:00
u1643,sess0002969,B,23.02,2024-01-06 07:00:00
u1643,sess0002970,B,4.23,2024-01-02 11:00:00
u1643,sess0002971,B,11.75,2024-01-06 13:00:00
u1643,sess0002972,B,8.41,2024-01-07 17:00:00
u1643,sess0002973,B,11.25,2024-01-03 03:00:00
u1643,sess0002974,B,14.4,2024-01-02 00:00:00
u1646,sess0002975,B,8.14,2024-01-07 22:00:00
u1646,sess0002976,B,9.18,2024-01-06 19:00:00
u1646,sess0002977,B,9.68,2024-01-01 02:00:00
u1649,sess0002978,B,16.29,2024-01-05 18:00:00
u1649,sess0002979,B,7.03,2024-01-01 15:00:00
u1649,sess0002980,B,11.17,2024-01-03 03:00:00
u1649,sess0002981,B,11.59,2024-01-01 04:00:00
u1649,sess0002982,B,19.85,2024-01-02 17:00:00
u1649,sess0002983,B,8.84,2024-01-01 15:00:00
u1649,sess0002984,B,14.96,2024-01-06 23:00:00
u1649,sess0002985,B,5.63,2024-01-06 00:00:00
u1650,sess0002986,B,17.98,2024-01-07 11:00:00
u1650,sess0002987,B,16.1,2024-01-01 23:00:00
u1650,sess0002988,B,7.27,2024-01-01 18:00:00
u1650,sess0002989,B,15.08,2024-01-03 13:00:00
u1650,sess0002990,B,8.94,2024-01-01 17:00:00
u1650,sess0002991,B,18.34,2024-01-05 11:00:00
u1650,sess0002992,B,10.07,2024-01-01 11:00:00
u1650,sess0002993,B,12.33,2024-01-05 18:00:00
u1650,sess0002994,B,15.92,2024-01-02 08:00:00
u1651,sess0002995,B,7.84,2024-01-05 05:00:00
u1651,sess0002996,B,0.0,2024-01-06 10:00:00
u1651,sess0002997,B,19.67,2024-01-03 09:00:00
u1651,sess0002998,B,19.65,2024-01-01 03:00:00
u1651,sess0002999,B,10.31,2024-01-02 11:00:00
u1651,sess0003000,B,13.68,2024-01-01 22:00:00
u1651,sess0003001,B,8.94,2024-01-06 23:00:00
u1651,sess0003002,B,7.94,2024-01-03 09:00:00
u1651,sess0003003,B,6.48,2024-01-06 08:00:00
u1656,sess0003004,B,15.34,2024-01-01 00:00:00
u1656,sess0003005,B,16.12,2024-01-01 23:00:00
u1656,sess0003006,B,12.09,2024-01-05 01:00:00
u1656,sess0003007,B,12.38,2024-01-06 17:00:00
u1656,sess0003008,B,13.19,2024-01-01 13:00:00
u1656,sess0003009,B,13.67,2024-01-03 17:00:00
u1656,sess0003010,B,16.05,2024-01-04 09:00:00
u1656,sess0003011,B,9.2,2024-01-03 23:00:00
u1660,sess0003012,B,11.1,2024-01-05 04:00:00
u1660,sess0003013,B,12.53,2024-01-02 12:00:00
u1660,sess0003014,B,9.68,2024-01-07 16:00:00
u1660,sess0003015,B,15.0,2024-01-04 04:00:00
u1660,sess0003016,B,9.73,2024-01-05 13:00:00
u1660,sess0003017,B,17.76,2024-01-07 22:00:00
u1661,sess0003018,B,13.35,2024-01-06 17:00:00
u1661,sess0003019,B,8.72,2024-01-07 06:00:00
u1661,sess0003020,B,17.14,2024-01-02 09:00:00
u1661,sess0003021,B,6.96,2024-01-01 15:00:00
u1661,sess0003022,B,11.36,2024-01-03 19:00:00
u1663,sess0003023,B,10.33,2024-01-03 11:00:00
u1663,sess0003024,B,10.88,2024-01-04 05:00:00
u1663,sess0003025,B,8.62,2024-01-04 07:00:00
u1663,sess0003026,B,15.56,2024-01-05 21:00:00
u1663,sess0003027,B,19.82,2024-01-03 05:00:00
u1663,sess0003028,B,15.35,2024-01-03 22:00:00
u1664,sess0003029,B,10.24,2024-01-01 08:00:00
u1664,sess0003030,B,11.65,2024-01-03 21:00:00
u1664,sess0003031,B,9.25,2024-01-01 11:00:00
u1664,sess0003032,B,3.38,2024-01-02 07:00:00
u1665,sess0003033,B,11.02,2024-01-07 06:00:00
u1665,sess0003034,B,8.4,2024-01-02 01:00:00
u1665,sess0003035,B,10.28,2024-01-02 12:00:00
u1672,sess0003036,B,14.66,2024-01-01 08:00:00
u1672,sess0003037,B,17.71,2024-01-06 07:00:00
u1672,sess0003038,B,20.15,2024-01-06 09:00:00
u1672,sess0003039,B,14.48,2024-01-05 18:00:00
u1672,sess0003040,B,7.65,2024-01-02 18:00:00
u1672,sess0003041,B,6.28,2024-01-02 22:00:00
u1672,sess0003042,B,13.95,2024-01-03 14:00:00
u1672,sess0003043,B,10.9,2024-01-02 06:00:00
u1674,sess0003044,B,13.06,2024-01-03 06:00:00
u1674,sess0003045,B,3.77,2024-01-05 20:00:00
u1674,sess0003046,B,11.87,2024-01-02 11:00:00
u1674,sess0003047,B,10.23,2024-01-02 13:00:00
u1674,sess0003048,B,5.17,2024-01-04 02:00:00
u1674,sess0003049,B,10.96,2024-01-06 05:00:00
u1674,sess0003050,B,9.32,2024-01-02 12:00:00
u1674,sess0003051,B,9.23,2024-01-05 21:00:00
u1674,sess0003052,B,12.89,2024-01-01 00:00:00
u1675,sess0003053,B,12.31,2024-01-07 09:00:00
u1675,sess0003054,B,10.33,2024-01-03 10:00:00
u1675,sess0003055,B,12.59,2024-01-01 06:00:00
u1675,sess0003056,B,16.05,2024-01-01 17:00:00
u1675,sess0003057,B,8.41,2024-01-01 11:00:00
u1675,sess0003058,B,9.09,2024-01-04 11:00:00
u1675,sess0003059,B,7.65,2024-01-04 22:00:00
u1683,sess0003060,B,19.04,2024-01-03 03:00:00
u1683,sess0003061,B,3.84,2024-01-05 11:00:00
u1683,sess0003062,B,15.66,2024-01-04 14:00:00
u1683,sess0003063,B,3.17,2024-01-04 11:00:00
u1684,sess0003064,B,9.5,2024-01-01 03:00:00
u1684,sess0003065,B,7.98,2024-01-03 18:00:00
u1684,sess0003066,B,14.52,2024-01-06 19:00:00
u1684,sess0003067,B,21.9,2024-01-02 16:00:00
u1684,sess0003068,B,13.12,2024-01-07 19:00:00
u1684,sess0003069,B,0.57,2024-01-04 22:00:00
u1684,sess0003070,B,3.78,2024-01-05 19:00:00
u1684,sess0003071,B,7.79,2024-01-05 21:00:00
u1684,sess0003072,B,20.19,2024-01-04 23:00:00
u1684,sess0003073,B,8.95,2024-01-02 00:00:00
u1687,sess0003074,B,14.33,2024-01-01 10:00:00
u1687,sess0003075,B,26.68,2024-01-07 17:00:00
u1687,sess0003076,B,18.37,2024-01-04 10:00:00
u1687,sess0003077,B,22.04,2024-01-01 04:00:00
u1687,sess0003078,B,11.48,2024-01-05 15:00:00
u1687,sess0003079,B,10.2,2024-01-01 14:00:00
u1687,sess0003080,B,5.94,2024-01-01 03:00:00
u1687,sess0003081,B,11.75,2024-01-01 20:00:00
u1687,sess0003082,B,12.27,2024-01-06 16:00:00
u1687,sess0003083,B,6.83,2024-01-05 15:00:00
u1689,sess0003084,B,14.96,2024-01-05 20:00:00
u1689,sess0003085,B,13.24,2024-01-04 05:00:00
u1689,sess0003086,B,10.67,2024-01-02 12:00:00
u1689,sess0003087,B,14.78,2024-01-03 02:00:00
u1689,sess0003088,B,11.09,2024-01-03 17:00:00
u1689,sess0003089,B,10.66,2024-01-01 08:00:00
u1689,sess0003090,B,14.66,2024-01-06 20:00:00
u1693,sess0003091,B,6.27,2024-01-02 06:00:00
u1693,sess0003092,B,7.79,2024-01-07 06:00:00
u1693,sess0003093,B,7.64,2024-01-04 17:00:00
u1693,sess0003094,B,8.69,2024-01-02 01:00:00
u1693,sess0003095,B,15.68,2024-01-01 08:00:00
u1693,sess0003096,B,10.93,2024-01-02 20:00:00
u1693,sess0003097,B,11.36,2024-01-02 02:00:00
u1693,sess0003098,B,7.41,2024-01-06 20:00:00
u1693,sess0003099,B,13.77,2024-01-04 19:00:00
u1694,sess0003100,B,11.59,2024-01-04 04:00:00
u1694,sess0003101,B,11.11,2024-01-07 02:00:00
u1695,sess0003102,B,7.74,2024-01-02 13:00:00
u1695,sess0003103,B,18.01,2024-01-05 13:00:00
u1695,sess0003104,B,7.56,2024-01-05 15:00:00
u1695,sess0003105,B,5.59,2024-01-03 03:00:00
u1695,sess0003106,B,19.4,2024-01-07 17:00:00
u1695,sess0003107,B,16.25,2024-01-04 05:00:00
u1695,sess0003108,B,15.01,2024-01-03 12:00:00
u1695,sess0003109,B,3.72,2024-01-01 18:00:00
u1695,sess0003110,B,11.57,2024-01-06 00:00:00
u1695,sess0003111,B,10.8,2024-01-07 21:00:00
u1697,sess0003112,B,11.01,2024-01-02 15:00:00
u1697,sess0003113,B,12.61,2024-01-03 22:00:00
u1697,sess0003114,B,5.27,2024-01-07 06:00:00
u1697,sess0003115,B,15.2,2024-01-03 09:00:00
u1697,sess0003116,B,24.6,2024-01-07 11:00:00
u1697,sess0003117,B,14.54,2024-01-05 09:00:00
u1697,sess0003118,B,17.46,2024-01-01 03:00:00
u1697,sess0003119,B,11.47,2024-01-02 02:00:00
u1697,sess0003120,B,11.0,2024-01-02 17:00:00
u1697,sess0003121,B,7.97,2024-01-03 23:00:00
u1701,sess0003122,B,8.0,2024-01-05 08:00:00
u1701,sess0003123,B,25.64,2024-01-06 18:00:00
u1701,sess0003124,B,5.18,2024-01-05 04:00:00
u1701,sess0003125,B,18.31,2024-01-05 12:00:00
u1701,sess0003126,B,28.15,2024-01-01 21:00:00
u1701,sess0003127,B,12.87,2024-01-05 05:00:00
u1701,sess0003128,B,18.31,2024-01-02 18:00:00
u1701,sess0003129,B,15.98,2024-01-07 08:00:00
u1701,sess0003130,B,12.63,2024-01-03 18:00:00
u1701,sess0003131,B,9.88,2024-01-04 02:00:00
u1703,sess0003132,B,7.1,2024-01-06 09:00:00
u1703,sess0003133,B,12.93,2024-01-05 15:00:00
u1703,sess0003134,B,8.15,2024-01-07 14:00:00
u1703,sess0003135,B,16.66,2024-01-06 05:00:00
u1703,sess0003136,B,12.36,2024-01-04 04:00:00
u1719,sess0003137,B,15.49,2024-01-07 12:00:00
u1719,sess0003138,B,0.0,2024-01-01 07:00:00
u1719,sess0003139,B,11.12,2024-01-05 06:00:00
u1719,sess0003140,B,2.24,2024-01-07 06:00:00
u1719,sess0003141,B,6.55,2024-01-02 04:00:00
u1719,sess0003142,B,22.75,2024-01-02 17:00:00
u1719,sess0003143,B,15.21,2024-01-04 23:00:00
u1719,sess0003144,B,12.02,2024-01-04 13:00:00
u1719,sess0003145,B,14.09,2024-01-04 00:00:00
u1719,sess0003146,B,1.78,2024-01-07 11:00:00
u1724,sess0003147,B,14.09,2024-01-05 12:00:00
u1724,sess0003148,B,10.37,2024-01-04 15:00:00
u1724,sess0003149,B,16.17,2024-01-01 22:00:00
u1724,sess0003150,B,13.7,2024-01-07 08:00:00
u1724,sess0003151,B,7.21,2024-01-01 09:00:00
u1724,sess0003152,B,9.12,2024-01-04 00:00:00
u1724,sess0003153,B,16.8,2024-01-03 16:00:00
u1724,sess0003154,B,11.65,2024-01-05 04:00:00
u1724,sess0003155,B,5.74,2024-01-03 05:00:00
u1729,sess0003156,B,12.11,2024-01-03 14:00:00
u1729,sess0003157,B,3.05,2024-01-04 19:00:00
u1729,sess0003158,B,18.32,2024-01-04 17:00:00
u1729,sess0003159,B,20.17,2024-01-01 02:00:00
u1729,sess0003160,B,11.02,2024-01-06 09:00:00
u1729,sess0003161,B,14.36,2024-01-05 15:00:00
u1729,sess0003162,B,17.49,2024-01-07 09:00:00
u1729,sess0003163,B,7.52,2024-01-06 23:00:00
u1737,sess0003164,B,13.36,2024-01-03 23:00:00
u1737,sess0003165,B,10.75,2024-01-01 14:00:00
u1737,sess0003166,B,12.07,2024-01-05 08:00:00
u1737,sess0003167,B,14.8,2024-01-03 13:00:00
u1737,sess0003168,B,10.6,2024-01-07 01:00:00
u1737,sess0003169,B,16.02,2024-01-03 12:00:00
u1737,sess0003170,B,17.42,2024-01-06 00:00:00
u1737,sess0003171,B,19.6,2024-01-03 06:00:00
u1738,sess0003172,B,12.06,2024-01-07 22:00:00
u1738,sess0003173,B,14.67,2024-01-06 22:00:00
u1738,sess0003174,B,18.5,2024-01-04 18:00:00
u1738,sess0003175,B,16.54,2024-01-02 00:00:00
u1738,sess0003176,B,15.55,2024-01-01 21:00:00
u1738,sess0003177,B,16.47,2024-01-07 17:00:00
u1740,sess0003178,B,20.1,2024-01-04 14:00:00
u1740,sess0003179,B,13.56,2024-01-06 20:00:00
u1740,sess0003180,B,3.11,2024-01-02 11:00:00
u1742,sess0003181,B,10.37,2024-01-05 05:00:00
u1742,sess0003182,B,22.87,2024-01-01 05:00:00
u1743,sess0003183,B,4.77,2024-01-03 17:00:00
u1743,sess0003184,B,7.6,2024-01-06 11:00:00
u1743,sess0003185,B,2.46,2024-01-03 04:00:00
u1743,sess0003186,B,10.99,2024-01-05 02:00:00
u1743,sess0003187,B,23.91,2024-01-01 21:00:00
u1743,sess0003188,B,13.14,2024-01-02 23:00:00
u1743,sess0003189,B,15.27,2024-01-01 16:00:00
u1743,sess0003190,B,3.97,2024-01-05 09:00:00
u1743,sess0003191,B,13.29,2024-01-07 20:00:00
u1748,sess0003192,B,12.1,2024-01-03 00:00:00
u1748,sess0003193,B,3.47,2024-01-04 12:00:00
u1748,sess0003194,B,7.13,2024-01-01 20:00:00
u1748,sess0003195,B,14.39,2024-01-04 03:00:00
u1748,sess0003196,B,19.38,2024-01-04 12:00:00
u1750,sess0003197,B,9.18,2024-01-06 23:00:00
u1750,sess0003198,B,15.15,2024-01-06 08:00:00
u1750,sess0003199,B,12.57,2024-01-03 03:00:00
u1750,sess0003200,B,13.57,2024-01-02 22:00:00
u1756,sess0003201,B,6.61,2024-01-02 17:00:00
u1756,sess0003202,B,15.65,2024-01-03 22:00:00
u1756,sess0003203,B,17.13,2024-01-05 17:00:00
u1760,sess0003204,B,11.55,2024-01-02 19:00:00
u1760,sess0003205,B,9.94,2024-01-04 23:00:00
u1760,sess0003206,B,3.39,2024-01-04 00:00:00
u1760,sess0003207,B,8.59,2024-01-06 04:00:00
u1764,sess0003208,B,13.52,2024-01-04 06:00:00
u1766,sess0003209,B,10.51,2024-01-06 16:00:00
u1766,sess0003210,B,14.22,2024-01-02 02:00:00
u1766,sess0003211,B,6.52,2024-01-03 01:00:00
u1768,sess0003212,B,15.48,2024-01-03 06:00:00
u1768,sess0003213,B,6.9,2024-01-07 02:00:00
u1768,sess0003214,B,11.01,2024-01-02 12:00:00
u1768,sess0003215,B,11.06,2024-01-07 15:00:00
u1768,sess0003216,B,14.08,2024-01-05 15:00:00
u1768,sess0003217,B,4.69,2024-01-01 13:00:00
u1768,sess0003218,B,9.95,2024-01-03 05:00:00
u1768,sess0003219,B,13.91,2024-01-01 03:00:00
u1769,sess0003220,B,11.46,2024-01-04 00:00:00
u1769,sess0003221,B,10.64,2024-01-01 11:00:00
u1770,sess0003222,B,16.24,2024-01-06 07:00:00
u1770,sess0003223,B,7.08,2024-01-05 03:00:00
u1773,sess0003224,B,14.61,2024-01-03 22:00:00
u1773,sess0003225,B,7.95,2024-01-02 19:00:00
u1773,sess0003226,B,7.97,2024-01-05 11:00:00
u1773,sess0003227,B,10.91,2024-01-05 12:00:00
u1773,sess0003228,B,10.45,2024-01-01 15:00:00
u1773,sess0003229,B,10.65,2024-01-04 16:00:00
u1782,sess0003230,B,13.26,2024-01-04 22:00:00
u1782,sess0003231,B,15.65,2024-01-06 01:00:00
u1782,sess0003232,B,14.14,2024-01-04 16:00:00
u1782,sess0003233,B,4.62,2024-01-06 19:00:00
u1782,sess0003234,B,19.47,2024-01-03 18:00:00
u1782,sess0003235,B,11.13,2024-01-02 20:00:00
u1786,sess0003236,B,5.42,2024-01-04 07:00:00
u1786,sess0003237,B,1.87,2024-01-03 13:00:00
u1792,sess0003238,B,14.1,2024-01-01 19:00:00
u1792,sess0003239,B,6.81,2024-01-01 03:00:00
u1792,sess0003240,B,15.88,2024-01-03 22:00:00
u1792,sess0003241,B,9.62,2024-01-05 23:00:00
u1792,sess0003242,B,11.51,2024-01-07 23:00:00
u1792,sess0003243,B,17.92,2024-01-05 02:00:00
u1792,sess0003244,B,21.09,2024-01-03 17:00:00
u1793,sess0003245,B,13.85,2024-01-04 07:00:00
u1796,sess0003246,B,13.79,2024-01-06 18:00:00
u1796,sess0003247,B,12.74,2024-01-03 05:00:00
u1796,sess0003248,B,12.1,2024-01-01 02:00:00
u1796,sess0003249,B,0.0,2024-01-01 01:00:00
u1796,sess0003250,B,13.9,2024-01-04 09:00:00
u1796,sess0003251,B,13.09,2024-01-06 18:00:00
u1800,sess0003252,B,12.03,2024-01-06 17:00:00
u1800,sess0003253,B,13.78,2024-01-06 19:00:00
u1800,sess0003254,B,23.45,2024-01-01 01:00:00
u1800,sess0003255,B,13.55,2024-01-02 08:00:00
u1800,sess0003256,B,12.68,2024-01-05 06:00:00
u1800,sess0003257,B,11.61,2024-01-02 01:00:00
u1803,sess0003258,B,12.4,2024-01-06 08:00:00
u1803,sess0003259,B,10.92,2024-01-02 17:00:00
u1803,sess0003260,B,14.81,2024-01-06 14:00:00
u1803,sess0003261,B,23.57,2024-01-04 03:00:00
u1804,sess0003262,B,10.44,2024-01-03 14:00:00
u1804,sess0003263,B,13.76,2024-01-05 13:00:00
u1804,sess0003264,B,10.93,2024-01-03 21:00:00
u1804,sess0003265,B,7.97,2024-01-07 12:00:00
u1805,sess0003266,B,10.7,2024-01-02 17:00:00
u1805,sess0003267,B,8.78,2024-01-03 12:00:00
u1805,sess0003268,B,20.29,2024-01-07 11:00:00
u1805,sess0003269,B,15.88,2024-01-07 20:00:00
u1805,sess0003270,B,19.12,2024-01-02 17:00:00
u1805,sess0003271,B,6.12,2024-01-07 00:00:00
u1805,sess0003272,B,11.25,2024-01-06 03:00:00
u1805,sess0003273,B,9.66,2024-01-02 14:00:00
u1805,sess0003274,B,2.5,2024-01-04 21:00:00
u1805,sess0003275,B,16.43,2024-01-03 09:00:00
u1811,sess0003276,B,14.98,2024-01-05 04:00:00
u1811,sess0003277,B,9.65,2024-01-01 12:00:00
u1811,sess0003278,B,7.14,2024-01-05 04:00:00
u1811,sess0003279,B,10.8,2024-01-05 08:00:00
u1811,sess0003280,B,14.0,2024-01-06 09:00:00
u1811,sess0003281,B,7.98,2024-01-03 11:00:00
u1811,sess0003282,B,14.48,2024-01-01 16:00:00
u1811,sess0003283,B,17.07,2024-01-03 15:00:00
u1814,sess0003284,B,8.46,2024-01-06 00:00:00
u1814,sess0003285,B,10.56,2024-01-03 22:00:00
u1814,sess0003286,B,8.02,2024-01-05 10:00:00
u1814,sess0003287,B,10.07,2024-01-07 04:00:00
u1814,sess0003288,B,8.92,2024-01-03 09:00:00
u1814,sess0003289,B,8.69,2024-01-06 09:00:00
u1814,sess0003290,B,17.83,2024-01-05 23:00:00
u1814,sess0003291,B,23.17,2024-01-02 16:00:00
u1816,sess0003292,B,10.44,2024-01-04 02:00:00
u1816,sess0003293,B,13.83,2024-01-07 20:00:00
u1816,sess0003294,B,14.6,2024-01-03 07:00:00
u1816,sess0003295,B,12.17,2024-01-02 13:00:00
u1816,sess0003296,B,9.89,2024-01-05 15:00:00
u1816,sess0003297,B,19.3,2024-01-03 11:00:00
u1816,sess0003298,B,19.38,2024-01-06 15:00:00
u1816,sess0003299,B,12.31,2024-01-07 10:00:00
u1816,sess0003300,B,14.75,2024-01-01 22:00:00
u1816,sess0003301,B,10.17,2024-01-06 20:00:00
u1817,sess0003302,B,10.95,2024-01-04 11:00:00
u1817,sess0003303,B,14.11,2024-01-01 16:00:00
u1817,sess0003304,B,11.57,2024-01-02 15:00:00
u1818,sess0003305,B,16.37,2024-01-02 01:00:00
u1818,sess0003306,B,19.2,2024-01-02 15:00:00
u1819,sess0003307,B,14.0,2024-01-05 20:00:00
u1819,sess0003308,B,7.6,2024-01-06 15:00:00
u1819,sess0003309,B,15.2,2024-01-05 09:00:00
u1820,sess0003310,B,5.42,2024-01-05 04:00:00
u1820,sess0003311,B,12.74,2024-01-06 00:00:00
u1820,sess0003312,B,15.11,2024-01-05 09:00:00
u1820,sess0003313,B,10.44,2024-01-01 16:00:00
u1822,sess0003314,B,13.56,2024-01-06 19:00:00
u1823,sess0003315,B,22.18,2024-01-05 12:00:00
u1823,sess0003316,B,9.92,2024-01-03 01:00:00
u1826,sess0003317,B,9.24,2024-01-01 10:00:00
u1826,sess0003318,B,9.19,2024-01-05 02:00:00
u1826,sess0003319,B,15.64,2024-01-03 18:00:00
u1826,sess0003320,B,15.92,2024-01-01 01:00:00
u1826,sess0003321,B,19.05,2024-01-03 14:00:00
u1826,sess0003322,B,17.2,2024-01-03 23:00:00
u1826,sess0003323,B,22.91,2024-01-07 11:00:00
u1826,sess0003324,B,8.36,2024-01-07 12:00:00
u1828,sess0003325,B,22.65,2024-01-05 08:00:00
u1828,sess0003326,B,3.48,2024-01-05 15:00:00
u1828,sess0003327,B,16.01,2024-01-05 13:00:00
u1828,sess0003328,B,7.61,2024-01-04 00:00:00
u1829,sess0003329,B,9.14,2024-01-07 04:00:00
u1829,sess0003330,B,7.78,2024-01-03 11:00:00
u1829,sess0003331,B,15.24,2024-01-01 06:00:00
u1829,sess0003332,B,16.48,2024-01-06 05:00:00
u1829,sess0003333,B,13.45,2024-01-06 20:00:00
u1829,sess0003334,B,13.39,2024-01-06 06:00:00
u1830,sess0003335,B,14.04,2024-01-05 02:00:00
u1830,sess0003336,B,11.5,2024-01-07 19:00:00
u1830,sess0003337,B,18.1,2024-01-07 01:00:00
u1830,sess0003338,B,11.65,2024-01-06 11:00:00
u1830,sess0003339,B,13.14,2024-01-02 09:00:00
u1830,sess0003340,B,6.55,2024-01-07 13:00:00
u1830,sess0003341,B,7.45,2024-01-02 19:00:00
u1830,sess0003342,B,19.98,2024-01-04 22:00:00
u1830,sess0003343,B,14.08,2024-01-03 22:00:00
u1830,sess0003344,B,12.99,2024-01-03 04:00:00
u1831,sess0003345,B,18.51,2024-01-01 18:00:00
u1831,sess0003346,B,10.48,2024-01-03 17:00:00
u1831,sess0003347,B,9.96,2024-01-03 06:00:00
u1831,sess0003348,B,4.76,2024-01-01 14:00:00
u1831,sess0003349,B,8.96,2024-01-07 06:00:00
u1831,sess0003350,B,14.03,2024-01-03 17:00:00
u1831,sess0003351,B,4.64,2024-01-07 01:00:00
u1831,sess0003352,B,10.9,2024-01-07 00:00:00
u1831,sess0003353,B,12.53,2024-01-02 19:00:00
u1837,sess0003354,B,15.17,2024-01-07 12:00:00
u1837,sess0003355,B,12.43,2024-01-03 12:00:00
u1837,sess0003356,B,11.05,2024-01-06 11:00:00
u1837,sess0003357,B,7.78,2024-01-02 06:00:00
u1837,sess0003358,B,9.65,2024-01-07 09:00:00
u1837,sess0003359,B,11.22,2024-01-04 22:00:00
u1837,sess0003360,B,10.38,2024-01-01 10:00:00
u1837,sess0003361,B,10.47,2024-01-02 09:00:00
u1837,sess0003362,B,12.03,2024-01-03 23:00:00
u1837,sess0003363,B,6.85,2024-01-02 16:00:00
u1841,sess0003364,B,5.01,2024-01-01 21:00:00
u1841,sess0003365,B,15.63,2024-01-01 13:00:00
u1841,sess0003366,B,12.91,2024-01-04 06:00:00
u1841,sess0003367,B,12.97,2024-01-04 03:00:00
u1846,sess0003368,B,6.51,2024-01-01 18:00:00
u1846,sess0003369,B,6.09,2024-01-06 08:00:00
u1846,sess0003370,B,15.74,2024-01-04 12:00:00
u1855,sess0003371,B,5.12,2024-01-03 02:00:00
u1855,sess0003372,B,14.03,2024-01-01 00:00:00
u1855,sess0003373,B,7.99,2024-01-02 07:00:00
u1855,sess0003374,B,14.72,2024-01-07 09:00:00
u1855,sess0003375,B,20.36,2024-01-03 19:00:00
u1855,sess0003376,B,15.36,2024-01-03 14:00:00
u1855,sess0003377,B,7.57,2024-01-02 16:00:00
u1855,sess0003378,B,13.26,2024-01-01 02:00:00
u1855,sess0003379,B,11.74,2024-01-01 17:00:00
u1855,sess0003380,B,14.8,2024-01-05 07:00:00
u1860,sess0003381,B,15.76,2024-01-01 07:00:00
u1860,sess0003382,B,9.0,2024-01-07 15:00:00
u1860,sess0003383,B,6.65,2024-01-05 04:00:00
u1860,sess0003384,B,13.42,2024-01-01 08:00:00
u1860,sess0003385,B,7.85,2024-01-05 18:00:00
u1860,sess0003386,B,21.83,2024-01-07 07:00:00
u1860,sess0003387,B,16.01,2024-01-05 17:00:00
u1861,sess0003388,B,15.22,2024-01-01 17:00:00
u1861,sess0003389,B,7.82,2024-01-05 20:00:00
u1861,sess0003390,B,3.95,2024-01-05 13:00:00
u1861,sess0003391,B,11.92,2024-01-04 14:00:00
u1861,sess0003392,B,0.96,2024-01-01 21:00:00
u1861,sess0003393,B,9.68,2024-01-03 19:00:00
u1862,sess0003394,B,9.65,2024-01-07 19:00:00
u1862,sess0003395,B,3.89,2024-01-03 06:00:00
u1862,sess0003396,B,13.22,2024-01-02 10:00:00
u1869,sess0003397,B,14.67,2024-01-06 11:00:00
u1870,sess0003398,B,8.53,2024-01-06 04:00:00
u1870,sess0003399,B,23.57,2024-01-02 10:00:00
u1870,sess0003400,B,10.9,2024-01-03 20:00:00
u1870,sess0003401,B,6.22,2024-01-06 04:00:00
u1870,sess0003402,B,12.08,2024-01-02 18:00:00
u1870,sess0003403,B,7.13,2024-01-03 10:00:00
u1870,sess0003404,B,13.05,2024-01-01 01:00:00
u1877,sess0003405,B,14.44,2024-01-01 20:00:00
u1877,sess0003406,B,6.29,2024-01-07 12:00:00
u1877,sess0003407,B,23.06,2024-01-04 02:00:00
u1877,sess0003408,B,17.67,2024-01-04 02:00:00
u1877,sess0003409,B,15.26,2024-01-05 23:00:00
u1878,sess0003410,B,15.41,2024-01-01 11:00:00
u1878,sess0003411,B,6.52,2024-01-06 20:00:00
u1878,sess0003412,B,5.68,2024-01-06 03:00:00
u1878,sess0003413,B,15.03,2024-01-07 02:00:00
u1878,sess0003414,B,24.82,2024-01-02 07:00:00
u1878,sess0003415,B,7.25,2024-01-05 15:00:00
u1878,sess0003416,B,6.1,2024-01-06 21:00:00
u1878,sess0003417,B,13.85,2024-01-02 07:00:00
u1878,sess0003418,B,9.29,2024-01-04 02:00:00
u1879,sess0003419,B,10.32,2024-01-02 07:00:00
u1879,sess0003420,B,12.61,2024-01-03 22:00:00
u1879,sess0003421,B,19.0,2024-01-03 23:00:00
u1879,sess0003422,B,15.1,2024-01-02 21:00:00
u1883,sess0003423,B,14.53,2024-01-02 16:00:00
u1883,sess0003424,B,8.76,2024-01-04 21:00:00
u1883,sess0003425,B,9.97,2024-01-03 04:00:00
u1883,sess0003426,B,8.01,2024-01-06 07:00:00
u1883,sess0003427,B,13.47,2024-01-04 12:00:00
u1883,sess0003428,B,21.45,2024-01-07 14:00:00
u1885,sess0003429,B,12.62,2024-01-05 03:00:00
u1885,sess0003430,B,14.27,2024-01-01 15:00:00
u1885,sess0003431,B,13.68,2024-01-02 12:00:00
u1885,sess0003432,B,10.97,2024-01-07 16:00:00
u1885,sess0003433,B,5.96,2024-01-01 17:00:00
u1885,sess0003434,B,12.86,2024-01-05 14:00:00
u1885,sess0003435,B,5.14,2024-01-07 20:00:00
u1887,sess0003436,B,12.73,2024-01-01 13:00:00
u1887,sess0003437,B,22.82,2024-01-03 04:00:00
u1887,sess0003438,B,18.59,2024-01-07 19:00:00
u1887,sess0003439,B,10.0,2024-01-07 11:00:00
u1887,sess0003440,B,12.86,2024-01-06 01:00:00
u1887,sess0003441,B,5.25,2024-01-05 05:00:00
u1887,sess0003442,B,13.27,2024-01-01 12:00:00
u1890,sess0003443,B,15.0,2024-01-07 15:00:00
u1890,sess0003444,B,19.3,2024-01-06 06:00:00
u1890,sess0003445,B,8.98,2024-01-04 17:00:00
u1890,sess0003446,B,19.64,2024-01-05 06:00:00
u1890,sess0003447,B,12.8,2024-01-05 20:00:00
u1890,sess0003448,B,17.19,2024-01-05 01:00:00
u1890,sess0003449,B,5.54,2024-01-02 17:00:00
u1890,sess0003450,B,7.19,2024-01-07 03:00:00
u1890,sess0003451,B,14.93,2024-01-01 05:00:00
u1890,sess0003452,B,2.03,2024-01-06 01:00:00
u1892,sess0003453,B,6.01,2024-01-02 16:00:00
u1892,sess0003454,B,17.09,2024-01-01 02:00:00
u1892,sess0003455,B,17.3,2024-01-04 10:00:00
u1895,sess0003456,B,10.78,2024-01-04 01:00:00
u1895,sess0003457,B,11.62,2024-01-05 00:00:00
u1895,sess0003458,B,16.25,2024-01-01 14:00:00
u1895,sess0003459,B,8.48,2024-01-02 14:00:00
u1895,sess0003460,B,9.59,2024-01-04 06:00:00
u1895,sess0003461,B,14.12,2024-01-06 10:00:00
u1895,sess0003462,B,19.17,2024-01-07 12:00:00
u1895,sess0003463,B,17.4,2024-01-03 17:00:00
u1895,sess0003464,B,10.25,2024-01-02 20:00:00
u1895,sess0003465,B,7.68,2024-01-06 17:00:00
u1899,sess0003466,B,11.74,2024-01-07 04:00:00
u1899,sess0003467,B,12.15,2024-01-05 04:00:00
u1899,sess0003468,B,15.03,2024-01-02 11:00:00
u1899,sess0003469,B,12.21,2024-01-07 13:00:00
u1899,sess0003470,B,11.26,2024-01-04 14:00:00
u1899,sess0003471,B,13.24,2024-01-03 23:00:00
u1899,sess0003472,B,20.85,2024-01-07 16:00:00
u1899,sess0003473,B,12.65,2024-01-06 08:00:00
u1899,sess0003474,B,13.53,2024-01-07 17:00:00
u1899,sess0003475,B,13.08,2024-01-01 13:00:00
u1900,sess0003476,B,12.58,2024-01-07 20:00:00
u1900,sess0003477,B,10.54,2024-01-05 13:00:00
u1900,sess0003478,B,15.35,2024-01-06 13:00:00
u1902,sess0003479,B,16.02,2024-01-02 16:00:00
u1902,sess0003480,B,16.59,2024-01-02 06:00:00
u1902,sess0003481,B,19.22,2024-01-07 12:00:00
u1906,sess0003482,B,13.06,2024-01-05 16:00:00
u1906,sess0003483,B,13.71,2024-01-01 22:00:00
u1906,sess0003484,B,10.54,2024-01-04 06:00:00
u1906,sess0003485,B,13.34,2024-01-05 21:00:00
u1906,sess0003486,B,16.99,2024-01-03 17:00:00
u1906,sess0003487,B,5.03,2024-01-06 02:00:00
u1906,sess0003488,B,6.38,2024-01-02 18:00:00
u1907,sess0003489,B,8.96,2024-01-07 11:00:00
u1907,sess0003490,B,16.89,2024-01-06 23:00:00
u1907,sess0003491,B,13.38,2024-01-07 13:00:00
u1907,sess0003492,B,5.99,2024-01-03 16:00:00
u1911,sess0003493,B,2.42,2024-01-07 17:00:00
u1911,sess0003494,B,11.83,2024-01-02 04:00:00
u1911,sess0003495,B,4.09,2024-01-04 21:00:00
u1911,sess0003496,B,12.21,2024-01-03 17:00:00
u1911,sess0003497,B,9.41,2024-01-06 22:00:00
u1911,sess0003498,B,13.5,2024-01-02 07:00:00
u1911,sess0003499,B,7.53,2024-01-03 00:00:00
u1911,sess0003500,B,18.9,2024-01-04 16:00:00
u1911,sess0003501,B,16.28,2024-01-06 09:00:00
u1913,sess0003502,B,16.8,2024-01-04 21:00:00
u1913,sess0003503,B,4.07,2024-01-06 11:00:00
u1913,sess0003504,B,14.49,2024-01-04 12:00:00
u1913,sess0003505,B,18.88,2024-01-03 01:00:00
u1913,sess0003506,B,7.99,2024-01-03 12:00:00
u1913,sess0003507,B,13.84,2024-01-04 04:00:00
u1913,sess0003508,B,13.12,2024-01-05 01:00:00
u1914,sess0003509,B,12.37,2024-01-07 11:00:00
u1914,sess0003510,B,11.9,2024-01-06 17:00:00
u1914,sess0003511,B,5.65,2024-01-01 16:00:00
u1914,sess0003512,B,13.46,2024-01-03 16:00:00
u1914,sess0003513,B,12.91,2024-01-05 10:00:00
u1914,sess0003514,B,6.49,2024-01-01 21:00:00
u1914,sess0003515,B,12.82,2024-01-07 04:00:00
u1914,sess0003516,B,15.05,2024-01-04 00:00:00
u1916,sess0003517,B,17.43,2024-01-02 19:00:00
u1917,sess0003518,B,16.01,2024-01-05 00:00:00
u1917,sess0003519,B,6.57,2024-01-02 05:00:00
u1917,sess0003520,B,16.4,2024-01-02 01:00:00
u1917,sess0003521,B,8.14,2024-01-01 16:00:00
u1917,sess0003522,B,10.04,2024-01-05 01:00:00
u1917,sess0003523,B,9.38,2024-01-06 11:00:00
u1917,sess0003524,B,15.66,2024-01-06 16:00:00
u1917,sess0003525,B,9.36,2024-01-06 22:00:00
u1917,sess0003526,B,17.93,2024-01-06 10:00:00
u1919,sess0003527,B,9.87,2024-01-03 08:00:00
u1919,sess0003528,B,6.5,2024-01-02 17:00:00
u1919,sess0003529,B,4.91,2024-01-04 14:00:00
u1919,sess0003530,B,11.58,2024-01-04 03:00:00
u1919,sess0003531,B,8.21,2024-01-07 15:00:00
u1919,sess0003532,B,13.39,2024-01-04 08:00:00
u1926,sess0003533,B,14.11,2024-01-01 10:00:00
u1926,sess0003534,B,9.2,2024-01-06 17:00:00
u1927,sess0003535,B,14.89,2024-01-04 08:00:00
u1927,sess0003536,B,6.11,2024-01-04 14:00:00
u1927,sess0003537,B,13.59,2024-01-04 12:00:00
u1932,sess0003538,B,13.26,2024-01-03 10:00:00
u1932,sess0003539,B,19.15,2024-01-07 16:00:00
u1932,sess0003540,B,15.8,2024-01-06 09:00:00
u1932,sess0003541,B,25.28,2024-01-06 22:00:00
u1932,sess0003542,B,12.72,2024-01-01 00:00:00
u1932,sess0003543,B,4.95,2024-01-07 11:00:00
u1932,sess0003544,B,14.24,2024-01-06 16:00:00
u1932,sess0003545,B,14.38,2024-01-04 13:00:00
u1933,sess0003546,B,15.95,2024-01-03 09:00:00
u1933,sess0003547,B,8.39,2024-01-02 00:00:00
u1933,sess0003548,B,16.28,2024-01-03 11:00:00
u1933,sess0003549,B,14.5,2024-01-04 11:00:00
u1933,sess0003550,B,15.07,2024-01-07 10:00:00
u1933,sess0003551,B,7.22,2024-01-02 17:00:00
u1938,sess0003552,B,15.58,2024-01-03 03:00:00
u1938,sess0003553,B,7.07,2024-01-07 23:00:00
u1938,sess0003554,B,14.65,2024-01-01 22:00:00
u1938,sess0003555,B,11.34,2024-01-01 06:00:00
u1938,sess0003556,B,4.6,2024-01-04 04:00:00
u1938,sess0003557,B,9.09,2024-01-04 09:00:00
u1938,sess0003558,B,13.53,2024-01-07 00:00:00
u1938,sess0003559,B,12.28,2024-01-02 11:00:00
u1940,sess0003560,B,13.21,2024-01-01 14:00:00
u1940,sess0003561,B,21.13,2024-01-07 23:00:00
u1940,sess0003562,B,3.26,2024-01-06 23:00:00
u1942,sess0003563,B,12.93,2024-01-05 01:00:00
u1942,sess0003564,B,15.18,2024-01-05 07:00:00
u1942,sess0003565,B,19.24,2024-01-07 23:00:00
u1942,sess0003566,B,18.36,2024-01-01 05:00:00
u1942,sess0003567,B,13.98,2024-01-04 00:00:00
u1942,sess0003568,B,5.94,2024-01-05 09:00:00
u1942,sess0003569,B,12.9,2024-01-01 03:00:00
u1942,sess0003570,B,16.56,2024-01-01 02:00:00
u1944,sess0003571,B,10.3,2024-01-07 09:00:00
u1944,sess0003572,B,12.91,2024-01-06 11:00:00
u1944,sess0003573,B,11.81,2024-01-03 17:00:00
u1944,sess0003574,B,18.26,2024-01-06 23:00:00
u1944,sess0003575,B,7.57,2024-01-01 20:00:00
u1947,sess0003576,B,3.9,2024-01-05 06:00:00
u1957,sess0003577,B,7.25,2024-01-06 11:00:00
u1957,sess0003578,B,8.65,2024-01-02 22:00:00
u1957,sess0003579,B,5.99,2024-01-03 09:00:00
u1957,sess0003580,B,12.38,2024-01-05 08:00:00
u1957,sess0003581,B,21.65,2024-01-02 21:00:00
u1957,sess0003582,B,17.13,2024-01-07 08:00:00
u1957,sess0003583,B,12.86,2024-01-01 14:00:00
u1961,sess0003584,B,12.77,2024-01-05 09:00:00
u1961,sess0003585,B,16.6,2024-01-01 23:00:00
u1961,sess0003586,B,16.55,2024-01-01 18:00:00
u1961,sess0003587,B,10.75,2024-01-07 09:00:00
u1962,sess0003588,B,11.34,2024-01-07 08:00:00
u1962,sess0003589,B,4.86,2024-01-03 07:00:00
u1962,sess0003590,B,14.64,2024-01-02 12:00:00
u1963,sess0003591,B,7.21,2024-01-05 04:00:00
u1963,sess0003592,B,4.04,2024-01-04 05:00:00
u1963,sess0003593,B,12.16,2024-01-01 01:00:00
u1963,sess0003594,B,12.32,2024-01-01 21:00:00
u1975,sess0003595,B,17.83,2024-01-01 16:00:00
u1975,sess0003596,B,18.77,2024-01-06 11:00:00
u1975,sess0003597,B,10.63,2024-01-06 23:00:00
u1975,sess0003598,B,12.86,2024-01-05 07:00:00
u1975,sess0003599,B,8.73,2024-01-03 09:00:00
u1978,sess0003600,B,14.41,2024-01-03 07:00:00
u1979,sess0003601,B,14.37,2024-01-04 01:00:00
u1979,sess0003602,B,8.98,2024-01-03 00:00:00
u1979,sess0003603,B,12.82,2024-01-04 21:00:00
u1979,sess0003604,B,14.05,2024-01-06 23:00:00
u1980,sess0003605,B,10.2,2024-01-05 17:00:00
u1980,sess0003606,B,0.92,2024-01-01 14:00:00
u1980,sess0003607,B,14.39,2024-01-07 16:00:00
u1980,sess0003608,B,13.22,2024-01-02 11:00:00
u1980,sess0003609,B,10.52,2024-01-07 06:00:00
u1980,sess0003610,B,9.49,2024-01-01 12:00:00
u1980,sess0003611,B,16.41,2024-01-06 03:00:00
u1980,sess0003612,B,14.83,2024-01-02 00:00:00
u1980,sess0003613,B,12.45,2024-01-05 00:00:00
u1982,sess0003614,B,2.74,2024-01-02 14:00:00
u1982,sess0003615,B,7.78,2024-01-03 12:00:00
u1982,sess0003616,B,13.53,2024-01-01 19:00:00
u1982,sess0003617,B,7.89,2024-01-01 14:00:00
u1982,sess0003618,B,4.68,2024-01-07 22:00:00
u1983,sess0003619,B,12.09,2024-01-06 10:00:00
u1983,sess0003620,B,14.43,2024-01-05 17:00:00
u1983,sess0003621,B,16.54,2024-01-04 09:00:00
u1983,sess0003622,B,10.07,2024-01-02 15:00:00
u1983,sess0003623,B,18.25,2024-01-07 19:00:00
u1984,sess0003624,B,8.89,2024-01-06 04:00:00
u1984,sess0003625,B,11.57,2024-01-06 15:00:00
u1984,sess0003626,B,4.5,2024-01-04 12:00:00
u1984,sess0003627,B,8.62,2024-01-07 08:00:00
u1984,sess0003628,B,19.73,2024-01-01 04:00:00
u1984,sess0003629,B,14.23,2024-01-03 23:00:00
u1984,sess0003630,B,11.84,2024-01-04 14:00:00
u1984,sess0003631,B,14.87,2024-01-04 20:00:00
u1986,sess0003632,B,7.9,2024-01-02 16:00:00
u1986,sess0003633,B,21.73,2024-01-02 00:00:00
u1986,sess0003634,B,9.8,2024-01-02 14:00:00
u1986,sess0003635,B,8.61,2024-01-03 11:00:00
u1986,sess0003636,B,15.65,2024-01-03 05:00:00
u1986,sess0003637,B,16.94,2024-01-06 18:00:00
u1986,sess0003638,B,4.39,2024-01-01 15:00:00
u1986,sess0003639,B,1.99,2024-01-02 19:00:00
u1986,sess0003640,B,9.6,2024-01-01 08:00:00
u1986,sess0003641,B,10.27,2024-01-04 13:00:00
u1987,sess0003642,B,11.63,2024-01-01 14:00:00
u1987,sess0003643,B,9.5,2024-01-06 10:00:00
u1988,sess0003644,B,3.2,2024-01-01 06:00:00
u1988,sess0003645,B,19.91,2024-01-05 05:00:00
u1988,sess0003646,B,13.88,2024-01-04 09:00:00
u1988,sess0003647,B,9.53,2024-01-06 22:00:00
u1991,sess0003648,B,9.37,2024-01-07 00:00:00
u1991,sess0003649,B,14.19,2024-01-05 10:00:00
u1991,sess0003650,B,2.53,2024-01-06 17:00:00
u1991,sess0003651,B,12.21,2024-01-01 00:00:00
u1991,sess0003652,B,21.75,2024-01-07 03:00:00
u1991,sess0003653,B,5.46,2024-01-01 00:00:00
u1991,sess0003654,B,19.07,2024-01-06 10:00:00
u1991,sess0003655,B,14.92,2024-01-01 12:00:00
u1994,sess0003656,B,5.82,2024-01-06 20:00:00
u1994,sess0003657,B,12.08,2024-01-07 16:00:00
u1994,sess0003658,B,13.77,2024-01-06 13:00:00
u1994,sess0003659,B,20.94,2024-01-02 01:00:00
u1994,sess0003660,B,24.37,2024-01-06 11:00:00
u1994,sess0003661,B,15.73,2024-01-05 03:00:00
u1994,sess0003662,B,7.01,2024-01-02 00:00:00
u1994,sess0003663,B,12.3,2024-01-01 22:00:00
u1994,sess0003664,B,16.39,2024-01-05 09:00:00
u1995,sess0003665,B,20.93,2024-01-03 19:00:00
u1995,sess0003666,B,7.72,2024-01-07 02:00:00
u1995,sess0003667,B,8.91,2024-01-06 06:00:00
u1995,sess0003668,B,0.35,2024-01-07 05:00:00
u1995,sess0003669,B,16.62,2024-01-07 04:00:00
u1995,sess0003670,B,20.75,2024-01-07 02:00:00
u1995,sess0003671,B,5.08,2024-01-07 17:00:00
u1995,sess0003672,B,21.7,2024-01-06 08:00:00
u1995,sess0003673,B,9.99,2024-01-07 03:00:00
u2000,sess0003674,B,9.46,2024-01-02 02:00:00
u2000,sess0003675,B,20.16,2024-01-03 03:00:00
u2000,sess0003676,B,17.91,2024-01-04 02:00:00
u2000,sess0003677,B,20.88,2024-01-04 07:00:00
u2000,sess0003678,B,12.5,2024-01-06 19:00:00
u2000,sess0003679,B,16.69,2024-01-04 14:00:00
u2000,sess0003680,B,14.18,2024-01-04 23:00:00
