user_id,impression_id,variant,converted,timestamp
u0001,imp0000001,A,0,2024-01-06 14:00:00
u0001,imp0000002,A,0,2024-01-07 18:00:00
u0001,imp0000003,A,0,2024-01-01 13:00:00
u0001,imp0000004,A,0,2024-01-05 23:00:00
u0001,imp0000005,A,0,2024-01-06 17:00:00
u0001,imp0000006,A,0,2024-01-04 07:00:00
u0002,imp0000007,A,0,2024-01-05 09:00:00
u0002,imp0000008,A,0,2024-01-03 21:00:00
u0002,imp0000009,A,0,2024-01-02 19:00:00
u0002,imp0000010,A,0,2024-01-04 00:00:00
u0002,imp0000011,A,0,2024-01-02 20:00:00
u0002,imp0000012,A,0,2024-01-05 10:00:00
u0002,imp0000013,A,1,2024-01-04 11:00:00
u0002,imp0000014,A,0,2024-01-04 09:00:00
u0003,imp0000015,A,0,2024-01-05 10:00:00
u0003,imp0000016,A,0,2024-01-01 20:00:00
u0003,imp0000017,A,0,2024-01-07 16:00:00
u0003,imp0000018,A,0,2024-01-01 06:00:00
u0004,imp0000019,A,0,2024-01-06 06:00:00
u0004,imp0000020,A,0,2024-01-06 22:00:00
u0004,imp0000021,A,0,2024-01-07 15:00:00
u0004,imp0000022,A,0,2024-01-07 03:00:00
u0004,imp0000023,A,0,2024-01-06 22:00:00
u0004,imp0000024,A,0,2024-01-07 04:00:00
u0004,imp0000025,A,0,2024-01-07 09:00:00
u0004,imp0000026,A,0,2024-01-05 23:00:00
u0005,imp0000027,A,0,2024-01-03 08:00:00
u0005,imp0000028,A,0,2024-01-07 20:00:00
u0005,imp0000029,A,0,2024-01-03 09:00:00
u0005,imp0000030,A,0,2024-01-01 20:00:00
u0005,imp0000031,A,0,2024-01-04 09:00:00
u0005,imp0000032,A,0,2024-01-03 20:00:00
u0005,imp0000033,A,0,2024-01-06 10:00:00
u0005,imp0000034,A,0,2024-01-04 14:00:00
u0006,imp0000035,A,0,2024-01-07 20:00:00
u0006,imp0000036,A,0,2024-01-03 00:00:00
u0006,imp0000037,A,0,2024-01-07 02:00:00
u0006,imp0000038,A,0,2024-01-05 18:00:00
u0007,imp0000039,A,0,2024-01-04 12:00:00
u0007,imp0000040,A,0,2024-01-06 07:00:00
u0007,imp0000041,A,0,2024-01-06 19:00:00
u0008,imp0000042,A,0,2024-01-07 16:00:00
u0008,imp0000043,A,0,2024-01-05 20:00:00
u0008,imp0000044,A,0,2024-01-06 06:00:00
u0009,imp0000045,A,0,2024-01-03 22:00:00
u0009,imp0000046,A,0,2024-01-04 13:00:00
u0009,imp0000047,A,0,2024-01-02 08:00:00
u0009,imp0000048,A,0,2024-01-04 08:00:00
u0010,imp0000049,A,0,2024-01-03 12:00:00
u0010,imp0000050,A,0,2024-01-05 01:00:00
u0010,imp0000051,A,0,2024-01-02 03:00:00
u0010,imp0000052,A,0,2024-01-02 18:00:00
u0010,imp0000053,A,0,2024-01-07 22:00:00
u0010,imp0000054,A,0,2024-01-04 13:00:00
u0010,imp0000055,A,0,2024-01-01 16:00:00
u0011,imp0000056,A,0,2024-01-05 01:00:00
u0011,imp0000057,A,0,2024-01-03 16:00:00
u0011,imp0000058,A,0,2024-01-04 01:00:00
u0011,imp0000059,A,0,2024-01-04 12:00:00
u0012,imp0000060,A,0,2024-01-01 21:00:00
u0012,imp0000061,A,1,2024-01-05 15:00:00
u0012,imp0000062,A,0,2024-01-03 08:00:00
u0012,imp0000063,A,0,2024-01-03 17:00:00
u0012,imp0000064,A,0,2024-01-04 01:00:00
u0012,imp0000065,A,0,2024-01-05 01:00:00
u0012,imp0000066,A,0,2024-01-06 23:00:00
u0013,imp0000067,A,0,2024-01-06 04:00:00
u0013,imp0000068,A,0,2024-01-07 22:00:00
u0013,imp0000069,A,0,2024-01-04 13:00:00
u0013,imp0000070,A,0,2024-01-04 03:00:00
u0013,imp0000071,A,0,2024-01-04 15:00:00
u0014,imp0000072,A,0,2024-01-03 10:00:00
u0014,imp0000073,A,0,2024-01-06 17:00:00
u0014,imp0000074,A,0,2024-01-05 02:00:00
u0014,imp0000075,A,0,2024-01-03 14:00:00
u0014,imp0000076,A,0,2024-01-03 00:00:00
u0014,imp0000077,A,0,2024-01-02 07:00:00
u0014,imp0000078,A,0,2024-01-06 14:00:00
u0014,imp0000079,A,0,2024-01-01 20:00:00
u0015,imp0000080,A,0,2024-01-07 09:00:00
u0015,imp0000081,A,0,2024-01-06 06:00:00
u0015,imp0000082,A,0,2024-01-03 19:00:00
u0015,imp0000083,A,0,2024-01-05 13:00:00
u0015,imp0000084,A,0,2024-01-05 19:00:00
u0015,imp0000085,A,0,2024-01-06 22:00:00
u0016,imp0000086,A,0,2024-01-04 06:00:00
u0016,imp0000087,A,0,2024-01-05 19:00:00
u0016,imp0000088,A,0,2024-01-04 19:00:00
u0016,imp0000089,A,0,2024-01-01 13:00:00
u0016,imp0000090,A,0,2024-01-07 10:00:00
u0016,imp0000091,A,0,2024-01-06 04:00:00
u0016,imp0000092,A,0,2024-01-07 23:00:00
u0017,imp0000093,A,0,2024-01-02 03:00:00
u0017,imp0000094,A,0,2024-01-02 01:00:00
u0017,imp0000095,A,0,2024-01-05 16:00:00
u0017,imp0000096,A,0,2024-01-03 17:00:00
u0018,imp0000097,A,0,2024-01-06 10:00:00
u0018,imp0000098,A,0,2024-01-02 19:00:00
u0018,imp0000099,A,0,2024-01-05 00:00:00
u0019,imp0000100,A,0,2024-01-01 05:00:00
u0019,imp0000101,A,0,2024-01-07 22:00:00
u0019,imp0000102,A,0,2024-01-01 22:00:00
u0019,imp0000103,A,0,2024-01-04 16:00:00
u0020,imp0000104,A,0,2024-01-07 02:00:00
u0020,imp0000105,A,0,2024-01-03 02:00:00
u0020,imp0000106,A,0,2024-01-01 10:00:00
u0020,imp0000107,A,0,2024-01-01 11:00:00
u0020,imp0000108,A,0,2024-01-04 01:00:00
u0021,imp0000109,A,0,2024-01-02 16:00:00
u0021,imp0000110,A,0,2024-01-07 19:00:00
u0021,imp0000111,A,0,2024-01-04 12:00:00
u0021,imp0000112,A,0,2024-01-03 23:00:00
u0021,imp0000113,A,0,2024-01-03 06:00:00
u0021,imp0000114,A,0,2024-01-06 16:00:00
u0022,imp0000115,A,0,2024-01-05 07:00:00
u0022,imp0000116,A,0,2024-01-02 17:00:00
u0022,imp0000117,A,0,2024-01-03 11:00:00
u0022,imp0000118,A,0,2024-01-01 11:00:00
u0022,imp0000119,A,0,2024-01-06 09:00:00
u0022,imp0000120,A,0,2024-01-01 06:00:00
u0022,imp0000121,A,0,2024-01-04 07:00:00
u0022,imp0000122,A,0,2024-01-06 10:00:00
u0023,imp0000123,A,0,2024-01-01 02:00:00
u0023,imp0000124,A,0,2024-01-02 02:00:00
u0023,imp0000125,A,0,2024-01-05 17:00:00
u0023,imp0000126,A,0,2024-01-05 10:00:00
u0023,imp0000127,A,0,2024-01-02 15:00:00
u0023,imp0000128,A,0,2024-01-07 16:00:00
u0023,imp0000129,A,0,2024-01-06 08:00:00
u0024,imp0000130,A,0,2024-01-07 15:00:00
u0024,imp0000131,A,0,2024-01-06 03:00:00
u0024,imp0000132,A,0,2024-01-05 10:00:00
u0024,imp0000133,A,0,2024-01-05 04:00:00
u0024,imp0000134,A,0,2024-01-01 03:00:00
u0024,imp0000135,A,0,2024-01-05 13:00:00
u0024,imp0000136,A,0,2024-01-01 18:00:00
u0025,imp0000137,A,0,2024-01-01 11:00:00
u0025,imp0000138,A,0,2024-01-06 18:00:00
u0025,imp0000139,A,0,2024-01-02 21:00:00
u0026,imp0000140,A,0,2024-01-03 14:00:00
u0026,imp0000141,A,0,2024-01-05 12:00:00
u0026,imp0000142,A,0,2024-01-05 22:00:00
u0027,imp0000143,A,0,2024-01-01 20:00:00
u0027,imp0000144,A,0,2024-01-07 13:00:00
u0027,imp0000145,A,0,2024-01-01 12:00:00
u0027,imp0000146,A,0,2024-01-07 17:00:00
u0027,imp0000147,A,0,2024-01-01 03:00:00
u0027,imp0000148,A,0,2024-01-07 11:00:00
u0027,imp0000149,A,0,2024-01-05 05:00:00
u0028,imp0000150,A,0,2024-01-03 10:00:00
u0028,imp0000151,A,0,2024-01-06 07:00:00
u0028,imp0000152,A,0,2024-01-02 02:00:00
u0028,imp0000153,A,0,2024-01-03 20:00:00
u0029,imp0000154,A,0,2024-01-06 10:00:00
u0029,imp0000155,A,0,2024-01-05 00:00:00
u0029,imp0000156,A,0,2024-01-02 00:00:00
u0030,imp0000157,A,0,2024-01-07 17:00:00
u0030,imp0000158,A,0,2024-01-07 09:00:00
u0030,imp0000159,A,0,2024-01-06 05:00:00
u0030,imp0000160,A,0,2024-01-06 12:00:00
u0030,imp0000161,A,0,2024-01-01 08:00:00
u0030,imp0000162,A,0,2024-01-05 19:00:00
u0031,imp0000163,A,0,2024-01-06 13:00:00
u0031,imp0000164,A,0,2024-01-03 11:00:00
u0031,imp0000165,A,0,2024-01-06 00:00:00
u0031,imp0000166,A,0,2024-01-06 18:00:00
u0031,imp0000167,A,0,2024-01-05 11:00:00
u0031,imp0000168,A,0,2024-01-05 11:00:00
u0031,imp0000169,A,0,2024-01-06 10:00:00
u0031,imp0000170,A,0,2024-01-04 03:00:00
u0032,imp0000171,A,0,2024-01-02 05:00:00
u0032,imp0000172,A,0,2024-01-01 20:00:00
u0032,imp0000173,A,0,2024-01-07 11:00:00
u0032,imp0000174,A,0,2024-01-07 16:00:00
u0032,imp0000175,A,0,2024-01-07 18:00:00
u0032,imp0000176,A,0,2024-01-02 09:00:00
u0033,imp0000177,A,0,2024-01-03 02:00:00
u0033,imp0000178,A,0,2024-01-04 09:00:00
u0033,imp0000179,A,0,2024-01-03 09:00:00
u0034,imp0000180,A,1,2024-01-01 22:00:00
u0034,imp0000181,A,0,2024-01-06 07:00:00
u0034,imp0000182,A,0,2024-01-07 05:00:00
u0034,imp0000183,A,0,2024-01-01 16:00:00
u0034,imp0000184,A,0,2024-01-03 20:00:00
u0035,imp0000185,A,0,2024-01-04 21:00:00
u0035,imp0000186,A,0,2024-01-01 14:00:00
u0035,imp0000187,A,1,2024-01-04 18:00:00
u0035,imp0000188,A,0,2024-01-07 18:00:00
u0035,imp0000189,A,0,2024-01-02 08:00:00
u0035,imp0000190,A,0,2024-01-06 04:00:00
u0036,imp0000191,A,0,2024-01-03 17:00:00
u0036,imp0000192,A,0,2024-01-07 23:00:00
u0036,imp0000193,A,0,2024-01-07 11:00:00
u0036,imp0000194,A,0,2024-01-02 22:00:00
u0037,imp0000195,A,0,2024-01-07 03:00:00
u0037,imp0000196,A,0,2024-01-06 03:00:00
u0037,imp0000197,A,0,2024-01-01 00:00:00
u0037,imp0000198,A,0,2024-01-04 14:00:00
u0037,imp0000199,A,0,2024-01-06 07:00:00
u0037,imp0000200,A,0,2024-01-03 18:00:00
u0037,imp0000201,A,0,2024-01-01 03:00:00
u0037,imp0000202,A,0,2024-01-07 08:00:00
u0038,imp0000203,A,0,2024-01-06 22:00:00
u0038,imp0000204,A,0,2024-01-01 20:00:00
u0038,imp0000205,A,0,2024-01-03 08:00:00
u0038,imp0000206,A,0,2024-01-05 20:00:00
u0038,imp0000207,A,0,2024-01-02 21:00:00
u0038,imp0000208,A,0,2024-01-06 21:00:00
u0038,imp0000209,A,0,2024-01-07 00:00:00
u0038,imp0000210,A,0,2024-01-02 14:00:00
u0039,imp0000211,A,0,2024-01-05 02:00:00
u0039,imp0000212,A,0,2024-01-04 04:00:00
u0039,imp0000213,A,0,2024-01-05 18:00:00
u0040,imp0000214,A,0,2024-01-06 13:00:00
u0040,imp0000215,A,0,2024-01-07 06:00:00
u0040,imp0000216,A,0,2024-01-04 18:00:00
u0041,imp0000217,A,0,2024-01-05 23:00:00
u0041,imp0000218,A,0,2024-01-02 21:00:00
u0041,imp0000219,A,0,2024-01-02 13:00:00
u0041,imp0000220,A,0,2024-01-06 21:00:00
u0042,imp0000221,A,0,2024-01-03 23:00:00
u0042,imp0000222,A,0,2024-01-02 10:00:00
u0042,imp0000223,A,0,2024-01-07 02:00:00
u0042,imp0000224,A,0,2024-01-02 05:00:00
u0042,imp0000225,A,0,2024-01-04 05:00:00
u0042,imp0000226,A,0,2024-01-04 11:00:00
u0043,imp0000227,A,0,2024-01-02 00:00:00
u0043,imp0000228,A,0,2024-01-07 23:00:00
u0043,imp0000229,A,0,2024-01-04 15:00:00
u0044,imp0000230,A,0,2024-01-05 05:00:00
u0044,imp0000231,A,1,2024-01-07 05:00:00
u0044,imp0000232,A,0,2024-01-04 10:00:00
u0044,imp0000233,A,0,2024-01-05 13:00:00
u0044,imp0000234,A,0,2024-01-06 10:00:00
u0044,imp0000235,A,0,2024-01-01 18:00:00
u0044,imp0000236,A,0,2024-01-02 03:00:00
u0044,imp0000237,A,0,2024-01-03 22:00:00
u0045,imp0000238,A,0,2024-01-03 14:00:00
u0045,imp0000239,A,0,2024-01-04 00:00:00
u0045,imp0000240,A,0,2024-01-06 03:00:00
u0045,imp0000241,A,0,2024-01-05 22:00:00
u0045,imp0000242,A,0,2024-01-06 00:00:00
u0045,imp0000243,A,0,2024-01-01 18:00:00
u0045,imp0000244,A,0,2024-01-06 21:00:00
u0045,imp0000245,A,0,2024-01-05 23:00:00
u0046,imp0000246,A,0,2024-01-03 12:00:00
u0046,imp0000247,A,0,2024-01-07 19:00:00
u0046,imp0000248,A,0,2024-01-07 23:00:00
u0046,imp0000249,A,0,2024-01-02 05:00:00
u0046,imp0000250,A,0,2024-01-01 08:00:00
u0046,imp0000251,A,0,2024-01-03 15:00:00
u0046,imp0000252,A,0,2024-01-07 16:00:00
u0046,imp0000253,A,0,2024-01-05 23:00:00
u0047,imp0000254,A,0,2024-01-04 16:00:00
u0047,imp0000255,A,0,2024-01-06 21:00:00
u0047,imp0000256,A,0,2024-01-03 04:00:00
u0047,imp0000257,A,0,2024-01-04 05:00:00
u0047,imp0000258,A,0,2024-01-02 16:00:00
u0047,imp0000259,A,0,2024-01-03 19:00:00
u0048,imp0000260,A,0,2024-01-01 07:00:00
u0048,imp0000261,A,0,2024-01-01 01:00:00
u0048,imp0000262,A,0,2024-01-05 08:00:00
u0048,imp0000263,A,0,2024-01-06 04:00:00
u0048,imp0000264,A,0,2024-01-05 13:00:00
u0048,imp0000265,A,0,2024-01-04 13:00:00
u0049,imp0000266,A,0,2024-01-05 23:00:00
u0049,imp0000267,A,0,2024-01-06 06:00:00
u0049,imp0000268,A,0,2024-01-01 15:00:00
u0050,imp0000269,A,0,2024-01-03 13:00:00
u0050,imp0000270,A,0,2024-01-05 16:00:00
u0050,imp0000271,A,0,2024-01-07 13:00:00
u0050,imp0000272,A,0,2024-01-01 11:00:00
u0050,imp0000273,A,0,2024-01-02 10:00:00
u0050,imp0000274,A,0,2024-01-01 10:00:00
u0050,imp0000275,A,0,2024-01-03 15:00:00
u0051,imp0000276,A,0,2024-01-07 04:00:00
u0051,imp0000277,A,1,2024-01-03 20:00:00
u0051,imp0000278,A,0,2024-01-02 23:00:00
u0051,imp0000279,A,0,2024-01-01 19:00:00
u0051,imp0000280,A,0,2024-01-05 04:00:00
u0051,imp0000281,A,0,2024-01-07 16:00:00
u0051,imp0000282,A,0,2024-01-06 16:00:00
u0051,imp0000283,A,0,2024-01-03 19:00:00
u0052,imp0000284,A,0,2024-01-03 16:00:00
u0052,imp0000285,A,0,2024-01-01 07:00:00
u0052,imp0000286,A,0,2024-01-02 20:00:00
u0052,imp0000287,A,0,2024-01-04 14:00:00
u0052,imp0000288,A,0,2024-01-07 23:00:00
u0053,imp0000289,A,0,2024-01-04 03:00:00
u0053,imp0000290,A,0,2024-01-02 22:00:00
u0053,imp0000291,A,0,2024-01-01 14:00:00
u0053,imp0000292,A,0,2024-01-05 08:00:00
u0053,imp0000293,A,0,2024-01-07 02:00:00
u0053,imp0000294,A,1,2024-01-02 01:00:00
u0054,imp0000295,A,0,2024-01-04 20:00:00
u0054,imp0000296,A,0,2024-01-07 05:00:00
u0054,imp0000297,A,0,2024-01-01 20:00:00
u0054,imp0000298,A,0,2024-01-03 02:00:00
u0054,imp0000299,A,0,2024-01-02 13:00:00
u0054,imp0000300,A,0,2024-01-01 19:00:00
u0055,imp0000301,A,0,2024-01-07 12:00:00
u0055,imp0000302,A,0,2024-01-06 11:00:00
u0055,imp0000303,A,0,2024-01-03 06:00:00
u0056,imp0000304,A,0,2024-01-01 03:00:00
u0056,imp0000305,A,0,2024-01-07 05:00:00
u0056,imp0000306,A,0,2024-01-04 03:00:00
u0056,imp0000307,A,1,2024-01-03 18:00:00
u0056,imp0000308,A,0,2024-01-04 13:00:00
u0056,imp0000309,A,0,2024-01-07 17:00:00
u0057,imp0000310,A,0,2024-01-05 08:00:00
u0057,imp0000311,A,0,2024-01-01 00:00:00
u0057,imp0000312,A,0,2024-01-03 23:00:00
u0057,imp0000313,A,0,2024-01-04 14:00:00
u0057,imp0000314,A,0,2024-01-07 21:00:00
u0058,imp0000315,A,0,2024-01-07 08:00:00
u0058,imp0000316,A,0,2024-01-07 00:00:00
u0058,imp0000317,A,0,2024-01-03 12:00:00
u0058,imp0000318,A,0,2024-01-01 11:00:00
u0058,imp0000319,A,0,2024-01-01 05:00:00
u0058,imp0000320,A,0,2024-01-02 02:00:00
u0058,imp0000321,A,0,2024-01-06 15:00:00
u0058,imp0000322,A,0,2024-01-06 03:00:00
u0059,imp0000323,A,0,2024-01-04 20:00:00
u0059,imp0000324,A,0,2024-01-05 12:00:00
u0059,imp0000325,A,0,2024-01-05 02:00:00
u0059,imp0000326,A,0,2024-01-07 23:00:00
u0060,imp0000327,A,0,2024-01-02 10:00:00
u0060,imp0000328,A,0,2024-01-04 11:00:00
u0060,imp0000329,A,0,2024-01-03 07:00:00
u0060,imp0000330,A,0,2024-01-06 20:00:00
u0060,imp0000331,A,0,2024-01-03 00:00:00
u0060,imp0000332,A,0,2024-01-02 21:00:00
u0060,imp0000333,A,0,2024-01-05 16:00:00
u0060,imp0000334,A,0,2024-01-06 15:00:00
u0061,imp0000335,A,0,2024-01-07 03:00:00
u0061,imp0000336,A,0,2024-01-06 03:00:00
u0061,imp0000337,A,0,2024-01-05 00:00:00
u0061,imp0000338,A,0,2024-01-04 17:00:00
u0061,imp0000339,A,0,2024-01-02 14:00:00
u0062,imp0000340,A,0,2024-01-03 13:00:00
u0062,imp0000341,A,0,2024-01-05 09:00:00
u0062,imp0000342,A,0,2024-01-05 10:00:00
u0062,imp0000343,A,0,2024-01-03 05:00:00
u0062,imp0000344,A,0,2024-01-06 05:00:00
u0062,imp0000345,A,0,2024-01-01 08:00:00
u0062,imp0000346,A,0,2024-01-04 15:00:00
u0063,imp0000347,A,0,2024-01-03 00:00:00
u0063,imp0000348,A,0,2024-01-02 16:00:00
u0063,imp0000349,A,0,2024-01-01 16:00:00
u0063,imp0000350,A,0,2024-01-04 15:00:00
u0063,imp0000351,A,0,2024-01-01 20:00:00
u0063,imp0000352,A,0,2024-01-03 02:00:00
u0063,imp0000353,A,0,2024-01-03 10:00:00
u0064,imp0000354,A,0,2024-01-02 14:00:00
u0064,imp0000355,A,0,2024-01-06 20:00:00
u0064,imp0000356,A,0,2024-01-01 10:00:00
u0065,imp0000357,A,0,2024-01-07 02:00:00
u0065,imp0000358,A,0,2024-01-06 18:00:00
u0065,imp0000359,A,0,2024-01-04 04:00:00
u0065,imp0000360,A,0,2024-01-06 06:00:00
u0065,imp0000361,A,0,2024-01-02 21:00:00
u0065,imp0000362,A,0,2024-01-02 20:00:00
u0065,imp0000363,A,0,2024-01-01 00:00:00
u0065,imp0000364,A,0,2024-01-07 23:00:00
u0066,imp0000365,A,0,2024-01-01 18:00:00
u0066,imp0000366,A,0,2024-01-04 03:00:00
u0066,imp0000367,A,0,2024-01-03 23:00:00
u0066,imp0000368,A,0,2024-01-05 12:00:00
u0066,imp0000369,A,0,2024-01-01 11:00:00
u0066,imp0000370,A,0,2024-01-07 16:00:00
u0067,imp0000371,A,0,2024-01-04 17:00:00
u0067,imp0000372,A,0,2024-01-05 06:00:00
u0067,imp0000373,A,0,2024-01-01 07:00:00
u0067,imp0000374,A,0,2024-01-07 08:00:00
u0067,imp0000375,A,0,2024-01-04 18:00:00
u0067,imp0000376,A,0,2024-01-04 14:00:00
u0067,imp0000377,A,0,2024-01-07 13:00:00
u0068,imp0000378,A,0,2024-01-04 11:00:00
u0068,imp0000379,A,0,2024-01-04 09:00:00
u0068,imp0000380,A,0,2024-01-07 01:00:00
u0068,imp0000381,A,0,2024-01-03 19:00:00
u0068,imp0000382,A,0,2024-01-07 16:00:00
u0068,imp0000383,A,0,2024-01-06 06:00:00
u0068,imp0000384,A,0,2024-01-07 19:00:00
u0069,imp0000385,A,0,2024-01-07 02:00:00
u0069,imp0000386,A,0,2024-01-07 11:00:00
u0069,imp0000387,A,0,2024-01-07 23:00:00
u0069,imp0000388,A,0,2024-01-04 11:00:00
u0070,imp0000389,A,1,2024-01-04 03:00:00
u0070,imp0000390,A,0,2024-01-06 01:00:00
u0070,imp0000391,A,0,2024-01-06 22:00:00
u0071,imp0000392,A,0,2024-01-07 22:00:00
u0071,imp0000393,A,0,2024-01-01 01:00:00
u0071,imp0000394,A,0,2024-01-02 04:00:00
u0072,imp0000395,A,0,2024-01-03 02:00:00
u0072,imp0000396,A,0,2024-01-04 02:00:00
u0072,imp0000397,A,0,2024-01-01 09:00:00
u0073,imp0000398,A,0,2024-01-03 02:00:00
u0073,imp0000399,A,0,2024-01-05 21:00:00
u0073,imp0000400,A,0,2024-01-06 00:00:00
u0073,imp0000401,A,0,2024-01-02 14:00:00
u0073,imp0000402,A,0,2024-01-02 03:00:00
u0073,imp0000403,A,0,2024-01-01 02:00:00
u0073,imp0000404,A,0,2024-01-04 11:00:00
u0073,imp0000405,A,0,2024-01-07 10:00:00
u0074,imp0000406,A,0,2024-01-01 01:00:00
u0074,imp0000407,A,0,2024-01-04 20:00:00
u0074,imp0000408,A,0,2024-01-07 21:00:00
u0074,imp0000409,A,0,2024-01-06 10:00:00
u0074,imp0000410,A,0,2024-01-06 23:00:00
u0074,imp0000411,A,0,2024-01-04 21:00:00
u0074,imp0000412,A,0,2024-01-02 15:00:00
u0075,imp0000413,A,0,2024-01-04 08:00:00
u0075,imp0000414,A,0,2024-01-01 11:00:00
u0075,imp0000415,A,0,2024-01-07 18:00:00
u0075,imp0000416,A,0,2024-01-03 16:00:00
u0076,imp0000417,A,0,2024-01-05 04:00:00
u0076,imp0000418,A,0,2024-01-03 13:00:00
u0076,imp0000419,A,0,2024-01-03 00:00:00
u0076,imp0000420,A,0,2024-01-06 06:00:00
u0076,imp0000421,A,0,2024-01-07 08:00:00
u0076,imp0000422,A,0,2024-01-01 22:00:00
u0076,imp0000423,A,0,2024-01-07 07:00:00
u0077,imp0000424,A,0,2024-01-02 13:00:00
u0077,imp0000425,A,0,2024-01-02 03:00:00
u0077,imp0000426,A,0,2024-01-01 20:00:00
u0078,imp0000427,A,0,2024-01-05 10:00:00
u0078,imp0000428,A,0,2024-01-07 01:00:00
u0078,imp0000429,A,0,2024-01-07 19:00:00
u0078,imp0000430,A,0,2024-01-05 02:00:00
u0078,imp0000431,A,0,2024-01-05 22:00:00
u0078,imp0000432,A,0,2024-01-04 00:00:00
u0078,imp0000433,A,0,2024-01-06 01:00:00
u0078,imp0000434,A,0,2024-01-02 05:00:00
u0079,imp0000435,A,0,2024-01-05 11:00:00
u0079,imp0000436,A,0,2024-01-05 01:00:00
u0079,imp0000437,A,0,2024-01-02 07:00:00
u0079,imp0000438,A,0,2024-01-07 11:00:00
u0079,imp0000439,A,0,2024-01-04 06:00:00
u0079,imp0000440,A,0,2024-01-02 16:00:00
u0080,imp0000441,A,0,2024-01-02 23:00:00
u0080,imp0000442,A,0,2024-01-07 15:00:00
u0080,imp0000443,A,0,2024-01-03 08:00:00
u0080,imp0000444,A,0,2024-01-05 21:00:00
u0080,imp0000445,A,0,2024-01-05 03:00:00
u0081,imp0000446,A,0,2024-01-07 16:00:00
u0081,imp0000447,A,0,2024-01-07 07:00:00
u0081,imp0000448,A,0,2024-01-07 22:00:00
u0081,imp0000449,A,0,2024-01-02 09:00:00
u0081,imp0000450,A,0,2024-01-07 11:00:00
u0081,imp0000451,A,0,2024-01-07 20:00:00
u0082,imp0000452,A,0,2024-01-07 20:00:00
u0082,imp0000453,A,0,2024-01-03 07:00:00
u0082,imp0000454,A,0,2024-01-03 16:00:00
u0082,imp0000455,A,0,2024-01-02 22:00:00
u0082,imp0000456,A,0,2024-01-07 03:00:00
u0082,imp0000457,A,0,2024-01-01 18:00:00
u0083,imp0000458,A,0,2024-01-07 01:00:00
u0083,imp0000459,A,0,2024-01-07 18:00:00
u0083,imp0000460,A,0,2024-01-06 05:00:00
u0083,imp0000461,A,0,2024-01-06 18:00:00
u0083,imp0000462,A,0,2024-01-03 00:00:00
u0083,imp0000463,A,0,2024-01-05 16:00:00
u0083,imp0000464,A,0,2024-01-02 13:00:00
u0084,imp0000465,A,0,2024-01-06 15:00:00
u0084,imp0000466,A,0,2024-01-07 17:00:00
u0084,imp0000467,A,0,2024-01-05 19:00:00
u0084,imp0000468,A,0,2024-01-03 16:00:00
u0084,imp0000469,A,0,2024-01-02 06:00:00
u0084,imp0000470,A,0,2024-01-06 11:00:00
u0084,imp0000471,A,0,2024-01-05 16:00:00
u0085,imp0000472,A,0,2024-01-03 20:00:00
u0085,imp0000473,A,0,2024-01-07 13:00:00
u0085,imp0000474,A,0,2024-01-05 23:00:00
u0085,imp0000475,A,0,2024-01-04 15:00:00
u0085,imp0000476,A,0,2024-01-03 18:00:00
u0085,imp0000477,A,0,2024-01-04 02:00:00
u0085,imp0000478,A,0,2024-01-02 20:00:00
u0086,imp0000479,A,0,2024-01-07 09:00:00
u0086,imp0000480,A,0,2024-01-07 10:00:00
u0086,imp0000481,A,0,2024-01-05 10:00:00
u0086,imp0000482,A,0,2024-01-03 02:00:00
u0086,imp0000483,A,0,2024-01-03 01:00:00
u0086,imp0000484,A,0,2024-01-01 05:00:00
u0087,imp0000485,A,0,2024-01-06 04:00:00
u0087,imp0000486,A,0,2024-01-06 22:00:00
u0087,imp0000487,A,0,2024-01-02 05:00:00
u0087,imp0000488,A,0,2024-01-06 01:00:00
u0087,imp0000489,A,0,2024-01-06 04:00:00
u0088,imp0000490,A,0,2024-01-06 03:00:00
u0088,imp0000491,A,0,2024-01-05 04:00:00
u0088,imp0000492,A,0,2024-01-02 10:00:00
u0088,imp0000493,A,0,2024-01-04 14:00:00
u0088,imp0000494,A,0,2024-01-06 13:00:00
u0088,imp0000495,A,0,2024-01-01 17:00:00
u0088,imp0000496,A,0,2024-01-05 16:00:00
u0089,imp0000497,A,0,2024-01-04 04:00:00
u0089,imp0000498,A,0,2024-01-03 10:00:00
u0089,imp0000499,A,0,2024-01-06 05:00:00
u0089,imp0000500,A,0,2024-01-07 00:00:00
u0089,imp0000501,A,0,2024-01-05 12:00:00
u0089,imp0000502,A,0,2024-01-01 21:00:00
u0089,imp0000503,A,0,2024-01-03 19:00:00
u0090,imp0000504,A,0,2024-01-07 20:00:00
u0090,imp0000505,A,0,2024-01-03 00:00:00
u0090,imp0000506,A,0,2024-01-06 20:00:00
u0090,imp0000507,A,0,2024-01-07 17:00:00
u0090,imp0000508,A,0,2024-01-05 12:00:00
u0090,imp0000509,A,0,2024-01-04 13:00:00
u0090,imp0000510,A,0,2024-01-03 04:00:00
u0091,imp0000511,A,0,2024-01-04 14:00:00
u0091,imp0000512,A,0,2024-01-06 10:00:00
u0091,imp0000513,A,0,2024-01-02 17:00:00
u0091,imp0000514,A,0,2024-01-05 01:00:00
u0091,imp0000515,A,0,2024-01-07 15:00:00
u0092,imp0000516,A,0,2024-01-03 02:00:00
u0092,imp0000517,A,0,2024-01-04 12:00:00
u0092,imp0000518,A,0,2024-01-06 06:00:00
u0092,imp0000519,A,0,2024-01-01 20:00:00
u0092,imp0000520,A,0,2024-01-02 19:00:00
u0092,imp0000521,A,0,2024-01-06 18:00:00
u0092,imp0000522,A,0,2024-01-05 06:00:00
u0093,imp0000523,A,0,2024-01-06 08:00:00
u0093,imp0000524,A,0,2024-01-04 19:00:00
u0093,imp0000525,A,0,2024-01-01 23:00:00
u0093,imp0000526,A,0,2024-01-06 04:00:00
u0093,imp0000527,A,0,2024-01-06 20:00:00
u0093,imp0000528,A,0,2024-01-05 14:00:00
u0094,imp0000529,A,0,2024-01-06 18:00:00
u0094,imp0000530,A,0,2024-01-01 16:00:00
u0094,imp0000531,A,0,2024-01-05 02:00:00
u0094,imp0000532,A,0,2024-01-04 09:00:00
u0095,imp0000533,A,0,2024-01-07 07:00:00
u0095,imp0000534,A,0,2024-01-01 18:00:00
u0095,imp0000535,A,0,2024-01-07 20:00:00
u0095,imp0000536,A,0,2024-01-04 12:00:00
u0095,imp0000537,A,0,2024-01-01 07:00:00
u0095,imp0000538,A,0,2024-01-02 03:00:00
u0095,imp0000539,A,0,2024-01-01 04:00:00
u0095,imp0000540,A,0,2024-01-07 00:00:00
u0096,imp0000541,A,0,2024-01-07 19:00:00
u0096,imp0000542,A,0,2024-01-05 21:00:00
u0096,imp0000543,A,0,2024-01-07 02:00:00
u0096,imp0000544,A,0,2024-01-03 15:00:00
u0096,imp0000545,A,0,2024-01-04 18:00:00
u0096,imp0000546,A,0,2024-01-05 20:00:00
u0096,imp0000547,A,0,2024-01-05 01:00:00
u0097,imp0000548,A,0,2024-01-03 05:00:00
u0097,imp0000549,A,0,2024-01-02 22:00:00
u0097,imp0000550,A,0,2024-01-06 19:00:00
u0097,imp0000551,A,0,2024-01-07 04:00:00
u0097,imp0000552,A,0,2024-01-06 18:00:00
u0098,imp0000553,A,0,2024-01-01 04:00:00
u0098,imp0000554,A,0,2024-01-01 19:00:00
u0098,imp0000555,A,0,2024-01-02 21:00:00
u0098,imp0000556,A,0,2024-01-01 11:00:00
u0098,imp0000557,A,0,2024-01-03 21:00:00
u0098,imp0000558,A,0,2024-01-01 16:00:00
u0099,imp0000559,A,0,2024-01-07 02:00:00
u0099,imp0000560,A,0,2024-01-07 09:00:00
u0099,imp0000561,A,0,2024-01-02 23:00:00
u0099,imp0000562,A,0,2024-01-05 11:00:00
u0099,imp0000563,A,0,2024-01-03 03:00:00
u0100,imp0000564,A,0,2024-01-05 05:00:00
u0100,imp0000565,A,0,2024-01-04 02:00:00
u0100,imp0000566,A,0,2024-01-07 16:00:00
u0100,imp0000567,A,0,2024-01-07 06:00:00
u0100,imp0000568,A,0,2024-01-06 22:00:00
u0100,imp0000569,A,0,2024-01-07 10:00:00
u0100,imp0000570,A,0,2024-01-04 09:00:00
u0100,imp0000571,A,0,2024-01-04 19:00:00
u0101,imp0000572,A,0,2024-01-01 03:00:00
u0101,imp0000573,A,0,2024-01-06 14:00:00
u0101,imp0000574,A,0,2024-01-05 12:00:00
u0101,imp0000575,A,0,2024-01-07 18:00:00
u0101,imp0000576,A,0,2024-01-02 23:00:00
u0102,imp0000577,A,0,2024-01-03 23:00:00
u0102,imp0000578,A,0,2024-01-05 19:00:00
u0102,imp0000579,A,0,2024-01-04 08:00:00
u0103,imp0000580,A,0,2024-01-05 16:00:00
u0103,imp0000581,A,0,2024-01-04 23:00:00
u0103,imp0000582,A,0,2024-01-03 23:00:00
u0104,imp0000583,A,0,2024-01-03 14:00:00
u0104,imp0000584,A,0,2024-01-02 13:00:00
u0104,imp0000585,A,0,2024-01-03 18:00:00
u0104,imp0000586,A,0,2024-01-03 20:00:00
u0104,imp0000587,A,0,2024-01-01 12:00:00
u0105,imp0000588,A,0,2024-01-02 06:00:00
u0105,imp0000589,A,0,2024-01-05 17:00:00
u0105,imp0000590,A,0,2024-01-01 21:00:00
u0105,imp0000591,A,0,2024-01-04 20:00:00
u0105,imp0000592,A,1,2024-01-03 18:00:00
u0105,imp0000593,A,0,2024-01-03 05:00:00
u0105,imp0000594,A,0,2024-01-06 17:00:00
u0105,imp0000595,A,0,2024-01-02 17:00:00
u0106,imp0000596,A,0,2024-01-01 20:00:00
u0106,imp0000597,A,0,2024-01-07 07:00:00
u0106,imp0000598,A,0,2024-01-02 10:00:00
u0106,imp0000599,A,0,2024-01-02 05:00:00
u0106,imp0000600,A,0,2024-01-03 08:00:00
u0106,imp0000601,A,0,2024-01-02 22:00:00
u0106,imp0000602,A,0,2024-01-07 18:00:00
u0106,imp0000603,A,0,2024-01-01 18:00:00
u0107,imp0000604,A,0,2024-01-01 07:00:00
u0107,imp0000605,A,0,2024-01-02 01:00:00
u0107,imp0000606,A,0,2024-01-05 16:00:00
u0107,imp0000607,A,0,2024-01-03 22:00:00
u0108,imp0000608,A,0,2024-01-06 14:00:00
u0108,imp0000609,A,0,2024-01-03 18:00:00
u0108,imp0000610,A,0,2024-01-03 16:00:00
u0108,imp0000611,A,0,2024-01-02 11:00:00
u0108,imp0000612,A,0,2024-01-02 00:00:00
u0108,imp0000613,A,0,2024-01-02 12:00:00
u0108,imp0000614,A,0,2024-01-01 00:00:00
u0108,imp0000615,A,0,2024-01-06 22:00:00
u0109,imp0000616,A,0,2024-01-06 20:00:00
u0109,imp0000617,A,0,2024-01-06 15:00:00
u0109,imp0000618,A,0,2024-01-06 12:00:00
u0109,imp0000619,A,0,2024-01-06 07:00:00
u0109,imp0000620,A,0,2024-01-06 06:00:00
u0109,imp0000621,A,0,2024-01-01 00:00:00
u0109,imp0000622,A,0,2024-01-07 19:00:00
u0110,imp0000623,A,0,2024-01-05 07:00:00
u0110,imp0000624,A,0,2024-01-01 22:00:00
u0110,imp0000625,A,0,2024-01-01 08:00:00
u0110,imp0000626,A,0,2024-01-02 09:00:00
u0110,imp0000627,A,0,2024-01-06 07:00:00
u0111,imp0000628,A,0,2024-01-07 13:00:00
u0111,imp0000629,A,0,2024-01-05 05:00:00
u0111,imp0000630,A,0,2024-01-04 02:00:00
u0111,imp0000631,A,0,2024-01-05 02:00:00
u0111,imp0000632,A,0,2024-01-03 23:00:00
u0111,imp0000633,A,0,2024-01-01 02:00:00
u0112,imp0000634,A,0,2024-01-02 09:00:00
u0112,imp0000635,A,0,2024-01-02 20:00:00
u0112,imp0000636,A,0,2024-01-03 12:00:00
u0112,imp0000637,A,0,2024-01-04 10:00:00
u0112,imp0000638,A,0,2024-01-06 02:00:00
u0112,imp0000639,A,0,2024-01-05 05:00:00
u0112,imp0000640,A,0,2024-01-01 15:00:00
u0112,imp0000641,A,0,2024-01-03 17:00:00
u0113,imp0000642,A,0,2024-01-07 17:00:00
u0113,imp0000643,A,0,2024-01-06 03:00:00
u0113,imp0000644,A,1,2024-01-06 23:00:00
u0114,imp0000645,A,0,2024-01-03 17:00:00
u0114,imp0000646,A,0,2024-01-01 12:00:00
u0114,imp0000647,A,0,2024-01-05 14:00:00
u0114,imp0000648,A,0,2024-01-07 14:00:00
u0114,imp0000649,A,0,2024-01-02 09:00:00
u0114,imp0000650,A,0,2024-01-02 14:00:00
u0114,imp0000651,A,0,2024-01-06 15:00:00
u0114,imp0000652,A,0,2024-01-05 23:00:00
u0115,imp0000653,A,0,2024-01-03 06:00:00
u0115,imp0000654,A,0,2024-01-02 02:00:00
u0115,imp0000655,A,0,2024-01-05 21:00:00
u0115,imp0000656,A,0,2024-01-03 04:00:00
u0115,imp0000657,A,0,2024-01-02 14:00:00
u0115,imp0000658,A,0,2024-01-03 16:00:00
u0115,imp0000659,A,0,2024-01-07 00:00:00
u0115,imp0000660,A,0,2024-01-07 13:00:00
u0116,imp0000661,A,0,2024-01-01 12:00:00
u0116,imp0000662,A,0,2024-01-01 20:00:00
u0116,imp0000663,A,0,2024-01-07 02:00:00
u0116,imp0000664,A,0,2024-01-03 04:00:00
u0116,imp0000665,A,0,2024-01-01 18:00:00
u0116,imp0000666,A,0,2024-01-03 08:00:00
u0116,imp0000667,A,0,2024-01-02 00:00:00
u0117,imp0000668,A,0,2024-01-02 06:00:00
u0117,imp0000669,A,0,2024-01-04 08:00:00
u0117,imp0000670,A,0,2024-01-01 22:00:00
u0117,imp0000671,A,0,2024-01-02 07:00:00
u0117,imp0000672,A,0,2024-01-04 01:00:00
u0117,imp0000673,A,0,2024-01-01 09:00:00
u0117,imp0000674,A,0,2024-01-03 05:00:00
u0117,imp0000675,A,0,2024-01-03 03:00:00
u0118,imp0000676,A,0,2024-01-07 15:00:00
u0118,imp0000677,A,0,2024-01-05 17:00:00
u0118,imp0000678,A,0,2024-01-01 13:00:00
u0118,imp0000679,A,0,2024-01-07 11:00:00
u0118,imp0000680,A,0,2024-01-05 13:00:00
u0118,imp0000681,A,0,2024-01-03 04:00:00
u0119,imp0000682,A,0,2024-01-02 05:00:00
u0119,imp0000683,A,0,2024-01-01 03:00:00
u0119,imp0000684,A,0,2024-01-03 10:00:00
u0119,imp0000685,A,0,2024-01-01 07:00:00
u0119,imp0000686,A,0,2024-01-01 11:00:00
u0119,imp0000687,A,0,2024-01-05 22:00:00
u0119,imp0000688,A,0,2024-01-07 14:00:00
u0119,imp0000689,A,0,2024-01-02 09:00:00
u0120,imp0000690,A,0,2024-01-05 01:00:00
u0120,imp0000691,A,0,2024-01-06 06:00:00
u0120,imp0000692,A,0,2024-01-04 02:00:00
u0120,imp0000693,A,0,2024-01-05 08:00:00
u0121,imp0000694,A,0,2024-01-03 00:00:00
u0121,imp0000695,A,0,2024-01-04 06:00:00
u0121,imp0000696,A,0,2024-01-04 20:00:00
u0121,imp0000697,A,0,2024-01-07 09:00:00
u0121,imp0000698,A,0,2024-01-01 17:00:00
u0121,imp0000699,A,0,2024-01-04 23:00:00
u0122,imp0000700,A,0,2024-01-02 13:00:00
u0122,imp0000701,A,0,2024-01-04 14:00:00
u0122,imp0000702,A,0,2024-01-04 15:00:00
u0122,imp0000703,A,0,2024-01-03 01:00:00
u0122,imp0000704,A,0,2024-01-01 07:00:00
u0122,imp0000705,A,0,2024-01-06 13:00:00
u0122,imp0000706,A,0,2024-01-03 20:00:00
u0122,imp0000707,A,0,2024-01-06 00:00:00
u0123,imp0000708,A,0,2024-01-07 11:00:00
u0123,imp0000709,A,0,2024-01-06 18:00:00
u0123,imp0000710,A,0,2024-01-06 00:00:00
u0123,imp0000711,A,0,2024-01-03 16:00:00
u0123,imp0000712,A,0,2024-01-05 10:00:00
u0123,imp0000713,A,0,2024-01-07 02:00:00
u0123,imp0000714,A,0,2024-01-06 16:00:00
u0124,imp0000715,A,0,2024-01-07 17:00:00
u0124,imp0000716,A,0,2024-01-05 03:00:00
u0124,imp0000717,A,0,2024-01-04 09:00:00
u0124,imp0000718,A,0,2024-01-06 22:00:00
u0124,imp0000719,A,0,2024-01-03 02:00:00
u0125,imp0000720,A,0,2024-01-04 10:00:00
u0125,imp0000721,A,0,2024-01-05 15:00:00
u0125,imp0000722,A,0,2024-01-03 07:00:00
u0125,imp0000723,A,0,2024-01-07 20:00:00
u0125,imp0000724,A,0,2024-01-07 00:00:00
u0125,imp0000725,A,0,2024-01-07 12:00:00
u0125,imp0000726,A,0,2024-01-07 16:00:00
u0126,imp0000727,A,0,2024-01-05 23:00:00
u0126,imp0000728,A,0,2024-01-06 17:00:00
u0126,imp0000729,A,0,2024-01-01 22:00:00
u0126,imp0000730,A,0,2024-01-07 04:00:00
u0126,imp0000731,A,0,2024-01-01 12:00:00
u0126,imp0000732,A,0,2024-01-05 04:00:00
u0127,imp0000733,A,0,2024-01-01 23:00:00
u0127,imp0000734,A,0,2024-01-05 11:00:00
u0127,imp0000735,A,0,2024-01-01 10:00:00
u0128,imp0000736,A,0,2024-01-02 00:00:00
u0128,imp0000737,A,0,2024-01-04 21:00:00
u0128,imp0000738,A,0,2024-01-01 20:00:00
u0129,imp0000739,A,0,2024-01-06 19:00:00
u0129,imp0000740,A,0,2024-01-02 12:00:00
u0129,imp0000741,A,0,2024-01-02 17:00:00
u0129,imp0000742,A,0,2024-01-07 00:00:00
u0129,imp0000743,A,0,2024-01-05 04:00:00
u0129,imp0000744,A,0,2024-01-02 23:00:00
u0130,imp0000745,A,0,2024-01-02 16:00:00
u0130,imp0000746,A,0,2024-01-05 02:00:00
u0130,imp0000747,A,0,2024-01-02 22:00:00
u0130,imp0000748,A,0,2024-01-07 01:00:00
u0130,imp0000749,A,0,2024-01-05 08:00:00
u0130,imp0000750,A,0,2024-01-06 03:00:00
u0131,imp0000751,A,0,2024-01-01 12:00:00
u0131,imp0000752,A,0,2024-01-06 20:00:00
u0131,imp0000753,A,0,2024-01-05 03:00:00
u0132,imp0000754,A,0,2024-01-01 15:00:00
u0132,imp0000755,A,0,2024-01-06 16:00:00
u0132,imp0000756,A,0,2024-01-04 00:00:00
u0132,imp0000757,A,0,2024-01-07 21:00:00
u0133,imp0000758,A,0,2024-01-03 05:00:00
u0133,imp0000759,A,0,2024-01-05 03:00:00
u0133,imp0000760,A,0,2024-01-05 12:00:00
u0133,imp0000761,A,0,2024-01-04 14:00:00
u0133,imp0000762,A,0,2024-01-07 17:00:00
u0134,imp0000763,A,0,2024-01-01 07:00:00
u0134,imp0000764,A,0,2024-01-01 06:00:00
u0134,imp0000765,A,0,2024-01-02 11:00:00
u0135,imp0000766,A,0,2024-01-02 03:00:00
u0135,imp0000767,A,0,2024-01-03 21:00:00
u0135,imp0000768,A,1,2024-01-07 04:00:00
u0135,imp0000769,A,0,2024-01-02 03:00:00
u0136,imp0000770,A,0,2024-01-03 16:00:00
u0136,imp0000771,A,0,2024-01-05 03:00:00
u0136,imp0000772,A,0,2024-01-01 20:00:00
u0136,imp0000773,A,0,2024-01-01 12:00:00
u0136,imp0000774,A,0,2024-01-03 08:00:00
u0136,imp0000775,A,0,2024-01-03 00:00:00
u0136,imp0000776,A,0,2024-01-05 21:00:00
u0136,imp0000777,A,0,2024-01-03 05:00:00
u0137,imp0000778,A,0,2024-01-03 04:00:00
u0137,imp0000779,A,0,2024-01-02 19:00:00
u0137,imp0000780,A,0,2024-01-02 22:00:00
u0137,imp0000781,A,0,2024-01-03 04:00:00
u0138,imp0000782,A,0,2024-01-02 21:00:00
u0138,imp0000783,A,0,2024-01-01 12:00:00
u0138,imp0000784,A,0,2024-01-07 20:00:00
u0138,imp0000785,A,0,2024-01-05 05:00:00
u0139,imp0000786,A,0,2024-01-04 08:00:00
u0139,imp0000787,A,0,2024-01-05 03:00:00
u0139,imp0000788,A,0,2024-01-06 21:00:00
u0139,imp0000789,A,0,2024-01-06 17:00:00
u0140,imp0000790,A,1,2024-01-06 10:00:00
u0140,imp0000791,A,0,2024-01-05 14:00:00
u0140,imp0000792,A,0,2024-01-05 05:00:00
u0140,imp0000793,A,0,2024-01-01 16:00:00
u0140,imp0000794,A,0,2024-01-01 11:00:00
u0141,imp0000795,A,0,2024-01-01 23:00:00
u0141,imp0000796,A,0,2024-01-02 04:00:00
u0141,imp0000797,A,0,2024-01-07 08:00:00
u0141,imp0000798,A,1,2024-01-06 01:00:00
u0141,imp0000799,A,0,2024-01-04 17:00:00
u0141,imp0000800,A,0,2024-01-03 16:00:00
u0141,imp0000801,A,0,2024-01-04 11:00:00
u0141,imp0000802,A,0,2024-01-05 22:00:00
u0142,imp0000803,A,0,2024-01-01 15:00:00
u0142,imp0000804,A,0,2024-01-05 07:00:00
u0142,imp0000805,A,0,2024-01-04 19:00:00
u0142,imp0000806,A,0,2024-01-02 02:00:00
u0142,imp0000807,A,0,2024-01-07 17:00:00
u0142,imp0000808,A,0,2024-01-07 20:00:00
u0143,imp0000809,A,0,2024-01-06 14:00:00
u0143,imp0000810,A,0,2024-01-07 08:00:00
u0143,imp0000811,A,0,2024-01-02 08:00:00
u0143,imp0000812,A,0,2024-01-03 06:00:00
u0143,imp0000813,A,0,2024-01-01 06:00:00
u0143,imp0000814,A,0,2024-01-03 08:00:00
u0143,imp0000815,A,0,2024-01-06 05:00:00
u0143,imp0000816,A,0,2024-01-01 11:00:00
u0144,imp0000817,A,0,2024-01-05 20:00:00
u0144,imp0000818,A,0,2024-01-06 14:00:00
u0144,imp0000819,A,0,2024-01-05 14:00:00
u0144,imp0000820,A,0,2024-01-03 02:00:00
u0144,imp0000821,A,0,2024-01-07 15:00:00
u0145,imp0000822,A,0,2024-01-01 07:00:00
u0145,imp0000823,A,0,2024-01-02 20:00:00
u0145,imp0000824,A,0,2024-01-03 10:00:00
u0145,imp0000825,A,0,2024-01-06 11:00:00
u0145,imp0000826,A,0,2024-01-05 07:00:00
u0146,imp0000827,A,0,2024-01-07 12:00:00
u0146,imp0000828,A,0,2024-01-07 12:00:00
u0146,imp0000829,A,0,2024-01-05 01:00:00
u0146,imp0000830,A,0,2024-01-07 11:00:00
u0146,imp0000831,A,0,2024-01-04 06:00:00
u0147,imp0000832,A,0,2024-01-01 03:00:00
u0147,imp0000833,A,0,2024-01-04 17:00:00
u0147,imp0000834,A,0,2024-01-05 07:00:00
u0147,imp0000835,A,0,2024-01-06 16:00:00
u0147,imp0000836,A,0,2024-01-05 22:00:00
u0147,imp0000837,A,0,2024-01-06 12:00:00
u0148,imp0000838,A,0,2024-01-04 02:00:00
u0148,imp0000839,A,0,2024-01-06 22:00:00
u0148,imp0000840,A,0,2024-01-02 07:00:00
u0148,imp0000841,A,0,2024-01-02 03:00:00
u0148,imp0000842,A,0,2024-01-01 21:00:00
u0148,imp0000843,A,0,2024-01-01 16:00:00
u0149,imp0000844,A,0,2024-01-04 17:00:00
u0149,imp0000845,A,0,2024-01-05 09:00:00
u0149,imp0000846,A,0,2024-01-02 01:00:00
u0149,imp0000847,A,0,2024-01-02 00:00:00
u0149,imp0000848,A,0,2024-01-06 17:00:00
u0150,imp0000849,A,0,2024-01-02 20:00:00
u0150,imp0000850,A,0,2024-01-04 10:00:00
u0150,imp0000851,A,0,2024-01-01 10:00:00
u0150,imp0000852,A,0,2024-01-05 07:00:00
u0150,imp0000853,A,0,2024-01-03 19:00:00
u0151,imp0000854,A,0,2024-01-03 16:00:00
u0151,imp0000855,A,0,2024-01-03 00:00:00
u0151,imp0000856,A,1,2024-01-03 03:00:00
u0151,imp0000857,A,0,2024-01-05 05:00:00
u0151,imp0000858,A,0,2024-01-03 08:00:00
u0151,imp0000859,A,0,2024-01-02 22:00:00
u0152,imp0000860,A,0,2024-01-02 01:00:00
u0152,imp0000861,A,0,2024-01-05 17:00:00
u0152,imp0000862,A,0,2024-01-01 04:00:00
u0153,imp0000863,A,0,2024-01-03 03:00:00
u0153,imp0000864,A,0,2024-01-05 08:00:00
u0153,imp0000865,A,0,2024-01-03 05:00:00
u0153,imp0000866,A,0,2024-01-07 16:00:00
u0153,imp0000867,A,0,2024-01-07 21:00:00
u0153,imp0000868,A,0,2024-01-07 10:00:00
u0154,imp0000869,A,0,2024-01-01 14:00:00
u0154,imp0000870,A,0,2024-01-03 12:00:00
u0154,imp0000871,A,0,2024-01-06 01:00:00
u0154,imp0000872,A,0,2024-01-01 20:00:00
u0155,imp0000873,A,0,2024-01-06 13:00:00
u0155,imp0000874,A,0,2024-01-02 13:00:00
u0155,imp0000875,A,0,2024-01-03 13:00:00
u0155,imp0000876,A,0,2024-01-04 13:00:00
u0155,imp0000877,A,1,2024-01-04 05:00:00
u0155,imp0000878,A,0,2024-01-02 21:00:00
u0155,imp0000879,A,0,2024-01-06 20:00:00
u0155,imp0000880,A,0,2024-01-01 02:00:00
u0156,imp0000881,A,0,2024-01-01 05:00:00
u0156,imp0000882,A,0,2024-01-04 20:00:00
u0156,imp0000883,A,0,2024-01-01 07:00:00
u0156,imp0000884,A,0,2024-01-05 11:00:00
u0156,imp0000885,A,0,2024-01-07 16:00:00
u0156,imp0000886,A,0,2024-01-04 02:00:00
u0156,imp0000887,A,0,2024-01-04 04:00:00
u0156,imp0000888,A,0,2024-01-03 01:00:00
u0157,imp0000889,A,0,2024-01-04 22:00:00
u0157,imp0000890,A,0,2024-01-07 11:00:00
u0157,imp0000891,A,0,2024-01-03 21:00:00
u0157,imp0000892,A,0,2024-01-01 15:00:00
u0157,imp0000893,A,0,2024-01-03 19:00:00
u0158,imp0000894,A,0,2024-01-02 23:00:00
u0158,imp0000895,A,0,2024-01-03 15:00:00
u0158,imp0000896,A,0,2024-01-04 17:00:00
u0158,imp0000897,A,0,2024-01-04 03:00:00
u0158,imp0000898,A,0,2024-01-06 18:00:00
u0159,imp0000899,A,0,2024-01-04 16:00:00
u0159,imp0000900,A,0,2024-01-01 17:00:00
u0159,imp0000901,A,0,2024-01-01 18:00:00
u0159,imp0000902,A,0,2024-01-03 06:00:00
u0159,imp0000903,A,0,2024-01-05 05:00:00
u0159,imp0000904,A,0,2024-01-05 21:00:00
u0159,imp0000905,A,0,2024-01-07 09:00:00
u0160,imp0000906,A,0,2024-01-01 03:00:00
u0160,imp0000907,A,0,2024-01-05 11:00:00
u0160,imp0000908,A,0,2024-01-05 18:00:00
u0160,imp0000909,A,0,2024-01-02 04:00:00
u0160,imp0000910,A,0,2024-01-03 10:00:00
u0160,imp0000911,A,0,2024-01-06 04:00:00
u0160,imp0000912,A,0,2024-01-05 01:00:00
u0160,imp0000913,A,0,2024-01-01 16:00:00
u0161,imp0000914,A,0,2024-01-02 18:00:00
u0161,imp0000915,A,0,2024-01-04 07:00:00
u0161,imp0000916,A,0,2024-01-07 17:00:00
u0161,imp0000917,A,0,2024-01-01 07:00:00
u0161,imp0000918,A,0,2024-01-06 20:00:00
u0162,imp0000919,A,0,2024-01-01 07:00:00
u0162,imp0000920,A,0,2024-01-04 23:00:00
u0162,imp0000921,A,0,2024-01-04 21:00:00
u0162,imp0000922,A,0,2024-01-03 16:00:00
u0163,imp0000923,A,0,2024-01-02 14:00:00
u0163,imp0000924,A,0,2024-01-04 08:00:00
u0163,imp0000925,A,0,2024-01-04 11:00:00
u0163,imp0000926,A,0,2024-01-04 15:00:00
u0163,imp0000927,A,0,2024-01-04 13:00:00
u0164,imp0000928,A,0,2024-01-04 13:00:00
u0164,imp0000929,A,0,2024-01-02 19:00:00
u0164,imp0000930,A,0,2024-01-06 16:00:00
u0164,imp0000931,A,0,2024-01-07 20:00:00
u0164,imp0000932,A,0,2024-01-04 01:00:00
u0164,imp0000933,A,0,2024-01-02 11:00:00
u0164,imp0000934,A,0,2024-01-05 04:00:00
u0165,imp0000935,A,0,2024-01-07 11:00:00
u0165,imp0000936,A,0,2024-01-05 07:00:00
u0165,imp0000937,A,0,2024-01-03 17:00:00
u0165,imp0000938,A,0,2024-01-03 06:00:00
u0165,imp0000939,A,0,2024-01-04 18:00:00
u0165,imp0000940,A,0,2024-01-01 21:00:00
u0166,imp0000941,A,0,2024-01-07 10:00:00
u0166,imp0000942,A,0,2024-01-06 00:00:00
u0166,imp0000943,A,0,2024-01-04 20:00:00
u0166,imp0000944,A,0,2024-01-05 11:00:00
u0166,imp0000945,A,0,2024-01-06 20:00:00
u0166,imp0000946,A,0,2024-01-01 09:00:00
u0166,imp0000947,A,0,2024-01-01 08:00:00
u0167,imp0000948,A,0,2024-01-07 10:00:00
u0167,imp0000949,A,0,2024-01-02 09:00:00
u0167,imp0000950,A,0,2024-01-06 08:00:00
u0167,imp0000951,A,0,2024-01-07 15:00:00
u0167,imp0000952,A,0,2024-01-04 16:00:00
u0167,imp0000953,A,0,2024-01-04 20:00:00
u0167,imp0000954,A,0,2024-01-03 22:00:00
u0167,imp0000955,A,0,2024-01-03 18:00:00
u0168,imp0000956,A,0,2024-01-07 03:00:00
u0168,imp0000957,A,0,2024-01-05 20:00:00
u0168,imp0000958,A,0,2024-01-04 21:00:00
u0168,imp0000959,A,0,2024-01-07 18:00:00
u0168,imp0000960,A,0,2024-01-05 02:00:00
u0168,imp0000961,A,0,2024-01-05 16:00:00
u0169,imp0000962,A,0,2024-01-04 17:00:00
u0169,imp0000963,A,0,2024-01-01 16:00:00
u0169,imp0000964,A,0,2024-01-01 17:00:00
u0169,imp0000965,A,0,2024-01-05 19:00:00
u0169,imp0000966,A,0,2024-01-04 20:00:00
u0170,imp0000967,A,0,2024-01-04 18:00:00
u0170,imp0000968,A,0,2024-01-04 09:00:00
u0170,imp0000969,A,0,2024-01-03 19:00:00
u0170,imp0000970,A,0,2024-01-05 17:00:00
u0170,imp0000971,A,0,2024-01-01 00:00:00
u0170,imp0000972,A,0,2024-01-03 09:00:00
u0171,imp0000973,A,0,2024-01-05 12:00:00
u0171,imp0000974,A,0,2024-01-07 03:00:00
u0171,imp0000975,A,0,2024-01-05 19:00:00
u0171,imp0000976,A,0,2024-01-04 14:00:00
u0172,imp0000977,A,0,2024-01-03 10:00:00
u0172,imp0000978,A,0,2024-01-02 16:00:00
u0172,imp0000979,A,0,2024-01-05 08:00:00
u0172,imp0000980,A,0,2024-01-06 12:00:00
u0173,imp0000981,A,0,2024-01-07 00:00:00
u0173,imp0000982,A,0,2024-01-01 21:00:00
u0173,imp0000983,A,0,2024-01-05 01:00:00
u0173,imp0000984,A,0,2024-01-03 19:00:00
u0174,imp0000985,A,0,2024-01-06 18:00:00
u0174,imp0000986,A,0,2024-01-03 07:00:00
u0174,imp0000987,A,0,2024-01-07 04:00:00
u0174,imp0000988,A,0,2024-01-05 02:00:00
u0174,imp0000989,A,0,2024-01-04 03:00:00
u0174,imp0000990,A,0,2024-01-02 01:00:00
u0174,imp0000991,A,0,2024-01-05 18:00:00
u0175,imp0000992,A,0,2024-01-05 12:00:00
u0175,imp0000993,A,0,2024-01-02 22:00:00
u0175,imp0000994,A,0,2024-01-03 22:00:00
u0175,imp0000995,A,0,2024-01-07 09:00:00
u0175,imp0000996,A,0,2024-01-02 15:00:00
u0176,imp0000997,A,0,2024-01-07 04:00:00
u0176,imp0000998,A,0,2024-01-06 11:00:00
u0176,imp0000999,A,0,2024-01-01 22:00:00
u0176,imp0001000,A,0,2024-01-05 09:00:00
u0176,imp0001001,A,0,2024-01-04 11:00:00
u0176,imp0001002,A,0,2024-01-06 22:00:00
u0176,imp0001003,A,0,2024-01-05 19:00:00
u0177,imp0001004,A,0,2024-01-06 15:00:00
u0177,imp0001005,A,0,2024-01-02 16:00:00
u0177,imp0001006,A,0,2024-01-05 15:00:00
u0177,imp0001007,A,0,2024-01-07 02:00:00
u0177,imp0001008,A,0,2024-01-05 15:00:00
u0177,imp0001009,A,0,2024-01-05 06:00:00
u0177,imp0001010,A,0,2024-01-02 21:00:00
u0178,imp0001011,A,0,2024-01-03 19:00:00
u0178,imp0001012,A,0,2024-01-06 01:00:00
u0178,imp0001013,A,0,2024-01-01 14:00:00
u0178,imp0001014,A,0,2024-01-07 20:00:00
u0178,imp0001015,A,0,2024-01-06 08:00:00
u0178,imp0001016,A,0,2024-01-05 14:00:00
u0179,imp0001017,A,0,2024-01-07 19:00:00
u0179,imp0001018,A,0,2024-01-01 23:00:00
u0179,imp0001019,A,0,2024-01-01 23:00:00
u0179,imp0001020,A,0,2024-01-01 03:00:00
u0179,imp0001021,A,1,2024-01-03 18:00:00
u0180,imp0001022,A,0,2024-01-05 19:00:00
u0180,imp0001023,A,0,2024-01-01 22:00:00
u0180,imp0001024,A,0,2024-01-05 12:00:00
u0180,imp0001025,A,0,2024-01-03 20:00:00
u0181,imp0001026,A,0,2024-01-03 13:00:00
u0181,imp0001027,A,0,2024-01-03 08:00:00
u0181,imp0001028,A,0,2024-01-03 05:00:00
u0181,imp0001029,A,0,2024-01-03 21:00:00
u0181,imp0001030,A,0,2024-01-05 04:00:00
u0181,imp0001031,A,0,2024-01-03 08:00:00
u0181,imp0001032,A,0,2024-01-06 17:00:00
u0181,imp0001033,A,0,2024-01-07 23:00:00
u0182,imp0001034,A,0,2024-01-04 12:00:00
u0182,imp0001035,A,0,2024-01-03 12:00:00
u0182,imp0001036,A,0,2024-01-01 02:00:00
u0182,imp0001037,A,0,2024-01-06 07:00:00
u0182,imp0001038,A,0,2024-01-04 13:00:00
u0182,imp0001039,A,0,2024-01-02 22:00:00
u0182,imp0001040,A,0,2024-01-04 03:00:00
u0182,imp0001041,A,0,2024-01-02 13:00:00
u0183,imp0001042,A,0,2024-01-06 20:00:00
u0183,imp0001043,A,0,2024-01-04 14:00:00
u0183,imp0001044,A,0,2024-01-03 09:00:00
u0183,imp0001045,A,1,2024-01-03 01:00:00
u0183,imp0001046,A,0,2024-01-02 05:00:00
u0184,imp0001047,A,0,2024-01-05 04:00:00
u0184,imp0001048,A,0,2024-01-02 00:00:00
u0184,imp0001049,A,0,2024-01-05 15:00:00
u0184,imp0001050,A,0,2024-01-07 10:00:00
u0184,imp0001051,A,0,2024-01-06 05:00:00
u0184,imp0001052,A,0,2024-01-06 02:00:00
u0184,imp0001053,A,0,2024-01-02 22:00:00
u0184,imp0001054,A,0,2024-01-05 21:00:00
u0185,imp0001055,A,0,2024-01-02 14:00:00
u0185,imp0001056,A,0,2024-01-01 15:00:00
u0185,imp0001057,A,0,2024-01-01 21:00:00
u0185,imp0001058,A,0,2024-01-03 05:00:00
u0185,imp0001059,A,0,2024-01-07 04:00:00
u0185,imp0001060,A,0,2024-01-01 15:00:00
u0186,imp0001061,A,0,2024-01-02 06:00:00
u0186,imp0001062,A,0,2024-01-02 07:00:00
u0186,imp0001063,A,0,2024-01-07 17:00:00
u0186,imp0001064,A,0,2024-01-01 08:00:00
u0186,imp0001065,A,0,2024-01-06 18:00:00
u0187,imp0001066,A,0,2024-01-01 16:00:00
u0187,imp0001067,A,0,2024-01-03 19:00:00
u0187,imp0001068,A,0,2024-01-02 23:00:00
u0187,imp0001069,A,0,2024-01-05 14:00:00
u0188,imp0001070,A,0,2024-01-06 02:00:00
u0188,imp0001071,A,0,2024-01-07 04:00:00
u0188,imp0001072,A,0,2024-01-05 04:00:00
u0189,imp0001073,A,0,2024-01-03 16:00:00
u0189,imp0001074,A,0,2024-01-03 02:00:00
u0189,imp0001075,A,0,2024-01-02 11:00:00
u0189,imp0001076,A,0,2024-01-04 08:00:00
u0189,imp0001077,A,0,2024-01-06 06:00:00
u0189,imp0001078,A,0,2024-01-04 15:00:00
u0189,imp0001079,A,0,2024-01-05 07:00:00
u0189,imp0001080,A,0,2024-01-01 14:00:00
u0190,imp0001081,A,0,2024-01-01 00:00:00
u0190,imp0001082,A,0,2024-01-07 06:00:00
u0190,imp0001083,A,0,2024-01-06 01:00:00
u0190,imp0001084,A,0,2024-01-07 22:00:00
u0190,imp0001085,A,0,2024-01-06 05:00:00
u0191,imp0001086,A,0,2024-01-04 08:00:00
u0191,imp0001087,A,0,2024-01-07 17:00:00
u0191,imp0001088,A,0,2024-01-04 00:00:00
u0192,imp0001089,A,0,2024-01-03 21:00:00
u0192,imp0001090,A,0,2024-01-01 05:00:00
u0192,imp0001091,A,0,2024-01-04 11:00:00
u0192,imp0001092,A,0,2024-01-03 03:00:00
u0192,imp0001093,A,0,2024-01-01 02:00:00
u0192,imp0001094,A,0,2024-01-04 08:00:00
u0192,imp0001095,A,0,2024-01-03 14:00:00
u0193,imp0001096,A,0,2024-01-05 12:00:00
u0193,imp0001097,A,0,2024-01-03 16:00:00
u0193,imp0001098,A,1,2024-01-04 08:00:00
u0194,imp0001099,A,0,2024-01-01 14:00:00
u0194,imp0001100,A,0,2024-01-05 03:00:00
u0194,imp0001101,A,0,2024-01-02 07:00:00
u0194,imp0001102,A,0,2024-01-04 23:00:00
u0194,imp0001103,A,0,2024-01-06 07:00:00
u0195,imp0001104,A,0,2024-01-07 01:00:00
u0195,imp0001105,A,0,2024-01-05 16:00:00
u0195,imp0001106,A,0,2024-01-04 10:00:00
u0195,imp0001107,A,0,2024-01-02 18:00:00
u0195,imp0001108,A,0,2024-01-05 19:00:00
u0195,imp0001109,A,0,2024-01-07 18:00:00
u0196,imp0001110,A,0,2024-01-03 09:00:00
u0196,imp0001111,A,0,2024-01-02 08:00:00
u0196,imp0001112,A,0,2024-01-01 13:00:00
u0196,imp0001113,A,0,2024-01-07 17:00:00
u0196,imp0001114,A,0,2024-01-06 11:00:00
u0196,imp0001115,A,0,2024-01-03 10:00:00
u0196,imp0001116,A,0,2024-01-07 12:00:00
u0196,imp0001117,A,0,2024-01-04 10:00:00
u0197,imp0001118,A,0,2024-01-06 00:00:00
u0197,imp0001119,A,0,2024-01-07 23:00:00
u0197,imp0001120,A,0,2024-01-04 10:00:00
u0197,imp0001121,A,0,2024-01-02 02:00:00
u0197,imp0001122,A,0,2024-01-04 07:00:00
u0197,imp0001123,A,0,2024-01-06 13:00:00
u0197,imp0001124,A,0,2024-01-01 12:00:00
u0197,imp0001125,A,0,2024-01-03 15:00:00
u0198,imp0001126,A,0,2024-01-07 02:00:00
u0198,imp0001127,A,0,2024-01-04 07:00:00
u0198,imp0001128,A,0,2024-01-06 02:00:00
u0198,imp0001129,A,0,2024-01-02 18:00:00
u0198,imp0001130,A,0,2024-01-04 16:00:00
u0198,imp0001131,A,0,2024-01-07 03:00:00
u0198,imp0001132,A,0,2024-01-04 22:00:00
u0198,imp0001133,A,0,2024-01-07 06:00:00
u0199,imp0001134,A,0,2024-01-05 23:00:00
u0199,imp0001135,A,0,2024-01-01 21:00:00
u0199,imp0001136,A,0,2024-01-05 18:00:00
u0199,imp0001137,A,0,2024-01-03 08:00:00
u0200,imp0001138,A,0,2024-01-03 23:00:00
u0200,imp0001139,A,0,2024-01-01 06:00:00
u0200,imp0001140,A,0,2024-01-05 22:00:00
u0200,imp0001141,A,0,2024-01-05 17:00:00
u0200,imp0001142,A,0,2024-01-01 15:00:00
u0200,imp0001143,A,0,2024-01-04 10:00:00
u0200,imp0001144,A,0,2024-01-03 23:00:00
u0201,imp0001145,A,0,2024-01-05 16:00:00
u0201,imp0001146,A,0,2024-01-01 11:00:00
u0201,imp0001147,A,0,2024-01-06 05:00:00
u0201,imp0001148,A,0,2024-01-03 04:00:00
u0201,imp0001149,A,0,2024-01-04 02:00:00
u0201,imp0001150,A,0,2024-01-06 12:00:00
u0202,imp0001151,A,0,2024-01-06 19:00:00
u0202,imp0001152,A,0,2024-01-07 00:00:00
u0202,imp0001153,A,0,2024-01-06 13:00:00
u0202,imp0001154,A,0,2024-01-05 00:00:00
u0202,imp0001155,A,0,2024-01-01 04:00:00
u0203,imp0001156,A,0,2024-01-07 11:00:00
u0203,imp0001157,A,0,2024-01-04 05:00:00
u0203,imp0001158,A,0,2024-01-03 20:00:00
u0204,imp0001159,A,0,2024-01-05 23:00:00
u0204,imp0001160,A,0,2024-01-03 10:00:00
u0204,imp0001161,A,0,2024-01-02 08:00:00
u0204,imp0001162,A,0,2024-01-03 13:00:00
u0204,imp0001163,A,0,2024-01-03 01:00:00
u0204,imp0001164,A,0,2024-01-05 15:00:00
u0204,imp0001165,A,0,2024-01-01 18:00:00
u0204,imp0001166,A,0,2024-01-06 02:00:00
u0205,imp0001167,A,0,2024-01-02 22:00:00
u0205,imp0001168,A,0,2024-01-07 22:00:00
u0205,imp0001169,A,0,2024-01-02 08:00:00
u0205,imp0001170,A,0,2024-01-06 20:00:00
u0206,imp0001171,A,0,2024-01-06 14:00:00
u0206,imp0001172,A,0,2024-01-04 06:00:00
u0206,imp0001173,A,0,2024-01-01 13:00:00
u0206,imp0001174,A,0,2024-01-07 02:00:00
u0206,imp0001175,A,0,2024-01-06 07:00:00
u0206,imp0001176,A,0,2024-01-03 05:00:00
u0207,imp0001177,A,0,2024-01-07 03:00:00
u0207,imp0001178,A,0,2024-01-02 04:00:00
u0207,imp0001179,A,0,2024-01-01 23:00:00
u0207,imp0001180,A,0,2024-01-04 09:00:00
u0207,imp0001181,A,0,2024-01-03 14:00:00
u0207,imp0001182,A,0,2024-01-05 08:00:00
u0207,imp0001183,A,0,2024-01-03 08:00:00
u0208,imp0001184,A,0,2024-01-03 13:00:00
u0208,imp0001185,A,0,2024-01-07 12:00:00
u0208,imp0001186,A,0,2024-01-01 16:00:00
u0208,imp0001187,A,0,2024-01-03 17:00:00
u0209,imp0001188,A,0,2024-01-03 09:00:00
u0209,imp0001189,A,0,2024-01-03 20:00:00
u0209,imp0001190,A,0,2024-01-07 11:00:00
u0209,imp0001191,A,0,2024-01-03 13:00:00
u0209,imp0001192,A,0,2024-01-04 09:00:00
u0209,imp0001193,A,0,2024-01-03 22:00:00
u0209,imp0001194,A,0,2024-01-06 10:00:00
u0209,imp0001195,A,0,2024-01-01 09:00:00
u0210,imp0001196,A,0,2024-01-04 16:00:00
u0210,imp0001197,A,0,2024-01-02 10:00:00
u0210,imp0001198,A,0,2024-01-01 01:00:00
u0210,imp0001199,A,0,2024-01-06 03:00:00
u0211,imp0001200,A,0,2024-01-07 21:00:00
u0211,imp0001201,A,0,2024-01-01 21:00:00
u0211,imp0001202,A,0,2024-01-07 09:00:00
u0211,imp0001203,A,0,2024-01-02 14:00:00
u0212,imp0001204,A,0,2024-01-07 12:00:00
u0212,imp0001205,A,0,2024-01-01 19:00:00
u0212,imp0001206,A,0,2024-01-02 16:00:00
u0212,imp0001207,A,0,2024-01-07 03:00:00
u0212,imp0001208,A,0,2024-01-05 11:00:00
u0213,imp0001209,A,0,2024-01-04 11:00:00
u0213,imp0001210,A,0,2024-01-05 14:00:00
u0213,imp0001211,A,0,2024-01-03 17:00:00
u0213,imp0001212,A,0,2024-01-07 13:00:00
u0213,imp0001213,A,0,2024-01-03 04:00:00
u0214,imp0001214,A,0,2024-01-07 05:00:00
u0214,imp0001215,A,0,2024-01-03 18:00:00
u0214,imp0001216,A,0,2024-01-06 13:00:00
u0214,imp0001217,A,0,2024-01-02 02:00:00
u0215,imp0001218,A,0,2024-01-04 00:00:00
u0215,imp0001219,A,0,2024-01-04 23:00:00
u0215,imp0001220,A,0,2024-01-02 23:00:00
u0215,imp0001221,A,0,2024-01-03 21:00:00
u0216,imp0001222,A,0,2024-01-05 03:00:00
u0216,imp0001223,A,0,2024-01-03 10:00:00
u0216,imp0001224,A,0,2024-01-01 01:00:00
u0217,imp0001225,A,0,2024-01-03 16:00:00
u0217,imp0001226,A,0,2024-01-04 10:00:00
u0217,imp0001227,A,0,2024-01-07 09:00:00
u0217,imp0001228,A,0,2024-01-01 09:00:00
u0217,imp0001229,A,0,2024-01-03 04:00:00
u0217,imp0001230,A,0,2024-01-04 06:00:00
u0217,imp0001231,A,0,2024-01-03 10:00:00
u0218,imp0001232,A,0,2024-01-02 23:00:00
u0218,imp0001233,A,0,2024-01-07 04:00:00
u0218,imp0001234,A,0,2024-01-06 02:00:00
u0218,imp0001235,A,0,2024-01-01 21:00:00
u0218,imp0001236,A,0,2024-01-05 03:00:00
u0218,imp0001237,A,0,2024-01-05 01:00:00
u0218,imp0001238,A,0,2024-01-07 13:00:00
u0218,imp0001239,A,0,2024-01-02 00:00:00
u0219,imp0001240,A,0,2024-01-02 03:00:00
u0219,imp0001241,A,0,2024-01-05 16:00:00
u0219,imp0001242,A,0,2024-01-02 20:00:00
u0219,imp0001243,A,0,2024-01-03 19:00:00
u0219,imp0001244,A,0,2024-01-01 06:00:00
u0219,imp0001245,A,0,2024-01-03 00:00:00
u0219,imp0001246,A,0,2024-01-06 16:00:00
u0220,imp0001247,A,0,2024-01-04 10:00:00
u0220,imp0001248,A,0,2024-01-06 08:00:00
u0220,imp0001249,A,0,2024-01-06 17:00:00
u0220,imp0001250,A,0,2024-01-07 19:00:00
u0220,imp0001251,A,0,2024-01-04 00:00:00
u0220,imp0001252,A,0,2024-01-02 21:00:00
u0221,imp0001253,A,0,2024-01-07 15:00:00
u0221,imp0001254,A,0,2024-01-02 07:00:00
u0221,imp0001255,A,0,2024-01-01 05:00:00
u0221,imp0001256,A,0,2024-01-07 21:00:00
u0222,imp0001257,A,0,2024-01-04 01:00:00
u0222,imp0001258,A,0,2024-01-05 17:00:00
u0222,imp0001259,A,0,2024-01-02 02:00:00
u0223,imp0001260,A,0,2024-01-07 18:00:00
u0223,imp0001261,A,0,2024-01-04 12:00:00
u0223,imp0001262,A,0,2024-01-06 06:00:00
u0223,imp0001263,A,0,2024-01-07 08:00:00
u0223,imp0001264,A,0,2024-01-07 11:00:00
u0223,imp0001265,A,0,2024-01-05 14:00:00
u0223,imp0001266,A,0,2024-01-01 14:00:00
u0223,imp0001267,A,0,2024-01-06 11:00:00
u0224,imp0001268,A,0,2024-01-06 02:00:00
u0224,imp0001269,A,0,2024-01-04 00:00:00
u0224,imp0001270,A,0,2024-01-07 10:00:00
u0224,imp0001271,A,0,2024-01-07 09:00:00
u0224,imp0001272,A,0,2024-01-07 02:00:00
u0224,imp0001273,A,0,2024-01-04 19:00:00
u0224,imp0001274,A,0,2024-01-01 16:00:00
u0225,imp0001275,A,0,2024-01-06 00:00:00
u0225,imp0001276,A,0,2024-01-02 16:00:00
u0225,imp0001277,A,0,2024-01-07 23:00:00
u0225,imp0001278,A,0,2024-01-02 14:00:00
u0225,imp0001279,A,0,2024-01-05 16:00:00
u0226,imp0001280,A,0,2024-01-07 06:00:00
u0226,imp0001281,A,0,2024-01-05 14:00:00
u0226,imp0001282,A,0,2024-01-02 22:00:00
u0226,imp0001283,A,0,2024-01-03 14:00:00
u0226,imp0001284,A,0,2024-01-05 13:00:00
u0226,imp0001285,A,0,2024-01-03 20:00:00
u0226,imp0001286,A,0,2024-01-02 18:00:00
u0227,imp0001287,A,0,2024-01-03 12:00:00
u0227,imp0001288,A,0,2024-01-03 13:00:00
u0227,imp0001289,A,0,2024-01-03 09:00:00
u0227,imp0001290,A,1,2024-01-07 16:00:00
u0228,imp0001291,A,0,2024-01-01 15:00:00
u0228,imp0001292,A,0,2024-01-04 09:00:00
u0228,imp0001293,A,0,2024-01-04 21:00:00
u0228,imp0001294,A,0,2024-01-02 23:00:00
u0228,imp0001295,A,0,2024-01-06 17:00:00
u0229,imp0001296,A,0,2024-01-02 13:00:00
u0229,imp0001297,A,0,2024-01-06 06:00:00
u0229,imp0001298,A,0,2024-01-01 18:00:00
u0229,imp0001299,A,0,2024-01-07 19:00:00
u0230,imp0001300,A,0,2024-01-03 14:00:00
u0230,imp0001301,A,0,2024-01-04 04:00:00
u0230,imp0001302,A,0,2024-01-06 10:00:00
u0230,imp0001303,A,0,2024-01-05 05:00:00
u0230,imp0001304,A,0,2024-01-03 16:00:00
u0231,imp0001305,A,0,2024-01-01 07:00:00
u0231,imp0001306,A,0,2024-01-04 00:00:00
u0231,imp0001307,A,0,2024-01-06 13:00:00
u0231,imp0001308,A,0,2024-01-05 10:00:00
u0231,imp0001309,A,0,2024-01-04 16:00:00
u0232,imp0001310,A,0,2024-01-02 03:00:00
u0232,imp0001311,A,0,2024-01-05 00:00:00
u0232,imp0001312,A,0,2024-01-02 12:00:00
u0233,imp0001313,A,0,2024-01-04 09:00:00
u0233,imp0001314,A,0,2024-01-03 07:00:00
u0233,imp0001315,A,0,2024-01-04 12:00:00
u0234,imp0001316,A,0,2024-01-03 09:00:00
u0234,imp0001317,A,0,2024-01-05 10:00:00
u0234,imp0001318,A,0,2024-01-06 02:00:00
u0234,imp0001319,A,0,2024-01-07 23:00:00
u0235,imp0001320,A,0,2024-01-05 17:00:00
u0235,imp0001321,A,0,2024-01-05 10:00:00
u0235,imp0001322,A,0,2024-01-02 12:00:00
u0235,imp0001323,A,0,2024-01-04 06:00:00
u0235,imp0001324,A,0,2024-01-04 19:00:00
u0235,imp0001325,A,0,2024-01-01 17:00:00
u0236,imp0001326,A,0,2024-01-03 14:00:00
u0236,imp0001327,A,0,2024-01-07 05:00:00
u0236,imp0001328,A,0,2024-01-06 18:00:00
u0236,imp0001329,A,0,2024-01-01 03:00:00
u0237,imp0001330,A,0,2024-01-06 14:00:00
u0237,imp0001331,A,0,2024-01-03 12:00:00
u0237,imp0001332,A,0,2024-01-05 10:00:00
u0237,imp0001333,A,0,2024-01-03 05:00:00
u0237,imp0001334,A,0,2024-01-04 15:00:00
u0237,imp0001335,A,0,2024-01-03 19:00:00
u0237,imp0001336,A,0,2024-01-06 08:00:00
u0237,imp0001337,A,0,2024-01-03 06:00:00
u0238,imp0001338,A,0,2024-01-07 21:00:00
u0238,imp0001339,A,0,2024-01-06 00:00:00
u0238,imp0001340,A,0,2024-01-06 08:00:00
u0238,imp0001341,A,0,2024-01-05 05:00:00
u0238,imp0001342,A,0,2024-01-02 13:00:00
u0239,imp0001343,A,0,2024-01-07 12:00:00
u0239,imp0001344,A,0,2024-01-06 12:00:00
u0239,imp0001345,A,0,2024-01-04 19:00:00
u0239,imp0001346,A,0,2024-01-01 20:00:00
u0239,imp0001347,A,0,2024-01-05 12:00:00
u0239,imp0001348,A,0,2024-01-02 22:00:00
u0239,imp0001349,A,0,2024-01-04 11:00:00
u0240,imp0001350,A,0,2024-01-02 10:00:00
u0240,imp0001351,A,0,2024-01-03 20:00:00
u0240,imp0001352,A,0,2024-01-06 08:00:00
u0240,imp0001353,A,0,2024-01-06 19:00:00
u0240,imp0001354,A,0,2024-01-02 02:00:00
u0241,imp0001355,A,0,2024-01-07 08:00:00
u0241,imp0001356,A,0,2024-01-01 20:00:00
u0241,imp0001357,A,1,2024-01-03 12:00:00
u0241,imp0001358,A,0,2024-01-03 14:00:00
u0242,imp0001359,A,0,2024-01-04 15:00:00
u0242,imp0001360,A,0,2024-01-07 08:00:00
u0242,imp0001361,A,0,2024-01-03 06:00:00
u0242,imp0001362,A,1,2024-01-02 21:00:00
u0243,imp0001363,A,0,2024-01-05 13:00:00
u0243,imp0001364,A,0,2024-01-05 09:00:00
u0243,imp0001365,A,0,2024-01-03 09:00:00
u0243,imp0001366,A,1,2024-01-02 14:00:00
u0243,imp0001367,A,0,2024-01-04 07:00:00
u0243,imp0001368,A,0,2024-01-05 00:00:00
u0243,imp0001369,A,0,2024-01-05 16:00:00
u0244,imp0001370,A,0,2024-01-03 12:00:00
u0244,imp0001371,A,0,2024-01-06 16:00:00
u0244,imp0001372,A,0,2024-01-01 05:00:00
u0244,imp0001373,A,0,2024-01-05 12:00:00
u0244,imp0001374,A,0,2024-01-02 10:00:00
u0244,imp0001375,A,0,2024-01-02 14:00:00
u0244,imp0001376,A,0,2024-01-07 05:00:00
u0245,imp0001377,A,0,2024-01-05 21:00:00
u0245,imp0001378,A,0,2024-01-01 04:00:00
u0245,imp0001379,A,0,2024-01-04 14:00:00
u0246,imp0001380,A,0,2024-01-07 13:00:00
u0246,imp0001381,A,0,2024-01-03 08:00:00
u0246,imp0001382,A,1,2024-01-06 06:00:00
u0247,imp0001383,A,0,2024-01-02 04:00:00
u0247,imp0001384,A,0,2024-01-07 20:00:00
u0247,imp0001385,A,0,2024-01-04 14:00:00
u0247,imp0001386,A,0,2024-01-06 20:00:00
u0247,imp0001387,A,0,2024-01-07 15:00:00
u0247,imp0001388,A,0,2024-01-02 21:00:00
u0247,imp0001389,A,0,2024-01-05 19:00:00
u0247,imp0001390,A,0,2024-01-05 15:00:00
u0248,imp0001391,A,1,2024-01-05 07:00:00
u0248,imp0001392,A,0,2024-01-04 12:00:00
u0248,imp0001393,A,0,2024-01-06 13:00:00
u0248,imp0001394,A,0,2024-01-05 11:00:00
u0248,imp0001395,A,0,2024-01-01 17:00:00
u0248,imp0001396,A,0,2024-01-04 21:00:00
u0248,imp0001397,A,0,2024-01-07 05:00:00
u0249,imp0001398,A,1,2024-01-07 13:00:00
u0249,imp0001399,A,0,2024-01-06 05:00:00
u0249,imp0001400,A,0,2024-01-07 15:00:00
u0249,imp0001401,A,0,2024-01-06 01:00:00
u0249,imp0001402,A,0,2024-01-06 17:00:00
u0249,imp0001403,A,0,2024-01-05 18:00:00
u0249,imp0001404,A,0,2024-01-07 19:00:00
u0249,imp0001405,A,0,2024-01-07 17:00:00
u0250,imp0001406,A,0,2024-01-02 03:00:00
u0250,imp0001407,A,0,2024-01-01 10:00:00
u0250,imp0001408,A,0,2024-01-07 22:00:00
u0251,imp0001409,A,0,2024-01-06 06:00:00
u0251,imp0001410,A,0,2024-01-07 02:00:00
u0251,imp0001411,A,0,2024-01-05 21:00:00
u0251,imp0001412,A,0,2024-01-06 22:00:00
u0251,imp0001413,A,0,2024-01-06 05:00:00
u0251,imp0001414,A,0,2024-01-07 11:00:00
u0251,imp0001415,A,0,2024-01-07 07:00:00
u0251,imp0001416,A,0,2024-01-03 23:00:00
u0252,imp0001417,A,0,2024-01-06 16:00:00
u0252,imp0001418,A,0,2024-01-02 08:00:00
u0252,imp0001419,A,0,2024-01-01 18:00:00
u0252,imp0001420,A,0,2024-01-04 01:00:00
u0252,imp0001421,A,0,2024-01-07 23:00:00
u0253,imp0001422,A,0,2024-01-07 12:00:00
u0253,imp0001423,A,0,2024-01-05 01:00:00
u0253,imp0001424,A,0,2024-01-06 20:00:00
u0253,imp0001425,A,0,2024-01-06 08:00:00
u0254,imp0001426,A,0,2024-01-04 20:00:00
u0254,imp0001427,A,0,2024-01-02 23:00:00
u0254,imp0001428,A,0,2024-01-03 15:00:00
u0254,imp0001429,A,0,2024-01-03 12:00:00
u0255,imp0001430,A,0,2024-01-02 14:00:00
u0255,imp0001431,A,0,2024-01-06 07:00:00
u0255,imp0001432,A,0,2024-01-04 15:00:00
u0255,imp0001433,A,0,2024-01-02 01:00:00
u0255,imp0001434,A,0,2024-01-01 16:00:00
u0255,imp0001435,A,0,2024-01-03 22:00:00
u0255,imp0001436,A,0,2024-01-01 12:00:00
u0256,imp0001437,A,0,2024-01-02 01:00:00
u0256,imp0001438,A,0,2024-01-03 00:00:00
u0256,imp0001439,A,0,2024-01-01 06:00:00
u0256,imp0001440,A,0,2024-01-03 09:00:00
u0256,imp0001441,A,0,2024-01-03 00:00:00
u0256,imp0001442,A,0,2024-01-05 06:00:00
u0256,imp0001443,A,0,2024-01-03 04:00:00
u0257,imp0001444,A,1,2024-01-03 13:00:00
u0257,imp0001445,A,0,2024-01-01 16:00:00
u0257,imp0001446,A,0,2024-01-02 00:00:00
u0258,imp0001447,A,0,2024-01-06 10:00:00
u0258,imp0001448,A,0,2024-01-02 04:00:00
u0258,imp0001449,A,0,2024-01-05 20:00:00
u0258,imp0001450,A,0,2024-01-07 15:00:00
u0258,imp0001451,A,0,2024-01-02 01:00:00
u0259,imp0001452,A,0,2024-01-06 23:00:00
u0259,imp0001453,A,0,2024-01-02 00:00:00
u0259,imp0001454,A,0,2024-01-03 05:00:00
u0259,imp0001455,A,0,2024-01-07 11:00:00
u0259,imp0001456,A,0,2024-01-04 00:00:00
u0259,imp0001457,A,0,2024-01-05 23:00:00
u0260,imp0001458,A,0,2024-01-04 20:00:00
u0260,imp0001459,A,0,2024-01-04 13:00:00
u0260,imp0001460,A,0,2024-01-04 07:00:00
u0261,imp0001461,A,0,2024-01-05 11:00:00
u0261,imp0001462,A,0,2024-01-05 21:00:00
u0261,imp0001463,A,0,2024-01-07 12:00:00
u0262,imp0001464,A,0,2024-01-01 14:00:00
u0262,imp0001465,A,0,2024-01-06 10:00:00
u0262,imp0001466,A,1,2024-01-06 18:00:00
u0262,imp0001467,A,0,2024-01-02 05:00:00
u0262,imp0001468,A,0,2024-01-03 08:00:00
u0263,imp0001469,A,0,2024-01-06 07:00:00
u0263,imp0001470,A,0,2024-01-02 23:00:00
u0263,imp0001471,A,0,2024-01-06 15:00:00
u0263,imp0001472,A,0,2024-01-01 21:00:00
u0264,imp0001473,A,0,2024-01-05 07:00:00
u0264,imp0001474,A,0,2024-01-02 11:00:00
u0264,imp0001475,A,0,2024-01-04 06:00:00
u0264,imp0001476,A,0,2024-01-05 19:00:00
u0264,imp0001477,A,0,2024-01-03 08:00:00
u0264,imp0001478,A,0,2024-01-03 00:00:00
u0264,imp0001479,A,0,2024-01-04 09:00:00
u0264,imp0001480,A,0,2024-01-03 17:00:00
u0265,imp0001481,A,0,2024-01-02 20:00:00
u0265,imp0001482,A,0,2024-01-04 06:00:00
u0265,imp0001483,A,0,2024-01-01 19:00:00
u0265,imp0001484,A,0,2024-01-06 02:00:00
u0265,imp0001485,A,0,2024-01-03 18:00:00
u0265,imp0001486,A,0,2024-01-04 10:00:00
u0265,imp0001487,A,0,2024-01-01 02:00:00
u0266,imp0001488,A,0,2024-01-03 15:00:00
u0266,imp0001489,A,0,2024-01-02 15:00:00
u0266,imp0001490,A,0,2024-01-03 10:00:00
u0266,imp0001491,A,0,2024-01-03 13:00:00
u0266,imp0001492,A,0,2024-01-06 11:00:00
u0266,imp0001493,A,0,2024-01-03 11:00:00
u0266,imp0001494,A,0,2024-01-05 19:00:00
u0266,imp0001495,A,0,2024-01-04 02:00:00
u0267,imp0001496,A,0,2024-01-05 10:00:00
u0267,imp0001497,A,0,2024-01-04 23:00:00
u0267,imp0001498,A,0,2024-01-04 18:00:00
u0267,imp0001499,A,0,2024-01-07 13:00:00
u0268,imp0001500,A,0,2024-01-06 09:00:00
u0268,imp0001501,A,0,2024-01-03 13:00:00
u0268,imp0001502,A,0,2024-01-03 00:00:00
u0268,imp0001503,A,0,2024-01-06 16:00:00
u0268,imp0001504,A,0,2024-01-04 19:00:00
u0269,imp0001505,A,0,2024-01-03 12:00:00
u0269,imp0001506,A,0,2024-01-02 23:00:00
u0269,imp0001507,A,0,2024-01-07 08:00:00
u0269,imp0001508,A,0,2024-01-07 19:00:00
u0269,imp0001509,A,0,2024-01-06 15:00:00
u0269,imp0001510,A,0,2024-01-03 09:00:00
u0270,imp0001511,A,0,2024-01-05 15:00:00
u0270,imp0001512,A,0,2024-01-03 13:00:00
u0270,imp0001513,A,0,2024-01-02 14:00:00
u0270,imp0001514,A,0,2024-01-03 09:00:00
u0270,imp0001515,A,0,2024-01-05 02:00:00
u0270,imp0001516,A,0,2024-01-02 19:00:00
u0270,imp0001517,A,0,2024-01-02 04:00:00
u0271,imp0001518,A,0,2024-01-03 22:00:00
u0271,imp0001519,A,0,2024-01-04 19:00:00
u0271,imp0001520,A,0,2024-01-01 08:00:00
u0271,imp0001521,A,0,2024-01-06 06:00:00
u0271,imp0001522,A,0,2024-01-06 13:00:00
u0272,imp0001523,A,0,2024-01-07 00:00:00
u0272,imp0001524,A,0,2024-01-06 23:00:00
u0272,imp0001525,A,0,2024-01-06 10:00:00
u0272,imp0001526,A,0,2024-01-01 20:00:00
u0272,imp0001527,A,0,2024-01-03 15:00:00
u0272,imp0001528,A,0,2024-01-04 17:00:00
u0272,imp0001529,A,0,2024-01-02 11:00:00
u0273,imp0001530,A,0,2024-01-03 13:00:00
u0273,imp0001531,A,0,2024-01-04 03:00:00
u0273,imp0001532,A,0,2024-01-01 12:00:00
u0273,imp0001533,A,0,2024-01-01 10:00:00
u0274,imp0001534,A,0,2024-01-01 07:00:00
u0274,imp0001535,A,0,2024-01-05 07:00:00
u0274,imp0001536,A,0,2024-01-03 10:00:00
u0274,imp0001537,A,0,2024-01-03 08:00:00
u0274,imp0001538,A,0,2024-01-02 15:00:00
u0274,imp0001539,A,0,2024-01-06 09:00:00
u0274,imp0001540,A,0,2024-01-04 21:00:00
u0274,imp0001541,A,1,2024-01-06 17:00:00
u0275,imp0001542,A,0,2024-01-06 18:00:00
u0275,imp0001543,A,0,2024-01-04 07:00:00
u0275,imp0001544,A,0,2024-01-04 08:00:00
u0275,imp0001545,A,0,2024-01-01 01:00:00
u0275,imp0001546,A,0,2024-01-06 19:00:00
u0275,imp0001547,A,0,2024-01-05 18:00:00
u0276,imp0001548,A,0,2024-01-01 22:00:00
u0276,imp0001549,A,0,2024-01-07 01:00:00
u0276,imp0001550,A,0,2024-01-03 13:00:00
u0276,imp0001551,A,0,2024-01-05 16:00:00
u0277,imp0001552,A,0,2024-01-02 13:00:00
u0277,imp0001553,A,0,2024-01-07 21:00:00
u0277,imp0001554,A,0,2024-01-03 12:00:00
u0277,imp0001555,A,0,2024-01-06 08:00:00
u0277,imp0001556,A,0,2024-01-07 11:00:00
u0277,imp0001557,A,0,2024-01-07 04:00:00
u0277,imp0001558,A,0,2024-01-06 01:00:00
u0277,imp0001559,A,0,2024-01-05 13:00:00
u0278,imp0001560,A,0,2024-01-07 10:00:00
u0278,imp0001561,A,0,2024-01-05 03:00:00
u0278,imp0001562,A,0,2024-01-06 14:00:00
u0278,imp0001563,A,0,2024-01-01 21:00:00
u0278,imp0001564,A,0,2024-01-04 01:00:00
u0278,imp0001565,A,0,2024-01-06 11:00:00
u0278,imp0001566,A,0,2024-01-01 22:00:00
u0279,imp0001567,A,0,2024-01-04 11:00:00
u0279,imp0001568,A,0,2024-01-05 04:00:00
u0279,imp0001569,A,0,2024-01-04 11:00:00
u0279,imp0001570,A,0,2024-01-07 16:00:00
u0279,imp0001571,A,0,2024-01-02 03:00:00
u0279,imp0001572,A,0,2024-01-06 15:00:00
u0279,imp0001573,A,0,2024-01-01 00:00:00
u0279,imp0001574,A,0,2024-01-07 20:00:00
u0280,imp0001575,A,0,2024-01-03 21:00:00
u0280,imp0001576,A,0,2024-01-06 04:00:00
u0280,imp0001577,A,0,2024-01-07 04:00:00
u0280,imp0001578,A,0,2024-01-04 23:00:00
u0280,imp0001579,A,0,2024-01-07 18:00:00
u0280,imp0001580,A,0,2024-01-04 06:00:00
u0280,imp0001581,A,0,2024-01-01 04:00:00
u0280,imp0001582,A,0,2024-01-03 11:00:00
u0281,imp0001583,A,0,2024-01-06 13:00:00
u0281,imp0001584,A,0,2024-01-03 07:00:00
u0281,imp0001585,A,0,2024-01-05 13:00:00
u0281,imp0001586,A,0,2024-01-07 12:00:00
u0281,imp0001587,A,0,2024-01-05 07:00:00
u0281,imp0001588,A,0,2024-01-04 04:00:00
u0281,imp0001589,A,0,2024-01-07 01:00:00
u0281,imp0001590,A,0,2024-01-01 01:00:00
u0282,imp0001591,A,0,2024-01-06 04:00:00
u0282,imp0001592,A,0,2024-01-02 13:00:00
u0282,imp0001593,A,0,2024-01-02 02:00:00
u0282,imp0001594,A,0,2024-01-01 19:00:00
u0282,imp0001595,A,0,2024-01-06 19:00:00
u0283,imp0001596,A,0,2024-01-02 06:00:00
u0283,imp0001597,A,0,2024-01-04 18:00:00
u0283,imp0001598,A,0,2024-01-03 12:00:00
u0283,imp0001599,A,0,2024-01-05 12:00:00
u0283,imp0001600,A,0,2024-01-04 18:00:00
u0284,imp0001601,A,0,2024-01-04 22:00:00
u0284,imp0001602,A,0,2024-01-06 22:00:00
u0284,imp0001603,A,0,2024-01-06 23:00:00
u0284,imp0001604,A,0,2024-01-01 12:00:00
u0284,imp0001605,A,0,2024-01-05 16:00:00
u0285,imp0001606,A,0,2024-01-07 04:00:00
u0285,imp0001607,A,0,2024-01-07 13:00:00
u0285,imp0001608,A,0,2024-01-02 23:00:00
u0285,imp0001609,A,0,2024-01-02 10:00:00
u0285,imp0001610,A,0,2024-01-04 13:00:00
u0286,imp0001611,A,0,2024-01-07 14:00:00
u0286,imp0001612,A,0,2024-01-07 07:00:00
u0286,imp0001613,A,0,2024-01-05 17:00:00
u0286,imp0001614,A,0,2024-01-05 03:00:00
u0286,imp0001615,A,0,2024-01-07 15:00:00
u0286,imp0001616,A,0,2024-01-05 02:00:00
u0286,imp0001617,A,0,2024-01-01 02:00:00
u0286,imp0001618,A,0,2024-01-04 12:00:00
u0287,imp0001619,A,0,2024-01-06 17:00:00
u0287,imp0001620,A,0,2024-01-04 10:00:00
u0287,imp0001621,A,0,2024-01-02 00:00:00
u0287,imp0001622,A,0,2024-01-03 19:00:00
u0287,imp0001623,A,0,2024-01-03 12:00:00
u0287,imp0001624,A,0,2024-01-02 04:00:00
u0287,imp0001625,A,0,2024-01-06 06:00:00
u0288,imp0001626,A,0,2024-01-04 01:00:00
u0288,imp0001627,A,0,2024-01-03 12:00:00
u0288,imp0001628,A,0,2024-01-07 08:00:00
u0288,imp0001629,A,0,2024-01-01 19:00:00
u0288,imp0001630,A,0,2024-01-02 23:00:00
u0289,imp0001631,A,0,2024-01-04 14:00:00
u0289,imp0001632,A,0,2024-01-07 07:00:00
u0289,imp0001633,A,0,2024-01-06 18:00:00
u0289,imp0001634,A,0,2024-01-05 13:00:00
u0289,imp0001635,A,0,2024-01-02 03:00:00
u0290,imp0001636,A,0,2024-01-03 10:00:00
u0290,imp0001637,A,0,2024-01-06 12:00:00
u0290,imp0001638,A,0,2024-01-03 02:00:00
u0290,imp0001639,A,0,2024-01-07 04:00:00
u0290,imp0001640,A,0,2024-01-01 11:00:00
u0290,imp0001641,A,0,2024-01-03 01:00:00
u0290,imp0001642,A,0,2024-01-06 11:00:00
u0291,imp0001643,A,0,2024-01-05 16:00:00
u0291,imp0001644,A,0,2024-01-07 21:00:00
u0291,imp0001645,A,0,2024-01-07 08:00:00
u0291,imp0001646,A,0,2024-01-01 13:00:00
u0291,imp0001647,A,0,2024-01-02 07:00:00
u0291,imp0001648,A,0,2024-01-06 18:00:00
u0291,imp0001649,A,0,2024-01-07 01:00:00
u0291,imp0001650,A,0,2024-01-07 10:00:00
u0292,imp0001651,A,0,2024-01-05 23:00:00
u0292,imp0001652,A,0,2024-01-04 02:00:00
u0292,imp0001653,A,0,2024-01-01 20:00:00
u0292,imp0001654,A,0,2024-01-06 12:00:00
u0292,imp0001655,A,0,2024-01-04 14:00:00
u0292,imp0001656,A,0,2024-01-03 10:00:00
u0292,imp0001657,A,0,2024-01-04 16:00:00
u0292,imp0001658,A,0,2024-01-07 05:00:00
u0293,imp0001659,A,0,2024-01-03 16:00:00
u0293,imp0001660,A,0,2024-01-03 15:00:00
u0293,imp0001661,A,0,2024-01-03 22:00:00
u0293,imp0001662,A,0,2024-01-01 03:00:00
u0293,imp0001663,A,0,2024-01-06 22:00:00
u0294,imp0001664,A,0,2024-01-07 05:00:00
u0294,imp0001665,A,0,2024-01-04 20:00:00
u0294,imp0001666,A,0,2024-01-06 21:00:00
u0294,imp0001667,A,0,2024-01-07 03:00:00
u0294,imp0001668,A,0,2024-01-05 15:00:00
u0294,imp0001669,A,0,2024-01-07 16:00:00
u0295,imp0001670,A,0,2024-01-02 18:00:00
u0295,imp0001671,A,0,2024-01-01 11:00:00
u0295,imp0001672,A,0,2024-01-02 15:00:00
u0295,imp0001673,A,0,2024-01-05 21:00:00
u0295,imp0001674,A,0,2024-01-01 19:00:00
u0296,imp0001675,A,0,2024-01-07 21:00:00
u0296,imp0001676,A,0,2024-01-06 10:00:00
u0296,imp0001677,A,0,2024-01-07 11:00:00
u0296,imp0001678,A,0,2024-01-04 17:00:00
u0296,imp0001679,A,0,2024-01-04 21:00:00
u0296,imp0001680,A,0,2024-01-01 12:00:00
u0296,imp0001681,A,0,2024-01-03 17:00:00
u0296,imp0001682,A,0,2024-01-02 12:00:00
u0297,imp0001683,A,0,2024-01-03 17:00:00
u0297,imp0001684,A,0,2024-01-02 11:00:00
u0297,imp0001685,A,0,2024-01-02 01:00:00
u0298,imp0001686,A,0,2024-01-05 11:00:00
u0298,imp0001687,A,0,2024-01-07 23:00:00
u0298,imp0001688,A,0,2024-01-02 18:00:00
u0298,imp0001689,A,0,2024-01-07 05:00:00
u0298,imp0001690,A,0,2024-01-07 03:00:00
u0299,imp0001691,A,0,2024-01-02 15:00:00
u0299,imp0001692,A,0,2024-01-07 13:00:00
u0299,imp0001693,A,0,2024-01-06 07:00:00
u0299,imp0001694,A,0,2024-01-04 11:00:00
u0299,imp0001695,A,0,2024-01-05 19:00:00
u0299,imp0001696,A,0,2024-01-06 23:00:00
u0299,imp0001697,A,0,2024-01-03 13:00:00
u0300,imp0001698,A,0,2024-01-01 06:00:00
u0300,imp0001699,A,0,2024-01-02 20:00:00
u0300,imp0001700,A,0,2024-01-07 10:00:00
u0300,imp0001701,A,0,2024-01-04 15:00:00
u0300,imp0001702,A,0,2024-01-04 00:00:00
u0301,imp0001703,A,0,2024-01-02 12:00:00
u0301,imp0001704,A,0,2024-01-05 22:00:00
u0301,imp0001705,A,0,2024-01-03 08:00:00
u0301,imp0001706,A,0,2024-01-01 07:00:00
u0301,imp0001707,A,0,2024-01-04 22:00:00
u0302,imp0001708,A,0,2024-01-05 13:00:00
u0302,imp0001709,A,0,2024-01-01 19:00:00
u0302,imp0001710,A,0,2024-01-06 03:00:00
u0302,imp0001711,A,0,2024-01-03 04:00:00
u0302,imp0001712,A,0,2024-01-05 22:00:00
u0302,imp0001713,A,0,2024-01-01 11:00:00
u0302,imp0001714,A,0,2024-01-01 16:00:00
u0303,imp0001715,A,0,2024-01-04 21:00:00
u0303,imp0001716,A,0,2024-01-07 12:00:00
u0303,imp0001717,A,0,2024-01-07 02:00:00
u0303,imp0001718,A,0,2024-01-01 10:00:00
u0304,imp0001719,A,0,2024-01-03 22:00:00
u0304,imp0001720,A,0,2024-01-05 11:00:00
u0304,imp0001721,A,0,2024-01-03 09:00:00
u0304,imp0001722,A,0,2024-01-02 09:00:00
u0305,imp0001723,A,0,2024-01-01 19:00:00
u0305,imp0001724,A,0,2024-01-03 01:00:00
u0305,imp0001725,A,0,2024-01-05 05:00:00
u0305,imp0001726,A,0,2024-01-06 17:00:00
u0305,imp0001727,A,0,2024-01-07 15:00:00
u0306,imp0001728,A,0,2024-01-04 11:00:00
u0306,imp0001729,A,0,2024-01-06 10:00:00
u0306,imp0001730,A,0,2024-01-02 12:00:00
u0306,imp0001731,A,0,2024-01-06 05:00:00
u0306,imp0001732,A,1,2024-01-02 15:00:00
u0306,imp0001733,A,0,2024-01-03 23:00:00
u0307,imp0001734,A,0,2024-01-03 07:00:00
u0307,imp0001735,A,0,2024-01-07 06:00:00
u0307,imp0001736,A,0,2024-01-05 07:00:00
u0307,imp0001737,A,0,2024-01-06 18:00:00
u0307,imp0001738,A,0,2024-01-05 13:00:00
u0307,imp0001739,A,0,2024-01-06 15:00:00
u0308,imp0001740,A,0,2024-01-04 21:00:00
u0308,imp0001741,A,0,2024-01-03 07:00:00
u0308,imp0001742,A,0,2024-01-03 11:00:00
u0308,imp0001743,A,0,2024-01-06 17:00:00
u0308,imp0001744,A,0,2024-01-02 14:00:00
u0308,imp0001745,A,0,2024-01-02 03:00:00
u0308,imp0001746,A,0,2024-01-03 00:00:00
u0309,imp0001747,A,0,2024-01-06 04:00:00
u0309,imp0001748,A,0,2024-01-01 12:00:00
u0309,imp0001749,A,0,2024-01-02 11:00:00
u0309,imp0001750,A,0,2024-01-05 04:00:00
u0309,imp0001751,A,0,2024-01-02 01:00:00
u0309,imp0001752,A,0,2024-01-04 13:00:00
u0310,imp0001753,A,0,2024-01-04 09:00:00
u0310,imp0001754,A,0,2024-01-07 21:00:00
u0310,imp0001755,A,0,2024-01-06 06:00:00
u0310,imp0001756,A,0,2024-01-04 15:00:00
u0310,imp0001757,A,0,2024-01-06 06:00:00
u0310,imp0001758,A,0,2024-01-05 23:00:00
u0311,imp0001759,A,0,2024-01-06 09:00:00
u0311,imp0001760,A,0,2024-01-02 06:00:00
u0311,imp0001761,A,0,2024-01-05 22:00:00
u0311,imp0001762,A,0,2024-01-01 10:00:00
u0311,imp0001763,A,0,2024-01-02 21:00:00
u0311,imp0001764,A,0,2024-01-04 23:00:00
u0311,imp0001765,A,0,2024-01-01 09:00:00
u0311,imp0001766,A,0,2024-01-07 23:00:00
u0312,imp0001767,A,0,2024-01-07 07:00:00
u0312,imp0001768,A,0,2024-01-05 02:00:00
u0312,imp0001769,A,0,2024-01-05 15:00:00
u0312,imp0001770,A,0,2024-01-03 11:00:00
u0312,imp0001771,A,0,2024-01-04 14:00:00
u0312,imp0001772,A,0,2024-01-07 00:00:00
u0312,imp0001773,A,0,2024-01-03 16:00:00
u0312,imp0001774,A,0,2024-01-03 08:00:00
u0313,imp0001775,A,0,2024-01-01 08:00:00
u0313,imp0001776,A,0,2024-01-01 21:00:00
u0313,imp0001777,A,0,2024-01-06 20:00:00
u0313,imp0001778,A,0,2024-01-04 16:00:00
u0314,imp0001779,A,0,2024-01-07 23:00:00
u0314,imp0001780,A,0,2024-01-07 00:00:00
u0314,imp0001781,A,1,2024-01-06 22:00:00
u0314,imp0001782,A,0,2024-01-05 09:00:00
u0315,imp0001783,A,0,2024-01-04 08:00:00
u0315,imp0001784,A,0,2024-01-02 07:00:00
u0315,imp0001785,A,0,2024-01-06 16:00:00
u0315,imp0001786,A,0,2024-01-02 15:00:00
u0315,imp0001787,A,0,2024-01-07 03:00:00
u0315,imp0001788,A,0,2024-01-04 09:00:00
u0315,imp0001789,A,0,2024-01-04 04:00:00
u0316,imp0001790,A,0,2024-01-04 03:00:00
u0316,imp0001791,A,0,2024-01-02 13:00:00
u0316,imp0001792,A,0,2024-01-03 22:00:00
u0317,imp0001793,A,0,2024-01-02 23:00:00
u0317,imp0001794,A,0,2024-01-01 17:00:00
u0317,imp0001795,A,0,2024-01-06 23:00:00
u0318,imp0001796,A,0,2024-01-04 16:00:00
u0318,imp0001797,A,0,2024-01-03 13:00:00
u0318,imp0001798,A,0,2024-01-06 20:00:00
u0318,imp0001799,A,0,2024-01-05 12:00:00
u0318,imp0001800,A,0,2024-01-04 08:00:00
u0318,imp0001801,A,0,2024-01-06 13:00:00
u0319,imp0001802,A,0,2024-01-04 04:00:00
u0319,imp0001803,A,0,2024-01-04 17:00:00
u0319,imp0001804,A,0,2024-01-01 13:00:00
u0319,imp0001805,A,0,2024-01-04 22:00:00
u0319,imp0001806,A,0,2024-01-03 05:00:00
u0320,imp0001807,A,0,2024-01-02 14:00:00
u0320,imp0001808,A,0,2024-01-03 23:00:00
u0320,imp0001809,A,0,2024-01-02 00:00:00
u0320,imp0001810,A,0,2024-01-04 04:00:00
u0320,imp0001811,A,0,2024-01-07 15:00:00
u0320,imp0001812,A,0,2024-01-07 21:00:00
u0321,imp0001813,A,0,2024-01-03 04:00:00
u0321,imp0001814,A,0,2024-01-07 11:00:00
u0321,imp0001815,A,0,2024-01-06 10:00:00
u0321,imp0001816,A,0,2024-01-07 05:00:00
u0321,imp0001817,A,0,2024-01-04 23:00:00
u0321,imp0001818,A,0,2024-01-07 21:00:00
u0322,imp0001819,A,0,2024-01-01 05:00:00
u0322,imp0001820,A,0,2024-01-02 07:00:00
u0322,imp0001821,A,0,2024-01-05 02:00:00
u0322,imp0001822,A,0,2024-01-06 17:00:00
u0322,imp0001823,A,0,2024-01-06 10:00:00
u0322,imp0001824,A,0,2024-01-04 03:00:00
u0322,imp0001825,A,0,2024-01-03 10:00:00
u0322,imp0001826,A,0,2024-01-02 06:00:00
u0323,imp0001827,A,0,2024-01-03 20:00:00
u0323,imp0001828,A,0,2024-01-03 03:00:00
u0323,imp0001829,A,0,2024-01-04 16:00:00
u0323,imp0001830,A,0,2024-01-06 06:00:00
u0323,imp0001831,A,0,2024-01-02 06:00:00
u0323,imp0001832,A,0,2024-01-04 11:00:00
u0323,imp0001833,A,0,2024-01-06 06:00:00
u0324,imp0001834,A,0,2024-01-06 11:00:00
u0324,imp0001835,A,0,2024-01-01 12:00:00
u0324,imp0001836,A,0,2024-01-02 20:00:00
u0324,imp0001837,A,0,2024-01-06 06:00:00
u0324,imp0001838,A,0,2024-01-05 17:00:00
u0324,imp0001839,A,0,2024-01-01 19:00:00
u0324,imp0001840,A,0,2024-01-04 08:00:00
u0324,imp0001841,A,0,2024-01-07 19:00:00
u0325,imp0001842,A,1,2024-01-06 22:00:00
u0325,imp0001843,A,0,2024-01-01 16:00:00
u0325,imp0001844,A,0,2024-01-07 07:00:00
u0326,imp0001845,A,0,2024-01-03 23:00:00
u0326,imp0001846,A,0,2024-01-05 12:00:00
u0326,imp0001847,A,0,2024-01-01 22:00:00
u0326,imp0001848,A,0,2024-01-03 23:00:00
u0327,imp0001849,A,0,2024-01-05 14:00:00
u0327,imp0001850,A,0,2024-01-01 12:00:00
u0327,imp0001851,A,0,2024-01-07 22:00:00
u0327,imp0001852,A,0,2024-01-07 11:00:00
u0327,imp0001853,A,0,2024-01-01 15:00:00
u0328,imp0001854,A,0,2024-01-07 00:00:00
u0328,imp0001855,A,0,2024-01-02 05:00:00
u0328,imp0001856,A,0,2024-01-05 06:00:00
u0328,imp0001857,A,0,2024-01-01 12:00:00
u0329,imp0001858,A,0,2024-01-04 21:00:00
u0329,imp0001859,A,0,2024-01-04 09:00:00
u0329,imp0001860,A,0,2024-01-01 12:00:00
u0329,imp0001861,A,0,2024-01-04 21:00:00
u0330,imp0001862,A,0,2024-01-05 15:00:00
u0330,imp0001863,A,0,2024-01-03 06:00:00
u0330,imp0001864,A,0,2024-01-04 08:00:00
u0330,imp0001865,A,0,2024-01-07 23:00:00
u0330,imp0001866,A,0,2024-01-05 19:00:00
u0330,imp0001867,A,0,2024-01-06 22:00:00
u0330,imp0001868,A,0,2024-01-05 11:00:00
u0331,imp0001869,A,0,2024-01-06 07:00:00
u0331,imp0001870,A,0,2024-01-07 13:00:00
u0331,imp0001871,A,0,2024-01-07 16:00:00
u0331,imp0001872,A,0,2024-01-03 08:00:00
u0331,imp0001873,A,0,2024-01-03 03:00:00
u0331,imp0001874,A,0,2024-01-06 16:00:00
u0331,imp0001875,A,0,2024-01-05 14:00:00
u0332,imp0001876,A,0,2024-01-02 19:00:00
u0332,imp0001877,A,0,2024-01-04 02:00:00
u0332,imp0001878,A,0,2024-01-05 01:00:00
u0333,imp0001879,A,0,2024-01-02 07:00:00
u0333,imp0001880,A,0,2024-01-01 14:00:00
u0333,imp0001881,A,0,2024-01-06 19:00:00
u0334,imp0001882,A,0,2024-01-06 15:00:00
u0334,imp0001883,A,0,2024-01-03 23:00:00
u0334,imp0001884,A,0,2024-01-07 10:00:00
u0335,imp0001885,A,0,2024-01-01 11:00:00
u0335,imp0001886,A,0,2024-01-03 16:00:00
u0335,imp0001887,A,0,2024-01-05 10:00:00
u0335,imp0001888,A,0,2024-01-02 17:00:00
u0335,imp0001889,A,0,2024-01-05 18:00:00
u0335,imp0001890,A,0,2024-01-06 18:00:00
u0335,imp0001891,A,0,2024-01-05 06:00:00
u0335,imp0001892,A,0,2024-01-04 22:00:00
u0336,imp0001893,A,0,2024-01-07 15:00:00
u0336,imp0001894,A,0,2024-01-04 12:00:00
u0336,imp0001895,A,0,2024-01-07 23:00:00
u0337,imp0001896,A,0,2024-01-04 13:00:00
u0337,imp0001897,A,0,2024-01-05 05:00:00
u0337,imp0001898,A,0,2024-01-07 20:00:00
u0337,imp0001899,A,0,2024-01-03 05:00:00
u0337,imp0001900,A,0,2024-01-05 18:00:00
u0337,imp0001901,A,0,2024-01-06 18:00:00
u0337,imp0001902,A,0,2024-01-04 15:00:00
u0337,imp0001903,A,0,2024-01-03 00:00:00
u0338,imp0001904,A,0,2024-01-05 18:00:00
u0338,imp0001905,A,0,2024-01-03 14:00:00
u0338,imp0001906,A,0,2024-01-05 07:00:00
u0338,imp0001907,A,0,2024-01-04 10:00:00
u0338,imp0001908,A,0,2024-01-05 06:00:00
u0338,imp0001909,A,0,2024-01-07 11:00:00
u0338,imp0001910,A,0,2024-01-01 16:00:00
u0339,imp0001911,A,0,2024-01-07 02:00:00
u0339,imp0001912,A,0,2024-01-02 03:00:00
u0339,imp0001913,A,0,2024-01-02 13:00:00
u0339,imp0001914,A,0,2024-01-05 22:00:00
u0339,imp0001915,A,0,2024-01-02 12:00:00
u0339,imp0001916,A,0,2024-01-05 18:00:00
u0339,imp0001917,A,0,2024-01-03 19:00:00
u0339,imp0001918,A,0,2024-01-02 18:00:00
u0340,imp0001919,A,0,2024-01-03 09:00:00
u0340,imp0001920,A,0,2024-01-01 12:00:00
u0340,imp0001921,A,0,2024-01-03 03:00:00
u0340,imp0001922,A,0,2024-01-03 09:00:00
u0340,imp0001923,A,0,2024-01-02 07:00:00
u0340,imp0001924,A,0,2024-01-05 08:00:00
u0341,imp0001925,A,0,2024-01-04 10:00:00
u0341,imp0001926,A,0,2024-01-05 02:00:00
u0341,imp0001927,A,0,2024-01-05 07:00:00
u0341,imp0001928,A,0,2024-01-02 03:00:00
u0341,imp0001929,A,0,2024-01-06 08:00:00
u0341,imp0001930,A,0,2024-01-02 23:00:00
u0342,imp0001931,A,0,2024-01-05 17:00:00
u0342,imp0001932,A,0,2024-01-06 11:00:00
u0342,imp0001933,A,0,2024-01-07 21:00:00
u0343,imp0001934,A,0,2024-01-07 10:00:00
u0343,imp0001935,A,0,2024-01-06 16:00:00
u0343,imp0001936,A,0,2024-01-05 14:00:00
u0343,imp0001937,A,0,2024-01-06 23:00:00
u0343,imp0001938,A,0,2024-01-04 03:00:00
u0343,imp0001939,A,0,2024-01-02 06:00:00
u0344,imp0001940,A,0,2024-01-02 00:00:00
u0344,imp0001941,A,0,2024-01-02 09:00:00
u0344,imp0001942,A,0,2024-01-03 18:00:00
u0344,imp0001943,A,0,2024-01-07 07:00:00
u0344,imp0001944,A,0,2024-01-05 21:00:00
u0344,imp0001945,A,0,2024-01-04 00:00:00
u0344,imp0001946,A,0,2024-01-02 01:00:00
u0344,imp0001947,A,0,2024-01-07 03:00:00
u0345,imp0001948,A,0,2024-01-03 18:00:00
u0345,imp0001949,A,0,2024-01-07 07:00:00
u0345,imp0001950,A,0,2024-01-01 04:00:00
u0345,imp0001951,A,0,2024-01-02 02:00:00
u0346,imp0001952,A,0,2024-01-01 14:00:00
u0346,imp0001953,A,0,2024-01-07 18:00:00
u0346,imp0001954,A,0,2024-01-05 08:00:00
u0347,imp0001955,A,0,2024-01-02 19:00:00
u0347,imp0001956,A,0,2024-01-02 01:00:00
u0347,imp0001957,A,0,2024-01-07 17:00:00
u0347,imp0001958,A,0,2024-01-04 22:00:00
u0347,imp0001959,A,0,2024-01-04 11:00:00
u0347,imp0001960,A,0,2024-01-06 19:00:00
u0347,imp0001961,A,0,2024-01-06 11:00:00
u0348,imp0001962,A,0,2024-01-04 16:00:00
u0348,imp0001963,A,0,2024-01-03 17:00:00
u0348,imp0001964,A,0,2024-01-07 13:00:00
u0349,imp0001965,A,0,2024-01-06 01:00:00
u0349,imp0001966,A,0,2024-01-07 04:00:00
u0349,imp0001967,A,0,2024-01-04 11:00:00
u0349,imp0001968,A,0,2024-01-05 19:00:00
u0349,imp0001969,A,0,2024-01-05 19:00:00
u0350,imp0001970,A,0,2024-01-06 22:00:00
u0350,imp0001971,A,0,2024-01-05 13:00:00
u0350,imp0001972,A,0,2024-01-02 21:00:00
u0350,imp0001973,A,0,2024-01-02 00:00:00
u0350,imp0001974,A,0,2024-01-01 20:00:00
u0350,imp0001975,A,0,2024-01-06 00:00:00
u0350,imp0001976,A,0,2024-01-06 01:00:00
u0350,imp0001977,A,0,2024-01-06 12:00:00
u0351,imp0001978,A,0,2024-01-05 16:00:00
u0351,imp0001979,A,0,2024-01-05 10:00:00
u0351,imp0001980,A,0,2024-01-05 15:00:00
u0351,imp0001981,A,0,2024-01-05 11:00:00
u0351,imp0001982,A,0,2024-01-02 22:00:00
u0351,imp0001983,A,0,2024-01-04 18:00:00
u0351,imp0001984,A,0,2024-01-01 17:00:00
u0351,imp0001985,A,0,2024-01-07 04:00:00
u0352,imp0001986,A,0,2024-01-05 07:00:00
u0352,imp0001987,A,0,2024-01-07 06:00:00
u0352,imp0001988,A,0,2024-01-02 15:00:00
u0352,imp0001989,A,0,2024-01-06 17:00:00
u0352,imp0001990,A,0,2024-01-04 16:00:00
u0352,imp0001991,A,0,2024-01-03 12:00:00
u0353,imp0001992,A,0,2024-01-06 01:00:00
u0353,imp0001993,A,0,2024-01-03 06:00:00
u0353,imp0001994,A,0,2024-01-02 12:00:00
u0353,imp0001995,A,0,2024-01-03 07:00:00
u0353,imp0001996,A,0,2024-01-05 05:00:00
u0353,imp0001997,A,0,2024-01-04 20:00:00
u0353,imp0001998,A,0,2024-01-04 00:00:00
u0354,imp0001999,A,0,2024-01-01 01:00:00
u0354,imp0002000,A,0,2024-01-05 07:00:00
u0354,imp0002001,A,0,2024-01-03 02:00:00
u0354,imp0002002,A,0,2024-01-02 05:00:00
u0354,imp0002003,A,0,2024-01-01 10:00:00
u0355,imp0002004,A,0,2024-01-05 11:00:00
u0355,imp0002005,A,0,2024-01-04 03:00:00
u0355,imp0002006,A,0,2024-01-07 22:00:00
u0355,imp0002007,A,0,2024-01-04 17:00:00
u0355,imp0002008,A,0,2024-01-06 02:00:00
u0355,imp0002009,A,0,2024-01-06 04:00:00
u0356,imp0002010,A,0,2024-01-06 01:00:00
u0356,imp0002011,A,0,2024-01-04 21:00:00
u0356,imp0002012,A,0,2024-01-05 06:00:00
u0356,imp0002013,A,0,2024-01-07 17:00:00
u0356,imp0002014,A,0,2024-01-02 06:00:00
u0356,imp0002015,A,0,2024-01-03 03:00:00
u0356,imp0002016,A,0,2024-01-04 16:00:00
u0356,imp0002017,A,0,2024-01-04 03:00:00
u0357,imp0002018,A,0,2024-01-01 21:00:00
u0357,imp0002019,A,0,2024-01-02 15:00:00
u0357,imp0002020,A,0,2024-01-05 04:00:00
u0358,imp0002021,A,0,2024-01-03 16:00:00
u0358,imp0002022,A,0,2024-01-07 04:00:00
u0358,imp0002023,A,0,2024-01-04 06:00:00
u0359,imp0002024,A,0,2024-01-07 21:00:00
u0359,imp0002025,A,1,2024-01-05 02:00:00
u0359,imp0002026,A,0,2024-01-01 07:00:00
u0360,imp0002027,A,0,2024-01-01 16:00:00
u0360,imp0002028,A,0,2024-01-01 16:00:00
u0360,imp0002029,A,0,2024-01-04 17:00:00
u0360,imp0002030,A,0,2024-01-06 20:00:00
u0360,imp0002031,A,0,2024-01-07 00:00:00
u0360,imp0002032,A,0,2024-01-07 21:00:00
u0360,imp0002033,A,0,2024-01-04 08:00:00
u0360,imp0002034,A,0,2024-01-04 05:00:00
u0361,imp0002035,A,0,2024-01-01 05:00:00
u0361,imp0002036,A,0,2024-01-07 18:00:00
u0361,imp0002037,A,0,2024-01-05 13:00:00
u0361,imp0002038,A,0,2024-01-01 13:00:00
u0361,imp0002039,A,0,2024-01-03 23:00:00
u0361,imp0002040,A,0,2024-01-06 22:00:00
u0361,imp0002041,A,0,2024-01-03 05:00:00
u0362,imp0002042,A,0,2024-01-02 02:00:00
u0362,imp0002043,A,0,2024-01-01 12:00:00
u0362,imp0002044,A,0,2024-01-07 14:00:00
u0362,imp0002045,A,0,2024-01-07 18:00:00
u0362,imp0002046,A,0,2024-01-03 11:00:00
u0362,imp0002047,A,0,2024-01-01 05:00:00
u0362,imp0002048,A,0,2024-01-03 09:00:00
u0363,imp0002049,A,0,2024-01-07 06:00:00
u0363,imp0002050,A,0,2024-01-07 17:00:00
u0363,imp0002051,A,0,2024-01-02 01:00:00
u0364,imp0002052,A,0,2024-01-01 19:00:00
u0364,imp0002053,A,0,2024-01-06 13:00:00
u0364,imp0002054,A,0,2024-01-03 10:00:00
u0364,imp0002055,A,0,2024-01-07 01:00:00
u0364,imp0002056,A,0,2024-01-06 11:00:00
u0364,imp0002057,A,0,2024-01-01 16:00:00
u0364,imp0002058,A,0,2024-01-01 13:00:00
u0365,imp0002059,A,0,2024-01-06 14:00:00
u0365,imp0002060,A,0,2024-01-06 07:00:00
u0365,imp0002061,A,0,2024-01-02 19:00:00
u0365,imp0002062,A,0,2024-01-05 22:00:00
u0365,imp0002063,A,1,2024-01-06 22:00:00
u0365,imp0002064,A,0,2024-01-01 18:00:00
u0365,imp0002065,A,0,2024-01-03 14:00:00
u0365,imp0002066,A,0,2024-01-07 18:00:00
u0366,imp0002067,A,0,2024-01-07 18:00:00
u0366,imp0002068,A,0,2024-01-07 02:00:00
u0366,imp0002069,A,0,2024-01-07 03:00:00
u0367,imp0002070,A,0,2024-01-07 15:00:00
u0367,imp0002071,A,0,2024-01-06 01:00:00
u0367,imp0002072,A,1,2024-01-02 19:00:00
u0367,imp0002073,A,0,2024-01-05 07:00:00
u0367,imp0002074,A,0,2024-01-07 07:00:00
u0367,imp0002075,A,0,2024-01-03 12:00:00
u0368,imp0002076,A,1,2024-01-03 22:00:00
u0368,imp0002077,A,0,2024-01-05 10:00:00
u0368,imp0002078,A,0,2024-01-03 01:00:00
u0368,imp0002079,A,0,2024-01-03 16:00:00
u0368,imp0002080,A,0,2024-01-05 02:00:00
u0368,imp0002081,A,0,2024-01-02 07:00:00
u0368,imp0002082,A,0,2024-01-07 19:00:00
u0369,imp0002083,A,0,2024-01-03 09:00:00
u0369,imp0002084,A,0,2024-01-06 07:00:00
u0369,imp0002085,A,0,2024-01-06 21:00:00
u0369,imp0002086,A,0,2024-01-07 20:00:00
u0369,imp0002087,A,0,2024-01-05 15:00:00
u0369,imp0002088,A,0,2024-01-03 19:00:00
u0369,imp0002089,A,0,2024-01-02 15:00:00
u0370,imp0002090,A,0,2024-01-06 23:00:00
u0370,imp0002091,A,0,2024-01-06 11:00:00
u0370,imp0002092,A,0,2024-01-04 17:00:00
u0370,imp0002093,A,0,2024-01-02 03:00:00
u0370,imp0002094,A,0,2024-01-04 23:00:00
u0371,imp0002095,A,0,2024-01-02 06:00:00
u0371,imp0002096,A,0,2024-01-01 02:00:00
u0371,imp0002097,A,0,2024-01-06 15:00:00
u0371,imp0002098,A,0,2024-01-01 23:00:00
u0371,imp0002099,A,0,2024-01-01 14:00:00
u0371,imp0002100,A,0,2024-01-07 14:00:00
u0371,imp0002101,A,0,2024-01-02 20:00:00
u0372,imp0002102,A,0,2024-01-01 07:00:00
u0372,imp0002103,A,0,2024-01-03 22:00:00
u0372,imp0002104,A,0,2024-01-05 11:00:00
u0372,imp0002105,A,0,2024-01-05 18:00:00
u0373,imp0002106,A,0,2024-01-06 04:00:00
u0373,imp0002107,A,0,2024-01-03 08:00:00
u0373,imp0002108,A,0,2024-01-02 05:00:00
u0373,imp0002109,A,0,2024-01-07 01:00:00
u0374,imp0002110,A,0,2024-01-05 20:00:00
u0374,imp0002111,A,0,2024-01-07 22:00:00
u0374,imp0002112,A,0,2024-01-03 11:00:00
u0374,imp0002113,A,0,2024-01-05 01:00:00
u0375,imp0002114,A,0,2024-01-06 05:00:00
u0375,imp0002115,A,0,2024-01-07 06:00:00
u0375,imp0002116,A,0,2024-01-04 21:00:00
u0375,imp0002117,A,0,2024-01-06 13:00:00
u0375,imp0002118,A,0,2024-01-06 01:00:00
u0376,imp0002119,A,0,2024-01-05 11:00:00
u0376,imp0002120,A,0,2024-01-01 03:00:00
u0376,imp0002121,A,0,2024-01-04 20:00:00
u0376,imp0002122,A,0,2024-01-07 06:00:00
u0376,imp0002123,A,0,2024-01-01 05:00:00
u0376,imp0002124,A,0,2024-01-02 07:00:00
u0376,imp0002125,A,0,2024-01-05 09:00:00
u0377,imp0002126,A,0,2024-01-01 14:00:00
u0377,imp0002127,A,0,2024-01-07 23:00:00
u0377,imp0002128,A,0,2024-01-06 01:00:00
u0377,imp0002129,A,0,2024-01-04 23:00:00
u0378,imp0002130,A,0,2024-01-01 05:00:00
u0378,imp0002131,A,0,2024-01-05 15:00:00
u0378,imp0002132,A,0,2024-01-05 23:00:00
u0379,imp0002133,A,0,2024-01-03 18:00:00
u0379,imp0002134,A,0,2024-01-05 09:00:00
u0379,imp0002135,A,0,2024-01-06 18:00:00
u0379,imp0002136,A,0,2024-01-02 18:00:00
u0379,imp0002137,A,0,2024-01-07 00:00:00
u0380,imp0002138,A,0,2024-01-04 08:00:00
u0380,imp0002139,A,0,2024-01-02 16:00:00
u0380,imp0002140,A,0,2024-01-06 12:00:00
u0380,imp0002141,A,0,2024-01-07 15:00:00
u0380,imp0002142,A,0,2024-01-02 10:00:00
u0380,imp0002143,A,0,2024-01-01 21:00:00
u0381,imp0002144,A,0,2024-01-07 05:00:00
u0381,imp0002145,A,0,2024-01-05 15:00:00
u0381,imp0002146,A,0,2024-01-01 10:00:00
u0382,imp0002147,A,0,2024-01-01 02:00:00
u0382,imp0002148,A,0,2024-01-06 16:00:00
u0382,imp0002149,A,0,2024-01-03 11:00:00
u0382,imp0002150,A,0,2024-01-04 03:00:00
u0382,imp0002151,A,0,2024-01-04 14:00:00
u0382,imp0002152,A,0,2024-01-01 13:00:00
u0382,imp0002153,A,0,2024-01-01 17:00:00
u0383,imp0002154,A,0,2024-01-04 00:00:00
u0383,imp0002155,A,0,2024-01-01 22:00:00
u0383,imp0002156,A,0,2024-01-04 10:00:00
u0384,imp0002157,A,0,2024-01-03 20:00:00
u0384,imp0002158,A,0,2024-01-02 22:00:00
u0384,imp0002159,A,0,2024-01-05 19:00:00
u0384,imp0002160,A,0,2024-01-02 05:00:00
u0384,imp0002161,A,0,2024-01-02 00:00:00
u0384,imp0002162,A,0,2024-01-07 11:00:00
u0384,imp0002163,A,0,2024-01-05 15:00:00
u0385,imp0002164,A,0,2024-01-04 01:00:00
u0385,imp0002165,A,0,2024-01-03 09:00:00
u0385,imp0002166,A,0,2024-01-04 21:00:00
u0386,imp0002167,A,0,2024-01-02 00:00:00
u0386,imp0002168,A,0,2024-01-04 05:00:00
u0386,imp0002169,A,0,2024-01-05 02:00:00
u0387,imp0002170,A,0,2024-01-02 23:00:00
u0387,imp0002171,A,0,2024-01-01 09:00:00
u0387,imp0002172,A,0,2024-01-05 02:00:00
u0387,imp0002173,A,0,2024-01-01 10:00:00
u0387,imp0002174,A,0,2024-01-04 12:00:00
u0387,imp0002175,A,0,2024-01-07 04:00:00
u0388,imp0002176,A,0,2024-01-06 14:00:00
u0388,imp0002177,A,0,2024-01-06 05:00:00
u0388,imp0002178,A,0,2024-01-03 15:00:00
u0388,imp0002179,A,0,2024-01-01 01:00:00
u0388,imp0002180,A,0,2024-01-04 03:00:00
u0388,imp0002181,A,0,2024-01-06 00:00:00
u0388,imp0002182,A,0,2024-01-02 17:00:00
u0388,imp0002183,A,0,2024-01-03 05:00:00
u0389,imp0002184,A,0,2024-01-04 02:00:00
u0389,imp0002185,A,0,2024-01-01 15:00:00
u0389,imp0002186,A,0,2024-01-01 17:00:00
u0389,imp0002187,A,0,2024-01-04 17:00:00
u0389,imp0002188,A,0,2024-01-06 23:00:00
u0390,imp0002189,A,0,2024-01-05 11:00:00
u0390,imp0002190,A,0,2024-01-02 23:00:00
u0390,imp0002191,A,0,2024-01-02 17:00:00
u0390,imp0002192,A,0,2024-01-04 03:00:00
u0390,imp0002193,A,0,2024-01-04 04:00:00
u0390,imp0002194,A,0,2024-01-06 11:00:00
u0390,imp0002195,A,0,2024-01-06 09:00:00
u0390,imp0002196,A,0,2024-01-03 10:00:00
u0391,imp0002197,A,0,2024-01-04 06:00:00
u0391,imp0002198,A,0,2024-01-03 23:00:00
u0391,imp0002199,A,1,2024-01-01 06:00:00
u0391,imp0002200,A,0,2024-01-05 14:00:00
u0391,imp0002201,A,0,2024-01-05 22:00:00
u0392,imp0002202,A,0,2024-01-03 14:00:00
u0392,imp0002203,A,0,2024-01-06 03:00:00
u0392,imp0002204,A,0,2024-01-01 11:00:00
u0392,imp0002205,A,0,2024-01-06 20:00:00
u0392,imp0002206,A,0,2024-01-02 18:00:00
u0392,imp0002207,A,0,2024-01-01 16:00:00
u0392,imp0002208,A,0,2024-01-03 14:00:00
u0392,imp0002209,A,0,2024-01-05 23:00:00
u0393,imp0002210,A,0,2024-01-01 07:00:00
u0393,imp0002211,A,0,2024-01-03 20:00:00
u0393,imp0002212,A,0,2024-01-04 17:00:00
u0393,imp0002213,A,0,2024-01-02 11:00:00
u0393,imp0002214,A,0,2024-01-02 03:00:00
u0393,imp0002215,A,0,2024-01-05 21:00:00
u0394,imp0002216,A,0,2024-01-04 03:00:00
u0394,imp0002217,A,0,2024-01-05 04:00:00
u0394,imp0002218,A,0,2024-01-07 13:00:00
u0394,imp0002219,A,0,2024-01-07 06:00:00
u0394,imp0002220,A,0,2024-01-06 23:00:00
u0394,imp0002221,A,0,2024-01-01 13:00:00
u0394,imp0002222,A,0,2024-01-03 22:00:00
u0395,imp0002223,A,0,2024-01-06 03:00:00
u0395,imp0002224,A,0,2024-01-06 04:00:00
u0395,imp0002225,A,0,2024-01-02 12:00:00
u0395,imp0002226,A,0,2024-01-02 04:00:00
u0395,imp0002227,A,0,2024-01-06 22:00:00
u0395,imp0002228,A,0,2024-01-01 18:00:00
u0395,imp0002229,A,0,2024-01-05 09:00:00
u0396,imp0002230,A,0,2024-01-02 02:00:00
u0396,imp0002231,A,0,2024-01-03 06:00:00
u0396,imp0002232,A,0,2024-01-02 04:00:00
u0396,imp0002233,A,0,2024-01-07 03:00:00
u0396,imp0002234,A,1,2024-01-02 00:00:00
u0396,imp0002235,A,0,2024-01-03 21:00:00
u0396,imp0002236,A,0,2024-01-03 14:00:00
u0397,imp0002237,A,0,2024-01-06 09:00:00
u0397,imp0002238,A,0,2024-01-07 05:00:00
u0397,imp0002239,A,0,2024-01-01 15:00:00
u0397,imp0002240,A,0,2024-01-07 01:00:00
u0397,imp0002241,A,0,2024-01-05 03:00:00
u0397,imp0002242,A,0,2024-01-02 05:00:00
u0398,imp0002243,A,0,2024-01-01 18:00:00
u0398,imp0002244,A,0,2024-01-02 09:00:00
u0398,imp0002245,A,0,2024-01-06 20:00:00
u0398,imp0002246,A,0,2024-01-03 13:00:00
u0398,imp0002247,A,0,2024-01-05 21:00:00
u0398,imp0002248,A,0,2024-01-05 03:00:00
u0398,imp0002249,A,0,2024-01-01 21:00:00
u0399,imp0002250,A,0,2024-01-05 14:00:00
u0399,imp0002251,A,0,2024-01-07 19:00:00
u0399,imp0002252,A,0,2024-01-04 00:00:00
u0399,imp0002253,A,0,2024-01-07 02:00:00
u0399,imp0002254,A,0,2024-01-02 13:00:00
u0399,imp0002255,A,0,2024-01-03 21:00:00
u0400,imp0002256,A,0,2024-01-04 06:00:00
u0400,imp0002257,A,0,2024-01-07 03:00:00
u0400,imp0002258,A,0,2024-01-01 08:00:00
u0400,imp0002259,A,0,2024-01-02 07:00:00
u0400,imp0002260,A,0,2024-01-06 11:00:00
u0400,imp0002261,A,0,2024-01-03 01:00:00
u0401,imp0002262,A,0,2024-01-01 04:00:00
u0401,imp0002263,A,0,2024-01-07 03:00:00
u0401,imp0002264,A,0,2024-01-04 14:00:00
u0401,imp0002265,A,0,2024-01-06 05:00:00
u0402,imp0002266,A,0,2024-01-01 21:00:00
u0402,imp0002267,A,0,2024-01-03 19:00:00
u0402,imp0002268,A,0,2024-01-02 19:00:00
u0402,imp0002269,A,0,2024-01-02 09:00:00
u0402,imp0002270,A,1,2024-01-04 04:00:00
u0403,imp0002271,A,0,2024-01-06 16:00:00
u0403,imp0002272,A,0,2024-01-05 09:00:00
u0403,imp0002273,A,0,2024-01-04 22:00:00
u0403,imp0002274,A,0,2024-01-06 14:00:00
u0404,imp0002275,A,0,2024-01-07 02:00:00
u0404,imp0002276,A,0,2024-01-07 14:00:00
u0404,imp0002277,A,0,2024-01-06 07:00:00
u0404,imp0002278,A,0,2024-01-07 18:00:00
u0404,imp0002279,A,0,2024-01-04 12:00:00
u0404,imp0002280,A,0,2024-01-07 14:00:00
u0405,imp0002281,A,0,2024-01-04 22:00:00
u0405,imp0002282,A,0,2024-01-02 07:00:00
u0405,imp0002283,A,0,2024-01-03 17:00:00
u0405,imp0002284,A,0,2024-01-05 19:00:00
u0405,imp0002285,A,0,2024-01-06 17:00:00
u0406,imp0002286,A,0,2024-01-03 11:00:00
u0406,imp0002287,A,0,2024-01-01 16:00:00
u0406,imp0002288,A,0,2024-01-04 23:00:00
u0406,imp0002289,A,0,2024-01-06 23:00:00
u0407,imp0002290,A,0,2024-01-07 22:00:00
u0407,imp0002291,A,0,2024-01-07 14:00:00
u0407,imp0002292,A,0,2024-01-05 10:00:00
u0407,imp0002293,A,0,2024-01-04 15:00:00
u0407,imp0002294,A,0,2024-01-06 08:00:00
u0407,imp0002295,A,0,2024-01-06 18:00:00
u0407,imp0002296,A,0,2024-01-05 22:00:00
u0407,imp0002297,A,0,2024-01-04 12:00:00
u0408,imp0002298,A,0,2024-01-03 22:00:00
u0408,imp0002299,A,0,2024-01-07 09:00:00
u0408,imp0002300,A,0,2024-01-05 14:00:00
u0408,imp0002301,A,0,2024-01-03 01:00:00
u0408,imp0002302,A,0,2024-01-06 19:00:00
u0408,imp0002303,A,0,2024-01-04 22:00:00
u0409,imp0002304,A,1,2024-01-04 19:00:00
u0409,imp0002305,A,0,2024-01-03 16:00:00
u0409,imp0002306,A,0,2024-01-02 22:00:00
u0410,imp0002307,A,0,2024-01-05 09:00:00
u0410,imp0002308,A,0,2024-01-06 09:00:00
u0410,imp0002309,A,0,2024-01-05 09:00:00
u0410,imp0002310,A,0,2024-01-01 23:00:00
u0410,imp0002311,A,0,2024-01-01 03:00:00
u0410,imp0002312,A,0,2024-01-05 11:00:00
u0411,imp0002313,A,0,2024-01-07 09:00:00
u0411,imp0002314,A,0,2024-01-02 15:00:00
u0411,imp0002315,A,0,2024-01-03 01:00:00
u0411,imp0002316,A,0,2024-01-04 02:00:00
u0411,imp0002317,A,0,2024-01-01 11:00:00
u0412,imp0002318,A,0,2024-01-02 02:00:00
u0412,imp0002319,A,1,2024-01-05 16:00:00
u0412,imp0002320,A,0,2024-01-03 00:00:00
u0412,imp0002321,A,0,2024-01-06 23:00:00
u0412,imp0002322,A,0,2024-01-06 09:00:00
u0413,imp0002323,A,0,2024-01-02 05:00:00
u0413,imp0002324,A,0,2024-01-04 11:00:00
u0413,imp0002325,A,0,2024-01-07 21:00:00
u0413,imp0002326,A,0,2024-01-02 03:00:00
u0413,imp0002327,A,0,2024-01-02 00:00:00
u0413,imp0002328,A,1,2024-01-04 23:00:00
u0414,imp0002329,A,0,2024-01-01 09:00:00
u0414,imp0002330,A,0,2024-01-02 17:00:00
u0414,imp0002331,A,0,2024-01-02 15:00:00
u0414,imp0002332,A,0,2024-01-04 04:00:00
u0414,imp0002333,A,0,2024-01-05 08:00:00
u0414,imp0002334,A,0,2024-01-05 21:00:00
u0414,imp0002335,A,0,2024-01-02 17:00:00
u0415,imp0002336,A,0,2024-01-01 21:00:00
u0415,imp0002337,A,0,2024-01-05 10:00:00
u0415,imp0002338,A,0,2024-01-02 02:00:00
u0415,imp0002339,A,0,2024-01-02 16:00:00
u0415,imp0002340,A,0,2024-01-04 07:00:00
u0415,imp0002341,A,0,2024-01-07 17:00:00
u0415,imp0002342,A,0,2024-01-07 15:00:00
u0416,imp0002343,A,0,2024-01-04 16:00:00
u0416,imp0002344,A,0,2024-01-03 17:00:00
u0416,imp0002345,A,0,2024-01-01 11:00:00
u0416,imp0002346,A,0,2024-01-07 23:00:00
u0417,imp0002347,A,0,2024-01-04 03:00:00
u0417,imp0002348,A,0,2024-01-04 17:00:00
u0417,imp0002349,A,0,2024-01-01 09:00:00
u0418,imp0002350,A,0,2024-01-01 19:00:00
u0418,imp0002351,A,0,2024-01-02 14:00:00
u0418,imp0002352,A,0,2024-01-03 11:00:00
u0419,imp0002353,A,0,2024-01-03 16:00:00
u0419,imp0002354,A,0,2024-01-06 03:00:00
u0419,imp0002355,A,0,2024-01-07 19:00:00
u0419,imp0002356,A,0,2024-01-07 07:00:00
u0420,imp0002357,A,0,2024-01-07 10:00:00
u0420,imp0002358,A,0,2024-01-06 09:00:00
u0420,imp0002359,A,0,2024-01-07 14:00:00
u0420,imp0002360,A,0,2024-01-03 08:00:00
u0420,imp0002361,A,0,2024-01-04 05:00:00
u0420,imp0002362,A,0,2024-01-02 04:00:00
u0420,imp0002363,A,0,2024-01-01 14:00:00
u0420,imp0002364,A,0,2024-01-01 11:00:00
u0421,imp0002365,A,0,2024-01-07 11:00:00
u0421,imp0002366,A,0,2024-01-04 11:00:00
u0421,imp0002367,A,0,2024-01-06 04:00:00
u0421,imp0002368,A,0,2024-01-05 06:00:00
u0421,imp0002369,A,0,2024-01-01 23:00:00
u0421,imp0002370,A,0,2024-01-07 04:00:00
u0421,imp0002371,A,0,2024-01-06 17:00:00
u0422,imp0002372,A,0,2024-01-04 05:00:00
u0422,imp0002373,A,0,2024-01-05 04:00:00
u0422,imp0002374,A,0,2024-01-07 01:00:00
u0422,imp0002375,A,0,2024-01-06 21:00:00
u0422,imp0002376,A,0,2024-01-07 17:00:00
u0422,imp0002377,A,0,2024-01-06 07:00:00
u0422,imp0002378,A,0,2024-01-03 09:00:00
u0422,imp0002379,A,0,2024-01-04 03:00:00
u0423,imp0002380,A,0,2024-01-02 11:00:00
u0423,imp0002381,A,0,2024-01-07 19:00:00
u0423,imp0002382,A,0,2024-01-01 21:00:00
u0423,imp0002383,A,0,2024-01-06 06:00:00
u0423,imp0002384,A,0,2024-01-04 07:00:00
u0423,imp0002385,A,0,2024-01-05 03:00:00
u0423,imp0002386,A,0,2024-01-04 23:00:00
u0423,imp0002387,A,0,2024-01-07 16:00:00
u0424,imp0002388,A,0,2024-01-07 19:00:00
u0424,imp0002389,A,0,2024-01-07 03:00:00
u0424,imp0002390,A,0,2024-01-01 17:00:00
u0424,imp0002391,A,0,2024-01-02 13:00:00
u0424,imp0002392,A,0,2024-01-07 06:00:00
u0424,imp0002393,A,0,2024-01-05 12:00:00
u0424,imp0002394,A,0,2024-01-06 02:00:00
u0425,imp0002395,A,0,2024-01-07 04:00:00
u0425,imp0002396,A,0,2024-01-05 07:00:00
u0425,imp0002397,A,0,2024-01-06 19:00:00
u0425,imp0002398,A,0,2024-01-06 23:00:00
u0425,imp0002399,A,0,2024-01-04 08:00:00
u0426,imp0002400,A,0,2024-01-04 14:00:00
u0426,imp0002401,A,0,2024-01-06 21:00:00
u0426,imp0002402,A,0,2024-01-03 12:00:00
u0426,imp0002403,A,0,2024-01-02 21:00:00
u0426,imp0002404,A,0,2024-01-02 07:00:00
u0426,imp0002405,A,0,2024-01-01 14:00:00
u0426,imp0002406,A,0,2024-01-02 19:00:00
u0427,imp0002407,A,0,2024-01-03 05:00:00
u0427,imp0002408,A,0,2024-01-02 19:00:00
u0427,imp0002409,A,0,2024-01-05 01:00:00
u0428,imp0002410,A,0,2024-01-05 12:00:00
u0428,imp0002411,A,0,2024-01-02 02:00:00
u0428,imp0002412,A,0,2024-01-05 19:00:00
u0428,imp0002413,A,0,2024-01-04 14:00:00
u0428,imp0002414,A,0,2024-01-05 07:00:00
u0428,imp0002415,A,0,2024-01-06 02:00:00
u0428,imp0002416,A,0,2024-01-04 06:00:00
u0429,imp0002417,A,0,2024-01-05 00:00:00
u0429,imp0002418,A,0,2024-01-02 06:00:00
u0429,imp0002419,A,0,2024-01-05 02:00:00
u0429,imp0002420,A,0,2024-01-01 16:00:00
u0429,imp0002421,A,0,2024-01-04 10:00:00
u0430,imp0002422,A,0,2024-01-02 07:00:00
u0430,imp0002423,A,0,2024-01-07 23:00:00
u0430,imp0002424,A,0,2024-01-06 20:00:00
u0430,imp0002425,A,0,2024-01-02 10:00:00
u0430,imp0002426,A,0,2024-01-06 12:00:00
u0430,imp0002427,A,0,2024-01-02 04:00:00
u0430,imp0002428,A,0,2024-01-03 21:00:00
u0430,imp0002429,A,0,2024-01-07 08:00:00
u0431,imp0002430,A,0,2024-01-03 20:00:00
u0431,imp0002431,A,0,2024-01-04 16:00:00
u0431,imp0002432,A,0,2024-01-03 23:00:00
u0431,imp0002433,A,0,2024-01-06 08:00:00
u0431,imp0002434,A,0,2024-01-04 14:00:00
u0431,imp0002435,A,0,2024-01-04 23:00:00
u0431,imp0002436,A,0,2024-01-04 02:00:00
u0431,imp0002437,A,0,2024-01-07 22:00:00
u0432,imp0002438,A,0,2024-01-04 15:00:00
u0432,imp0002439,A,0,2024-01-07 12:00:00
u0432,imp0002440,A,0,2024-01-03 05:00:00
u0432,imp0002441,A,0,2024-01-01 15:00:00
u0432,imp0002442,A,0,2024-01-05 02:00:00
u0432,imp0002443,A,0,2024-01-01 19:00:00
u0432,imp0002444,A,0,2024-01-02 21:00:00
u0432,imp0002445,A,0,2024-01-06 06:00:00
u0433,imp0002446,A,0,2024-01-05 14:00:00
u0433,imp0002447,A,0,2024-01-06 08:00:00
u0433,imp0002448,A,0,2024-01-04 08:00:00
u0433,imp0002449,A,0,2024-01-07 12:00:00
u0434,imp0002450,A,0,2024-01-03 21:00:00
u0434,imp0002451,A,0,2024-01-01 07:00:00
u0434,imp0002452,A,0,2024-01-02 04:00:00
u0434,imp0002453,A,0,2024-01-05 15:00:00
u0434,imp0002454,A,0,2024-01-07 16:00:00
u0434,imp0002455,A,0,2024-01-06 10:00:00
u0435,imp0002456,A,0,2024-01-07 18:00:00
u0435,imp0002457,A,0,2024-01-05 11:00:00
u0435,imp0002458,A,0,2024-01-05 12:00:00
u0435,imp0002459,A,0,2024-01-01 19:00:00
u0435,imp0002460,A,0,2024-01-04 00:00:00
u0435,imp0002461,A,0,2024-01-07 22:00:00
u0436,imp0002462,A,0,2024-01-01 18:00:00
u0436,imp0002463,A,0,2024-01-05 05:00:00
u0436,imp0002464,A,0,2024-01-06 20:00:00
u0436,imp0002465,A,0,2024-01-06 20:00:00
u0436,imp0002466,A,0,2024-01-04 13:00:00
u0436,imp0002467,A,0,2024-01-03 03:00:00
u0437,imp0002468,A,0,2024-01-05 12:00:00
u0437,imp0002469,A,0,2024-01-04 13:00:00
u0437,imp0002470,A,0,2024-01-02 18:00:00
u0437,imp0002471,A,0,2024-01-02 17:00:00
u0437,imp0002472,A,0,2024-01-04 17:00:00
u0437,imp0002473,A,0,2024-01-05 18:00:00
u0437,imp0002474,A,0,2024-01-02 01:00:00
u0438,imp0002475,A,0,2024-01-04 04:00:00
u0438,imp0002476,A,0,2024-01-07 11:00:00
u0438,imp0002477,A,0,2024-01-06 16:00:00
u0438,imp0002478,A,0,2024-01-01 19:00:00
u0438,imp0002479,A,0,2024-01-02 14:00:00
u0439,imp0002480,A,0,2024-01-01 11:00:00
u0439,imp0002481,A,0,2024-01-01 10:00:00
u0439,imp0002482,A,0,2024-01-07 09:00:00
u0439,imp0002483,A,0,2024-01-02 17:00:00
u0439,imp0002484,A,0,2024-01-07 10:00:00
u0440,imp0002485,A,0,2024-01-02 13:00:00
u0440,imp0002486,A,0,2024-01-05 01:00:00
u0440,imp0002487,A,0,2024-01-01 18:00:00
u0440,imp0002488,A,0,2024-01-06 13:00:00
u0440,imp0002489,A,0,2024-01-05 19:00:00
u0441,imp0002490,A,0,2024-01-05 16:00:00
u0441,imp0002491,A,0,2024-01-03 16:00:00
u0441,imp0002492,A,0,2024-01-05 02:00:00
u0441,imp0002493,A,0,2024-01-03 23:00:00
u0441,imp0002494,A,0,2024-01-03 03:00:00
u0441,imp0002495,A,0,2024-01-05 21:00:00
u0441,imp0002496,A,0,2024-01-05 23:00:00
u0441,imp0002497,A,0,2024-01-01 06:00:00
u0442,imp0002498,A,0,2024-01-03 19:00:00
u0442,imp0002499,A,0,2024-01-07 08:00:00
u0442,imp0002500,A,0,2024-01-06 19:00:00
u0442,imp0002501,A,0,2024-01-07 09:00:00
u0442,imp0002502,A,1,2024-01-05 05:00:00
u0443,imp0002503,A,0,2024-01-06 19:00:00
u0443,imp0002504,A,0,2024-01-03 02:00:00
u0443,imp0002505,A,0,2024-01-05 20:00:00
u0443,imp0002506,A,0,2024-01-07 20:00:00
u0443,imp0002507,A,0,2024-01-02 21:00:00
u0443,imp0002508,A,0,2024-01-03 04:00:00
u0443,imp0002509,A,0,2024-01-04 15:00:00
u0443,imp0002510,A,0,2024-01-06 00:00:00
u0444,imp0002511,A,0,2024-01-04 16:00:00
u0444,imp0002512,A,0,2024-01-06 04:00:00
u0444,imp0002513,A,0,2024-01-05 21:00:00
u0444,imp0002514,A,0,2024-01-03 05:00:00
u0444,imp0002515,A,0,2024-01-05 19:00:00
u0444,imp0002516,A,0,2024-01-05 21:00:00
u0444,imp0002517,A,0,2024-01-01 03:00:00
u0445,imp0002518,A,0,2024-01-03 00:00:00
u0445,imp0002519,A,0,2024-01-01 06:00:00
u0445,imp0002520,A,0,2024-01-05 13:00:00
u0445,imp0002521,A,0,2024-01-06 01:00:00
u0445,imp0002522,A,0,2024-01-01 10:00:00
u0446,imp0002523,A,0,2024-01-01 22:00:00
u0446,imp0002524,A,0,2024-01-02 03:00:00
u0446,imp0002525,A,0,2024-01-05 14:00:00
u0446,imp0002526,A,0,2024-01-03 08:00:00
u0446,imp0002527,A,0,2024-01-02 01:00:00
u0446,imp0002528,A,1,2024-01-07 08:00:00
u0447,imp0002529,A,0,2024-01-05 00:00:00
u0447,imp0002530,A,0,2024-01-07 19:00:00
u0447,imp0002531,A,0,2024-01-01 13:00:00
u0447,imp0002532,A,0,2024-01-04 05:00:00
u0447,imp0002533,A,1,2024-01-02 10:00:00
u0447,imp0002534,A,0,2024-01-02 05:00:00
u0447,imp0002535,A,0,2024-01-04 19:00:00
u0447,imp0002536,A,0,2024-01-01 16:00:00
u0448,imp0002537,A,0,2024-01-07 13:00:00
u0448,imp0002538,A,0,2024-01-04 20:00:00
u0448,imp0002539,A,0,2024-01-04 06:00:00
u0448,imp0002540,A,0,2024-01-05 13:00:00
u0448,imp0002541,A,0,2024-01-05 05:00:00
u0449,imp0002542,A,0,2024-01-02 22:00:00
u0449,imp0002543,A,0,2024-01-03 15:00:00
u0449,imp0002544,A,0,2024-01-07 21:00:00
u0449,imp0002545,A,0,2024-01-03 15:00:00
u0450,imp0002546,A,0,2024-01-01 06:00:00
u0450,imp0002547,A,0,2024-01-01 21:00:00
u0450,imp0002548,A,0,2024-01-04 08:00:00
u0451,imp0002549,A,0,2024-01-04 01:00:00
u0451,imp0002550,A,0,2024-01-06 17:00:00
u0451,imp0002551,A,0,2024-01-06 14:00:00
u0451,imp0002552,A,0,2024-01-06 04:00:00
u0452,imp0002553,A,0,2024-01-03 03:00:00
u0452,imp0002554,A,0,2024-01-07 16:00:00
u0452,imp0002555,A,0,2024-01-01 00:00:00
u0452,imp0002556,A,0,2024-01-07 17:00:00
u0453,imp0002557,A,0,2024-01-07 00:00:00
u0453,imp0002558,A,0,2024-01-06 11:00:00
u0453,imp0002559,A,0,2024-01-01 03:00:00
u0453,imp0002560,A,0,2024-01-01 00:00:00
u0453,imp0002561,A,0,2024-01-03 22:00:00
u0453,imp0002562,A,0,2024-01-02 10:00:00
u0454,imp0002563,A,0,2024-01-02 11:00:00
u0454,imp0002564,A,0,2024-01-06 02:00:00
u0454,imp0002565,A,1,2024-01-02 18:00:00
u0454,imp0002566,A,0,2024-01-02 02:00:00
u0454,imp0002567,A,0,2024-01-02 07:00:00
u0454,imp0002568,A,0,2024-01-04 05:00:00
u0454,imp0002569,A,0,2024-01-06 00:00:00
u0455,imp0002570,A,0,2024-01-07 11:00:00
u0455,imp0002571,A,0,2024-01-07 12:00:00
u0455,imp0002572,A,0,2024-01-01 15:00:00
u0455,imp0002573,A,0,2024-01-05 02:00:00
u0456,imp0002574,A,0,2024-01-02 06:00:00
u0456,imp0002575,A,0,2024-01-01 03:00:00
u0456,imp0002576,A,0,2024-01-07 20:00:00
u0456,imp0002577,A,0,2024-01-01 16:00:00
u0456,imp0002578,A,0,2024-01-02 14:00:00
u0457,imp0002579,A,0,2024-01-02 14:00:00
u0457,imp0002580,A,0,2024-01-06 11:00:00
u0457,imp0002581,A,0,2024-01-02 05:00:00
u0457,imp0002582,A,0,2024-01-07 13:00:00
u0457,imp0002583,A,0,2024-01-01 21:00:00
u0457,imp0002584,A,0,2024-01-03 17:00:00
u0457,imp0002585,A,0,2024-01-05 11:00:00
u0457,imp0002586,A,0,2024-01-01 11:00:00
u0458,imp0002587,A,0,2024-01-02 11:00:00
u0458,imp0002588,A,0,2024-01-01 17:00:00
u0458,imp0002589,A,0,2024-01-04 17:00:00
u0458,imp0002590,A,0,2024-01-01 00:00:00
u0458,imp0002591,A,0,2024-01-06 06:00:00
u0458,imp0002592,A,0,2024-01-04 17:00:00
u0458,imp0002593,A,0,2024-01-04 14:00:00
u0458,imp0002594,A,0,2024-01-04 17:00:00
u0459,imp0002595,A,0,2024-01-06 13:00:00
u0459,imp0002596,A,0,2024-01-03 21:00:00
u0459,imp0002597,A,0,2024-01-02 19:00:00
u0459,imp0002598,A,0,2024-01-07 07:00:00
u0459,imp0002599,A,0,2024-01-04 13:00:00
u0459,imp0002600,A,0,2024-01-01 18:00:00
u0459,imp0002601,A,0,2024-01-05 04:00:00
u0460,imp0002602,A,0,2024-01-04 22:00:00
u0460,imp0002603,A,0,2024-01-05 04:00:00
u0460,imp0002604,A,0,2024-01-02 05:00:00
u0460,imp0002605,A,0,2024-01-02 08:00:00
u0461,imp0002606,A,0,2024-01-01 11:00:00
u0461,imp0002607,A,0,2024-01-05 21:00:00
u0461,imp0002608,A,0,2024-01-04 21:00:00
u0461,imp0002609,A,0,2024-01-07 10:00:00
u0462,imp0002610,A,0,2024-01-07 04:00:00
u0462,imp0002611,A,0,2024-01-04 03:00:00
u0462,imp0002612,A,0,2024-01-02 04:00:00
u0463,imp0002613,A,0,2024-01-05 20:00:00
u0463,imp0002614,A,0,2024-01-01 14:00:00
u0463,imp0002615,A,0,2024-01-01 01:00:00
u0464,imp0002616,A,0,2024-01-05 20:00:00
u0464,imp0002617,A,0,2024-01-01 17:00:00
u0464,imp0002618,A,0,2024-01-01 02:00:00
u0464,imp0002619,A,0,2024-01-06 14:00:00
u0464,imp0002620,A,0,2024-01-07 21:00:00
u0464,imp0002621,A,0,2024-01-07 20:00:00
u0465,imp0002622,A,1,2024-01-05 11:00:00
u0465,imp0002623,A,0,2024-01-04 22:00:00
u0465,imp0002624,A,0,2024-01-06 01:00:00
u0465,imp0002625,A,0,2024-01-01 10:00:00
u0466,imp0002626,A,0,2024-01-06 02:00:00
u0466,imp0002627,A,0,2024-01-05 16:00:00
u0466,imp0002628,A,0,2024-01-05 01:00:00
u0466,imp0002629,A,0,2024-01-04 20:00:00
u0466,imp0002630,A,0,2024-01-01 21:00:00
u0466,imp0002631,A,0,2024-01-06 06:00:00
u0467,imp0002632,A,0,2024-01-02 00:00:00
u0467,imp0002633,A,0,2024-01-04 12:00:00
u0467,imp0002634,A,0,2024-01-03 06:00:00
u0467,imp0002635,A,0,2024-01-06 23:00:00
u0467,imp0002636,A,0,2024-01-04 22:00:00
u0467,imp0002637,A,0,2024-01-06 21:00:00
u0467,imp0002638,A,0,2024-01-07 22:00:00
u0467,imp0002639,A,0,2024-01-07 11:00:00
u0468,imp0002640,A,0,2024-01-05 22:00:00
u0468,imp0002641,A,0,2024-01-01 08:00:00
u0468,imp0002642,A,0,2024-01-07 05:00:00
u0468,imp0002643,A,0,2024-01-07 15:00:00
u0468,imp0002644,A,0,2024-01-02 17:00:00
u0468,imp0002645,A,0,2024-01-03 04:00:00
u0469,imp0002646,A,0,2024-01-04 01:00:00
u0469,imp0002647,A,0,2024-01-02 14:00:00
u0469,imp0002648,A,0,2024-01-06 01:00:00
u0469,imp0002649,A,0,2024-01-01 14:00:00
u0469,imp0002650,A,0,2024-01-07 12:00:00
u0470,imp0002651,A,0,2024-01-04 10:00:00
u0470,imp0002652,A,0,2024-01-01 09:00:00
u0470,imp0002653,A,1,2024-01-04 19:00:00
u0470,imp0002654,A,0,2024-01-02 04:00:00
u0470,imp0002655,A,0,2024-01-02 10:00:00
u0471,imp0002656,A,0,2024-01-06 19:00:00
u0471,imp0002657,A,0,2024-01-05 14:00:00
u0471,imp0002658,A,0,2024-01-02 13:00:00
u0471,imp0002659,A,0,2024-01-04 04:00:00
u0471,imp0002660,A,0,2024-01-04 20:00:00
u0471,imp0002661,A,0,2024-01-07 02:00:00
u0471,imp0002662,A,0,2024-01-03 18:00:00
u0471,imp0002663,A,0,2024-01-06 15:00:00
u0472,imp0002664,A,0,2024-01-06 11:00:00
u0472,imp0002665,A,0,2024-01-04 12:00:00
u0472,imp0002666,A,0,2024-01-02 20:00:00
u0472,imp0002667,A,1,2024-01-06 15:00:00
u0473,imp0002668,A,0,2024-01-01 08:00:00
u0473,imp0002669,A,0,2024-01-03 11:00:00
u0473,imp0002670,A,0,2024-01-04 05:00:00
u0473,imp0002671,A,0,2024-01-04 04:00:00
u0473,imp0002672,A,0,2024-01-03 22:00:00
u0473,imp0002673,A,0,2024-01-01 14:00:00
u0473,imp0002674,A,0,2024-01-03 22:00:00
u0474,imp0002675,A,0,2024-01-01 21:00:00
u0474,imp0002676,A,0,2024-01-07 07:00:00
u0474,imp0002677,A,0,2024-01-05 16:00:00
u0474,imp0002678,A,0,2024-01-01 00:00:00
u0474,imp0002679,A,0,2024-01-01 09:00:00
u0474,imp0002680,A,0,2024-01-05 13:00:00
u0474,imp0002681,A,0,2024-01-05 16:00:00
u0474,imp0002682,A,0,2024-01-03 01:00:00
u0475,imp0002683,A,0,2024-01-04 16:00:00
u0475,imp0002684,A,0,2024-01-07 09:00:00
u0475,imp0002685,A,0,2024-01-05 15:00:00
u0475,imp0002686,A,0,2024-01-04 05:00:00
u0475,imp0002687,A,0,2024-01-07 19:00:00
u0475,imp0002688,A,0,2024-01-06 00:00:00
u0476,imp0002689,A,0,2024-01-02 00:00:00
u0476,imp0002690,A,0,2024-01-01 17:00:00
u0476,imp0002691,A,0,2024-01-06 20:00:00
u0476,imp0002692,A,0,2024-01-02 18:00:00
u0476,imp0002693,A,1,2024-01-04 05:00:00
u0477,imp0002694,A,0,2024-01-07 01:00:00
u0477,imp0002695,A,0,2024-01-03 10:00:00
u0477,imp0002696,A,0,2024-01-03 14:00:00
u0477,imp0002697,A,0,2024-01-04 19:00:00
u0477,imp0002698,A,0,2024-01-03 07:00:00
u0477,imp0002699,A,0,2024-01-07 10:00:00
u0478,imp0002700,A,0,2024-01-03 19:00:00
u0478,imp0002701,A,0,2024-01-02 21:00:00
u0478,imp0002702,A,0,2024-01-03 18:00:00
u0479,imp0002703,A,0,2024-01-01 05:00:00
u0479,imp0002704,A,0,2024-01-01 23:00:00
u0479,imp0002705,A,0,2024-01-04 21:00:00
u0479,imp0002706,A,1,2024-01-01 12:00:00
u0480,imp0002707,A,0,2024-01-02 00:00:00
u0480,imp0002708,A,0,2024-01-07 03:00:00
u0480,imp0002709,A,0,2024-01-05 21:00:00
u0480,imp0002710,A,0,2024-01-04 09:00:00
u0480,imp0002711,A,0,2024-01-05 14:00:00
u0480,imp0002712,A,0,2024-01-04 09:00:00
u0480,imp0002713,A,0,2024-01-03 17:00:00
u0481,imp0002714,A,0,2024-01-02 20:00:00
u0481,imp0002715,A,0,2024-01-05 17:00:00
u0481,imp0002716,A,0,2024-01-03 14:00:00
u0481,imp0002717,A,0,2024-01-04 03:00:00
u0482,imp0002718,A,0,2024-01-05 17:00:00
u0482,imp0002719,A,0,2024-01-05 14:00:00
u0482,imp0002720,A,0,2024-01-07 02:00:00
u0482,imp0002721,A,0,2024-01-02 10:00:00
u0482,imp0002722,A,0,2024-01-03 04:00:00
u0482,imp0002723,A,0,2024-01-02 01:00:00
u0482,imp0002724,A,0,2024-01-01 13:00:00
u0483,imp0002725,A,0,2024-01-02 20:00:00
u0483,imp0002726,A,0,2024-01-03 02:00:00
u0483,imp0002727,A,0,2024-01-05 22:00:00
u0483,imp0002728,A,0,2024-01-07 06:00:00
u0483,imp0002729,A,0,2024-01-01 18:00:00
u0483,imp0002730,A,0,2024-01-04 09:00:00
u0483,imp0002731,A,0,2024-01-04 03:00:00
u0483,imp0002732,A,0,2024-01-04 19:00:00
u0484,imp0002733,A,0,2024-01-02 08:00:00
u0484,imp0002734,A,0,2024-01-07 02:00:00
u0484,imp0002735,A,0,2024-01-02 03:00:00
u0484,imp0002736,A,0,2024-01-06 02:00:00
u0484,imp0002737,A,0,2024-01-06 05:00:00
u0484,imp0002738,A,0,2024-01-02 12:00:00
u0485,imp0002739,A,0,2024-01-05 02:00:00
u0485,imp0002740,A,0,2024-01-05 01:00:00
u0485,imp0002741,A,0,2024-01-06 06:00:00
u0485,imp0002742,A,0,2024-01-07 23:00:00
u0486,imp0002743,A,0,2024-01-06 05:00:00
u0486,imp0002744,A,0,2024-01-04 14:00:00
u0486,imp0002745,A,0,2024-01-03 05:00:00
u0486,imp0002746,A,0,2024-01-07 05:00:00
u0486,imp0002747,A,1,2024-01-01 15:00:00
u0486,imp0002748,A,0,2024-01-02 03:00:00
u0486,imp0002749,A,0,2024-01-07 18:00:00
u0486,imp0002750,A,0,2024-01-02 21:00:00
u0487,imp0002751,A,0,2024-01-04 12:00:00
u0487,imp0002752,A,0,2024-01-02 01:00:00
u0487,imp0002753,A,0,2024-01-04 12:00:00
u0487,imp0002754,A,0,2024-01-07 08:00:00
u0487,imp0002755,A,0,2024-01-03 16:00:00
u0487,imp0002756,A,0,2024-01-06 13:00:00
u0488,imp0002757,A,0,2024-01-03 15:00:00
u0488,imp0002758,A,0,2024-01-04 14:00:00
u0488,imp0002759,A,0,2024-01-05 10:00:00
u0488,imp0002760,A,0,2024-01-07 06:00:00
u0488,imp0002761,A,0,2024-01-04 23:00:00
u0489,imp0002762,A,0,2024-01-07 01:00:00
u0489,imp0002763,A,0,2024-01-04 14:00:00
u0489,imp0002764,A,0,2024-01-07 04:00:00
u0489,imp0002765,A,0,2024-01-03 08:00:00
u0489,imp0002766,A,1,2024-01-05 06:00:00
u0489,imp0002767,A,0,2024-01-07 06:00:00
u0489,imp0002768,A,0,2024-01-04 18:00:00
u0489,imp0002769,A,0,2024-01-02 20:00:00
u0490,imp0002770,A,0,2024-01-04 15:00:00
u0490,imp0002771,A,0,2024-01-05 18:00:00
u0490,imp0002772,A,0,2024-01-02 22:00:00
u0490,imp0002773,A,0,2024-01-07 23:00:00
u0490,imp0002774,A,0,2024-01-06 14:00:00
u0490,imp0002775,A,0,2024-01-03 01:00:00
u0491,imp0002776,A,0,2024-01-04 18:00:00
u0491,imp0002777,A,0,2024-01-06 13:00:00
u0491,imp0002778,A,0,2024-01-04 18:00:00
u0491,imp0002779,A,0,2024-01-06 16:00:00
u0491,imp0002780,A,0,2024-01-05 12:00:00
u0491,imp0002781,A,0,2024-01-03 08:00:00
u0492,imp0002782,A,0,2024-01-04 17:00:00
u0492,imp0002783,A,0,2024-01-02 15:00:00
u0492,imp0002784,A,0,2024-01-05 15:00:00
u0492,imp0002785,A,0,2024-01-02 20:00:00
u0492,imp0002786,A,0,2024-01-04 04:00:00
u0492,imp0002787,A,0,2024-01-04 14:00:00
u0492,imp0002788,A,0,2024-01-07 03:00:00
u0493,imp0002789,A,0,2024-01-05 20:00:00
u0493,imp0002790,A,0,2024-01-04 19:00:00
u0493,imp0002791,A,0,2024-01-07 00:00:00
u0493,imp0002792,A,0,2024-01-02 03:00:00
u0493,imp0002793,A,0,2024-01-02 00:00:00
u0493,imp0002794,A,0,2024-01-03 09:00:00
u0493,imp0002795,A,0,2024-01-02 16:00:00
u0494,imp0002796,A,0,2024-01-04 02:00:00
u0494,imp0002797,A,0,2024-01-02 13:00:00
u0494,imp0002798,A,0,2024-01-06 13:00:00
u0494,imp0002799,A,0,2024-01-04 02:00:00
u0494,imp0002800,A,0,2024-01-06 21:00:00
u0494,imp0002801,A,0,2024-01-03 17:00:00
u0494,imp0002802,A,0,2024-01-07 23:00:00
u0494,imp0002803,A,0,2024-01-01 02:00:00
u0495,imp0002804,A,0,2024-01-05 02:00:00
u0495,imp0002805,A,0,2024-01-07 07:00:00
u0495,imp0002806,A,0,2024-01-01 18:00:00
u0495,imp0002807,A,0,2024-01-07 01:00:00
u0495,imp0002808,A,0,2024-01-05 19:00:00
u0495,imp0002809,A,0,2024-01-06 04:00:00
u0495,imp0002810,A,0,2024-01-04 15:00:00
u0496,imp0002811,A,0,2024-01-02 10:00:00
u0496,imp0002812,A,0,2024-01-01 00:00:00
u0496,imp0002813,A,0,2024-01-07 08:00:00
u0496,imp0002814,A,0,2024-01-06 05:00:00
u0496,imp0002815,A,0,2024-01-04 16:00:00
u0496,imp0002816,A,0,2024-01-06 23:00:00
u0496,imp0002817,A,0,2024-01-07 02:00:00
u0497,imp0002818,A,0,2024-01-02 00:00:00
u0497,imp0002819,A,0,2024-01-01 15:00:00
u0497,imp0002820,A,0,2024-01-04 00:00:00
u0497,imp0002821,A,0,2024-01-06 08:00:00
u0497,imp0002822,A,0,2024-01-02 17:00:00
u0498,imp0002823,A,0,2024-01-07 17:00:00
u0498,imp0002824,A,0,2024-01-04 07:00:00
u0498,imp0002825,A,0,2024-01-05 07:00:00
u0498,imp0002826,A,0,2024-01-07 01:00:00
u0498,imp0002827,A,0,2024-01-02 09:00:00
u0499,imp0002828,A,1,2024-01-02 20:00:00
u0499,imp0002829,A,0,2024-01-06 13:00:00
u0499,imp0002830,A,0,2024-01-01 20:00:00
u0500,imp0002831,A,0,2024-01-04 23:00:00
u0500,imp0002832,A,1,2024-01-05 08:00:00
u0500,imp0002833,A,0,2024-01-02 23:00:00
u0500,imp0002834,A,0,2024-01-02 14:00:00
u0501,imp0002835,A,0,2024-01-01 09:00:00
u0501,imp0002836,A,0,2024-01-02 05:00:00
u0501,imp0002837,A,0,2024-01-01 17:00:00
u0501,imp0002838,A,0,2024-01-04 15:00:00
u0502,imp0002839,A,0,2024-01-06 04:00:00
u0502,imp0002840,A,0,2024-01-04 00:00:00
u0502,imp0002841,A,0,2024-01-01 14:00:00
u0502,imp0002842,A,0,2024-01-01 03:00:00
u0502,imp0002843,A,0,2024-01-07 23:00:00
u0502,imp0002844,A,0,2024-01-01 08:00:00
u0503,imp0002845,A,0,2024-01-06 16:00:00
u0503,imp0002846,A,0,2024-01-07 09:00:00
u0503,imp0002847,A,0,2024-01-06 11:00:00
u0503,imp0002848,A,0,2024-01-01 15:00:00
u0503,imp0002849,A,0,2024-01-06 22:00:00
u0503,imp0002850,A,0,2024-01-05 02:00:00
u0503,imp0002851,A,0,2024-01-06 00:00:00
u0504,imp0002852,A,0,2024-01-03 20:00:00
u0504,imp0002853,A,0,2024-01-01 04:00:00
u0504,imp0002854,A,0,2024-01-01 19:00:00
u0504,imp0002855,A,0,2024-01-04 06:00:00
u0504,imp0002856,A,0,2024-01-07 01:00:00
u0504,imp0002857,A,0,2024-01-05 14:00:00
u0505,imp0002858,A,0,2024-01-04 20:00:00
u0505,imp0002859,A,0,2024-01-01 12:00:00
u0505,imp0002860,A,0,2024-01-01 03:00:00
u0505,imp0002861,A,0,2024-01-05 12:00:00
u0506,imp0002862,A,0,2024-01-04 22:00:00
u0506,imp0002863,A,0,2024-01-05 08:00:00
u0506,imp0002864,A,0,2024-01-01 07:00:00
u0506,imp0002865,A,0,2024-01-03 18:00:00
u0507,imp0002866,A,0,2024-01-01 08:00:00
u0507,imp0002867,A,0,2024-01-05 20:00:00
u0507,imp0002868,A,0,2024-01-01 10:00:00
u0507,imp0002869,A,0,2024-01-05 02:00:00
u0507,imp0002870,A,0,2024-01-02 17:00:00
u0507,imp0002871,A,0,2024-01-06 20:00:00
u0507,imp0002872,A,0,2024-01-07 19:00:00
u0507,imp0002873,A,1,2024-01-05 23:00:00
u0508,imp0002874,A,0,2024-01-01 11:00:00
u0508,imp0002875,A,0,2024-01-02 12:00:00
u0508,imp0002876,A,0,2024-01-04 01:00:00
u0508,imp0002877,A,0,2024-01-04 00:00:00
u0508,imp0002878,A,0,2024-01-03 03:00:00
u0508,imp0002879,A,0,2024-01-06 09:00:00
u0508,imp0002880,A,0,2024-01-03 07:00:00
u0509,imp0002881,A,0,2024-01-07 06:00:00
u0509,imp0002882,A,0,2024-01-07 12:00:00
u0509,imp0002883,A,0,2024-01-04 16:00:00
u0509,imp0002884,A,0,2024-01-02 06:00:00
u0509,imp0002885,A,1,2024-01-01 19:00:00
u0509,imp0002886,A,0,2024-01-06 09:00:00
u0510,imp0002887,A,0,2024-01-01 12:00:00
u0510,imp0002888,A,0,2024-01-06 01:00:00
u0510,imp0002889,A,0,2024-01-05 06:00:00
u0511,imp0002890,A,0,2024-01-05 09:00:00
u0511,imp0002891,A,0,2024-01-05 22:00:00
u0511,imp0002892,A,0,2024-01-03 21:00:00
u0511,imp0002893,A,0,2024-01-05 02:00:00
u0511,imp0002894,A,0,2024-01-04 09:00:00
u0511,imp0002895,A,0,2024-01-04 02:00:00
u0512,imp0002896,A,0,2024-01-04 11:00:00
u0512,imp0002897,A,0,2024-01-03 20:00:00
u0512,imp0002898,A,0,2024-01-03 10:00:00
u0512,imp0002899,A,0,2024-01-06 05:00:00
u0512,imp0002900,A,0,2024-01-05 14:00:00
u0512,imp0002901,A,0,2024-01-03 13:00:00
u0512,imp0002902,A,0,2024-01-06 23:00:00
u0512,imp0002903,A,0,2024-01-06 07:00:00
u0513,imp0002904,A,0,2024-01-02 10:00:00
u0513,imp0002905,A,0,2024-01-01 13:00:00
u0513,imp0002906,A,1,2024-01-05 05:00:00
u0514,imp0002907,A,0,2024-01-01 06:00:00
u0514,imp0002908,A,0,2024-01-02 05:00:00
u0514,imp0002909,A,0,2024-01-03 00:00:00
u0514,imp0002910,A,0,2024-01-06 23:00:00
u0514,imp0002911,A,0,2024-01-05 14:00:00
u0514,imp0002912,A,0,2024-01-03 23:00:00
u0515,imp0002913,A,0,2024-01-04 07:00:00
u0515,imp0002914,A,0,2024-01-04 10:00:00
u0515,imp0002915,A,0,2024-01-02 17:00:00
u0515,imp0002916,A,0,2024-01-01 16:00:00
u0516,imp0002917,A,0,2024-01-01 06:00:00
u0516,imp0002918,A,0,2024-01-07 10:00:00
u0516,imp0002919,A,0,2024-01-01 09:00:00
u0516,imp0002920,A,0,2024-01-02 09:00:00
u0516,imp0002921,A,0,2024-01-02 11:00:00
u0516,imp0002922,A,0,2024-01-07 08:00:00
u0516,imp0002923,A,0,2024-01-01 05:00:00
u0517,imp0002924,A,0,2024-01-06 13:00:00
u0517,imp0002925,A,0,2024-01-02 04:00:00
u0517,imp0002926,A,0,2024-01-06 05:00:00
u0517,imp0002927,A,0,2024-01-07 08:00:00
u0518,imp0002928,A,0,2024-01-07 07:00:00
u0518,imp0002929,A,0,2024-01-04 02:00:00
u0518,imp0002930,A,0,2024-01-02 01:00:00
u0519,imp0002931,A,0,2024-01-02 03:00:00
u0519,imp0002932,A,1,2024-01-06 10:00:00
u0519,imp0002933,A,0,2024-01-04 02:00:00
u0519,imp0002934,A,0,2024-01-07 21:00:00
u0519,imp0002935,A,0,2024-01-04 05:00:00
u0520,imp0002936,A,0,2024-01-04 17:00:00
u0520,imp0002937,A,0,2024-01-01 20:00:00
u0520,imp0002938,A,0,2024-01-03 05:00:00
u0520,imp0002939,A,0,2024-01-05 06:00:00
u0520,imp0002940,A,0,2024-01-03 10:00:00
u0521,imp0002941,A,0,2024-01-01 19:00:00
u0521,imp0002942,A,0,2024-01-05 15:00:00
u0521,imp0002943,A,0,2024-01-03 10:00:00
u0521,imp0002944,A,0,2024-01-03 22:00:00
u0521,imp0002945,A,0,2024-01-06 16:00:00
u0522,imp0002946,A,0,2024-01-06 08:00:00
u0522,imp0002947,A,0,2024-01-07 12:00:00
u0522,imp0002948,A,0,2024-01-03 07:00:00
u0522,imp0002949,A,0,2024-01-02 10:00:00
u0522,imp0002950,A,0,2024-01-06 02:00:00
u0522,imp0002951,A,0,2024-01-06 10:00:00
u0522,imp0002952,A,0,2024-01-05 07:00:00
u0523,imp0002953,A,1,2024-01-04 14:00:00
u0523,imp0002954,A,0,2024-01-02 16:00:00
u0523,imp0002955,A,0,2024-01-06 02:00:00
u0523,imp0002956,A,0,2024-01-04 02:00:00
u0523,imp0002957,A,0,2024-01-02 17:00:00
u0524,imp0002958,A,0,2024-01-07 16:00:00
u0524,imp0002959,A,0,2024-01-03 14:00:00
u0524,imp0002960,A,0,2024-01-07 20:00:00
u0524,imp0002961,A,0,2024-01-06 06:00:00
u0524,imp0002962,A,0,2024-01-06 12:00:00
u0524,imp0002963,A,0,2024-01-02 23:00:00
u0524,imp0002964,A,0,2024-01-01 02:00:00
u0525,imp0002965,A,0,2024-01-05 02:00:00
u0525,imp0002966,A,0,2024-01-05 19:00:00
u0525,imp0002967,A,0,2024-01-01 13:00:00
u0525,imp0002968,A,0,2024-01-05 15:00:00
u0525,imp0002969,A,0,2024-01-03 12:00:00
u0525,imp0002970,A,0,2024-01-07 14:00:00
u0526,imp0002971,A,0,2024-01-06 03:00:00
u0526,imp0002972,A,0,2024-01-01 23:00:00
u0526,imp0002973,A,0,2024-01-05 19:00:00
u0527,imp0002974,A,0,2024-01-03 01:00:00
u0527,imp0002975,A,0,2024-01-04 06:00:00
u0527,imp0002976,A,0,2024-01-04 06:00:00
u0527,imp0002977,A,0,2024-01-03 21:00:00
u0528,imp0002978,A,0,2024-01-01 14:00:00
u0528,imp0002979,A,0,2024-01-03 01:00:00
u0528,imp0002980,A,0,2024-01-02 11:00:00
u0528,imp0002981,A,0,2024-01-01 07:00:00
u0528,imp0002982,A,0,2024-01-04 06:00:00
u0529,imp0002983,A,0,2024-01-02 22:00:00
u0529,imp0002984,A,0,2024-01-05 08:00:00
u0529,imp0002985,A,0,2024-01-05 01:00:00
u0529,imp0002986,A,0,2024-01-04 23:00:00
u0529,imp0002987,A,0,2024-01-07 15:00:00
u0530,imp0002988,A,0,2024-01-05 19:00:00
u0530,imp0002989,A,0,2024-01-01 12:00:00
u0530,imp0002990,A,0,2024-01-01 00:00:00
u0530,imp0002991,A,0,2024-01-02 09:00:00
u0530,imp0002992,A,0,2024-01-04 06:00:00
u0530,imp0002993,A,0,2024-01-04 05:00:00
u0530,imp0002994,A,0,2024-01-06 00:00:00
u0530,imp0002995,A,0,2024-01-04 20:00:00
u0531,imp0002996,A,0,2024-01-04 09:00:00
u0531,imp0002997,A,0,2024-01-07 14:00:00
u0531,imp0002998,A,0,2024-01-07 08:00:00
u0531,imp0002999,A,0,2024-01-02 13:00:00
u0532,imp0003000,A,0,2024-01-04 18:00:00
u0532,imp0003001,A,0,2024-01-03 05:00:00
u0532,imp0003002,A,0,2024-01-06 09:00:00
u0532,imp0003003,A,0,2024-01-05 04:00:00
u0532,imp0003004,A,0,2024-01-04 16:00:00
u0532,imp0003005,A,0,2024-01-03 07:00:00
u0532,imp0003006,A,0,2024-01-04 21:00:00
u0532,imp0003007,A,1,2024-01-04 20:00:00
u0533,imp0003008,A,0,2024-01-01 21:00:00
u0533,imp0003009,A,0,2024-01-02 10:00:00
u0533,imp0003010,A,0,2024-01-01 15:00:00
u0533,imp0003011,A,0,2024-01-03 01:00:00
u0533,imp0003012,A,1,2024-01-06 01:00:00
u0533,imp0003013,A,0,2024-01-06 07:00:00
u0534,imp0003014,A,0,2024-01-01 16:00:00
u0534,imp0003015,A,0,2024-01-04 07:00:00
u0534,imp0003016,A,0,2024-01-06 09:00:00
u0535,imp0003017,A,0,2024-01-04 12:00:00
u0535,imp0003018,A,0,2024-01-07 22:00:00
u0535,imp0003019,A,0,2024-01-04 21:00:00
u0535,imp0003020,A,0,2024-01-06 13:00:00
u0535,imp0003021,A,0,2024-01-04 08:00:00
u0535,imp0003022,A,0,2024-01-03 20:00:00
u0536,imp0003023,A,0,2024-01-01 15:00:00
u0536,imp0003024,A,0,2024-01-03 02:00:00
u0536,imp0003025,A,0,2024-01-05 08:00:00
u0536,imp0003026,A,1,2024-01-07 20:00:00
u0536,imp0003027,A,0,2024-01-03 17:00:00
u0536,imp0003028,A,0,2024-01-01 08:00:00
u0536,imp0003029,A,0,2024-01-05 10:00:00
u0537,imp0003030,A,0,2024-01-04 13:00:00
u0537,imp0003031,A,0,2024-01-03 15:00:00
u0537,imp0003032,A,0,2024-01-01 21:00:00
u0537,imp0003033,A,0,2024-01-07 17:00:00
u0537,imp0003034,A,0,2024-01-07 12:00:00
u0537,imp0003035,A,0,2024-01-07 21:00:00
u0538,imp0003036,A,0,2024-01-05 13:00:00
u0538,imp0003037,A,0,2024-01-05 00:00:00
u0538,imp0003038,A,0,2024-01-01 17:00:00
u0538,imp0003039,A,0,2024-01-03 22:00:00
u0538,imp0003040,A,0,2024-01-06 06:00:00
u0539,imp0003041,A,0,2024-01-01 00:00:00
u0539,imp0003042,A,0,2024-01-06 11:00:00
u0539,imp0003043,A,0,2024-01-01 03:00:00
u0540,imp0003044,A,0,2024-01-04 09:00:00
u0540,imp0003045,A,0,2024-01-02 02:00:00
u0540,imp0003046,A,0,2024-01-03 10:00:00
u0540,imp0003047,A,0,2024-01-02 07:00:00
u0540,imp0003048,A,0,2024-01-07 16:00:00
u0540,imp0003049,A,0,2024-01-02 03:00:00
u0540,imp0003050,A,0,2024-01-05 09:00:00
u0541,imp0003051,A,0,2024-01-03 21:00:00
u0541,imp0003052,A,0,2024-01-03 13:00:00
u0541,imp0003053,A,1,2024-01-02 09:00:00
u0542,imp0003054,A,0,2024-01-05 09:00:00
u0542,imp0003055,A,0,2024-01-03 07:00:00
u0542,imp0003056,A,0,2024-01-05 16:00:00
u0542,imp0003057,A,0,2024-01-01 12:00:00
u0543,imp0003058,A,0,2024-01-05 16:00:00
u0543,imp0003059,A,0,2024-01-02 14:00:00
u0543,imp0003060,A,0,2024-01-04 06:00:00
u0543,imp0003061,A,0,2024-01-07 01:00:00
u0544,imp0003062,A,0,2024-01-02 05:00:00
u0544,imp0003063,A,0,2024-01-05 01:00:00
u0544,imp0003064,A,0,2024-01-03 09:00:00
u0544,imp0003065,A,0,2024-01-03 18:00:00
u0544,imp0003066,A,0,2024-01-03 22:00:00
u0544,imp0003067,A,0,2024-01-07 01:00:00
u0544,imp0003068,A,0,2024-01-05 09:00:00
u0544,imp0003069,A,0,2024-01-01 06:00:00
u0545,imp0003070,A,0,2024-01-03 19:00:00
u0545,imp0003071,A,0,2024-01-03 00:00:00
u0545,imp0003072,A,0,2024-01-03 03:00:00
u0545,imp0003073,A,0,2024-01-05 17:00:00
u0545,imp0003074,A,0,2024-01-05 10:00:00
u0545,imp0003075,A,0,2024-01-02 04:00:00
u0545,imp0003076,A,0,2024-01-07 04:00:00
u0545,imp0003077,A,0,2024-01-04 05:00:00
u0546,imp0003078,A,0,2024-01-04 03:00:00
u0546,imp0003079,A,0,2024-01-02 17:00:00
u0546,imp0003080,A,0,2024-01-06 07:00:00
u0547,imp0003081,A,0,2024-01-07 10:00:00
u0547,imp0003082,A,0,2024-01-07 21:00:00
u0547,imp0003083,A,0,2024-01-03 23:00:00
u0547,imp0003084,A,0,2024-01-03 16:00:00
u0547,imp0003085,A,0,2024-01-05 16:00:00
u0547,imp0003086,A,0,2024-01-01 23:00:00
u0548,imp0003087,A,0,2024-01-03 14:00:00
u0548,imp0003088,A,0,2024-01-03 11:00:00
u0548,imp0003089,A,0,2024-01-05 02:00:00
u0548,imp0003090,A,0,2024-01-03 13:00:00
u0548,imp0003091,A,0,2024-01-02 05:00:00
u0549,imp0003092,A,0,2024-01-01 21:00:00
u0549,imp0003093,A,0,2024-01-06 05:00:00
u0549,imp0003094,A,0,2024-01-07 12:00:00
u0549,imp0003095,A,0,2024-01-02 17:00:00
u0549,imp0003096,A,0,2024-01-05 01:00:00
u0549,imp0003097,A,0,2024-01-02 06:00:00
u0549,imp0003098,A,0,2024-01-07 13:00:00
u0550,imp0003099,A,0,2024-01-06 01:00:00
u0550,imp0003100,A,0,2024-01-01 16:00:00
u0550,imp0003101,A,0,2024-01-02 13:00:00
u0550,imp0003102,A,0,2024-01-06 21:00:00
u0551,imp0003103,A,0,2024-01-05 13:00:00
u0551,imp0003104,A,0,2024-01-01 21:00:00
u0551,imp0003105,A,0,2024-01-03 07:00:00
u0552,imp0003106,A,0,2024-01-03 08:00:00
u0552,imp0003107,A,0,2024-01-02 10:00:00
u0552,imp0003108,A,0,2024-01-05 17:00:00
u0552,imp0003109,A,0,2024-01-06 04:00:00
u0552,imp0003110,A,0,2024-01-06 08:00:00
u0553,imp0003111,A,0,2024-01-04 12:00:00
u0553,imp0003112,A,0,2024-01-07 20:00:00
u0553,imp0003113,A,0,2024-01-03 16:00:00
u0553,imp0003114,A,0,2024-01-06 08:00:00
u0553,imp0003115,A,0,2024-01-01 20:00:00
u0553,imp0003116,A,0,2024-01-01 15:00:00
u0554,imp0003117,A,0,2024-01-06 02:00:00
u0554,imp0003118,A,0,2024-01-03 12:00:00
u0554,imp0003119,A,0,2024-01-03 05:00:00
u0554,imp0003120,A,0,2024-01-07 23:00:00
u0554,imp0003121,A,0,2024-01-02 01:00:00
u0554,imp0003122,A,0,2024-01-04 07:00:00
u0555,imp0003123,A,0,2024-01-03 16:00:00
u0555,imp0003124,A,0,2024-01-05 03:00:00
u0555,imp0003125,A,0,2024-01-04 01:00:00
u0555,imp0003126,A,0,2024-01-01 16:00:00
u0555,imp0003127,A,0,2024-01-06 00:00:00
u0555,imp0003128,A,0,2024-01-01 22:00:00
u0556,imp0003129,A,0,2024-01-03 22:00:00
u0556,imp0003130,A,0,2024-01-05 11:00:00
u0556,imp0003131,A,0,2024-01-04 06:00:00
u0556,imp0003132,A,0,2024-01-07 17:00:00
u0556,imp0003133,A,0,2024-01-02 21:00:00
u0556,imp0003134,A,0,2024-01-04 05:00:00
u0557,imp0003135,A,0,2024-01-01 01:00:00
u0557,imp0003136,A,0,2024-01-01 09:00:00
u0557,imp0003137,A,0,2024-01-06 04:00:00
u0557,imp0003138,A,0,2024-01-04 08:00:00
u0557,imp0003139,A,0,2024-01-06 19:00:00
u0558,imp0003140,A,0,2024-01-07 05:00:00
u0558,imp0003141,A,0,2024-01-02 07:00:00
u0558,imp0003142,A,0,2024-01-05 08:00:00
u0558,imp0003143,A,0,2024-01-04 11:00:00
u0558,imp0003144,A,0,2024-01-06 08:00:00
u0558,imp0003145,A,0,2024-01-03 09:00:00
u0558,imp0003146,A,0,2024-01-07 01:00:00
u0558,imp0003147,A,0,2024-01-06 13:00:00
u0559,imp0003148,A,0,2024-01-05 00:00:00
u0559,imp0003149,A,0,2024-01-01 22:00:00
u0559,imp0003150,A,0,2024-01-01 22:00:00
u0559,imp0003151,A,0,2024-01-07 09:00:00
u0559,imp0003152,A,0,2024-01-06 14:00:00
u0559,imp0003153,A,0,2024-01-04 06:00:00
u0559,imp0003154,A,0,2024-01-02 19:00:00
u0560,imp0003155,A,0,2024-01-02 01:00:00
u0560,imp0003156,A,0,2024-01-05 00:00:00
u0560,imp0003157,A,0,2024-01-02 11:00:00
u0560,imp0003158,A,0,2024-01-05 12:00:00
u0560,imp0003159,A,0,2024-01-03 06:00:00
u0561,imp0003160,A,0,2024-01-03 20:00:00
u0561,imp0003161,A,0,2024-01-03 12:00:00
u0561,imp0003162,A,0,2024-01-06 09:00:00
u0561,imp0003163,A,0,2024-01-03 06:00:00
u0561,imp0003164,A,0,2024-01-06 01:00:00
u0562,imp0003165,A,0,2024-01-04 07:00:00
u0562,imp0003166,A,0,2024-01-04 14:00:00
u0562,imp0003167,A,0,2024-01-02 13:00:00
u0563,imp0003168,A,0,2024-01-07 12:00:00
u0563,imp0003169,A,0,2024-01-07 09:00:00
u0563,imp0003170,A,0,2024-01-02 10:00:00
u0563,imp0003171,A,0,2024-01-04 06:00:00
u0563,imp0003172,A,0,2024-01-03 18:00:00
u0563,imp0003173,A,0,2024-01-04 14:00:00
u0563,imp0003174,A,0,2024-01-07 12:00:00
u0563,imp0003175,A,0,2024-01-02 09:00:00
u0564,imp0003176,A,0,2024-01-07 06:00:00
u0564,imp0003177,A,0,2024-01-03 22:00:00
u0564,imp0003178,A,0,2024-01-01 02:00:00
u0565,imp0003179,A,0,2024-01-02 07:00:00
u0565,imp0003180,A,0,2024-01-02 06:00:00
u0565,imp0003181,A,0,2024-01-04 09:00:00
u0565,imp0003182,A,0,2024-01-02 18:00:00
u0566,imp0003183,A,0,2024-01-01 00:00:00
u0566,imp0003184,A,0,2024-01-03 12:00:00
u0566,imp0003185,A,0,2024-01-01 13:00:00
u0567,imp0003186,A,0,2024-01-01 05:00:00
u0567,imp0003187,A,0,2024-01-05 06:00:00
u0567,imp0003188,A,0,2024-01-01 09:00:00
u0567,imp0003189,A,0,2024-01-03 22:00:00
u0567,imp0003190,A,0,2024-01-04 17:00:00
u0567,imp0003191,A,0,2024-01-07 13:00:00
u0568,imp0003192,A,0,2024-01-07 04:00:00
u0568,imp0003193,A,0,2024-01-06 05:00:00
u0568,imp0003194,A,0,2024-01-05 00:00:00
u0568,imp0003195,A,0,2024-01-04 01:00:00
u0568,imp0003196,A,0,2024-01-05 18:00:00
u0568,imp0003197,A,0,2024-01-03 02:00:00
u0569,imp0003198,A,1,2024-01-02 07:00:00
u0569,imp0003199,A,0,2024-01-01 14:00:00
u0569,imp0003200,A,0,2024-01-03 13:00:00
u0569,imp0003201,A,0,2024-01-07 10:00:00
u0569,imp0003202,A,0,2024-01-02 03:00:00
u0569,imp0003203,A,0,2024-01-03 15:00:00
u0570,imp0003204,A,0,2024-01-06 09:00:00
u0570,imp0003205,A,0,2024-01-06 06:00:00
u0570,imp0003206,A,0,2024-01-02 11:00:00
u0570,imp0003207,A,0,2024-01-05 17:00:00
u0570,imp0003208,A,0,2024-01-01 12:00:00
u0570,imp0003209,A,0,2024-01-01 14:00:00
u0570,imp0003210,A,0,2024-01-04 16:00:00
u0570,imp0003211,A,0,2024-01-01 21:00:00
u0571,imp0003212,A,0,2024-01-04 01:00:00
u0571,imp0003213,A,0,2024-01-02 00:00:00
u0571,imp0003214,A,0,2024-01-05 04:00:00
u0571,imp0003215,A,0,2024-01-05 20:00:00
u0572,imp0003216,A,0,2024-01-02 16:00:00
u0572,imp0003217,A,0,2024-01-04 15:00:00
u0572,imp0003218,A,0,2024-01-07 23:00:00
u0572,imp0003219,A,0,2024-01-05 13:00:00
u0572,imp0003220,A,0,2024-01-05 23:00:00
u0572,imp0003221,A,0,2024-01-05 00:00:00
u0572,imp0003222,A,0,2024-01-07 00:00:00
u0572,imp0003223,A,0,2024-01-03 08:00:00
u0573,imp0003224,A,0,2024-01-04 23:00:00
u0573,imp0003225,A,0,2024-01-06 00:00:00
u0573,imp0003226,A,0,2024-01-03 13:00:00
u0573,imp0003227,A,0,2024-01-06 16:00:00
u0574,imp0003228,A,0,2024-01-04 08:00:00
u0574,imp0003229,A,0,2024-01-01 16:00:00
u0574,imp0003230,A,0,2024-01-05 20:00:00
u0574,imp0003231,A,0,2024-01-03 01:00:00
u0574,imp0003232,A,0,2024-01-05 15:00:00
u0574,imp0003233,A,0,2024-01-04 21:00:00
u0575,imp0003234,A,0,2024-01-04 12:00:00
u0575,imp0003235,A,0,2024-01-07 04:00:00
u0575,imp0003236,A,0,2024-01-07 01:00:00
u0575,imp0003237,A,0,2024-01-07 12:00:00
u0576,imp0003238,A,1,2024-01-07 00:00:00
u0576,imp0003239,A,0,2024-01-01 17:00:00
u0576,imp0003240,A,0,2024-01-02 17:00:00
u0576,imp0003241,A,0,2024-01-05 04:00:00
u0577,imp0003242,A,0,2024-01-04 09:00:00
u0577,imp0003243,A,0,2024-01-01 16:00:00
u0577,imp0003244,A,0,2024-01-04 00:00:00
u0577,imp0003245,A,0,2024-01-01 13:00:00
u0577,imp0003246,A,0,2024-01-07 12:00:00
u0577,imp0003247,A,0,2024-01-06 11:00:00
u0577,imp0003248,A,0,2024-01-04 09:00:00
u0578,imp0003249,A,0,2024-01-05 23:00:00
u0578,imp0003250,A,0,2024-01-05 23:00:00
u0578,imp0003251,A,0,2024-01-02 22:00:00
u0578,imp0003252,A,1,2024-01-05 10:00:00
u0578,imp0003253,A,0,2024-01-05 11:00:00
u0579,imp0003254,A,0,2024-01-04 06:00:00
u0579,imp0003255,A,0,2024-01-07 10:00:00
u0579,imp0003256,A,0,2024-01-01 14:00:00
u0580,imp0003257,A,0,2024-01-01 18:00:00
u0580,imp0003258,A,0,2024-01-04 17:00:00
u0580,imp0003259,A,0,2024-01-02 01:00:00
u0580,imp0003260,A,0,2024-01-07 09:00:00
u0580,imp0003261,A,0,2024-01-07 09:00:00
u0580,imp0003262,A,0,2024-01-04 19:00:00
u0581,imp0003263,A,0,2024-01-04 09:00:00
u0581,imp0003264,A,0,2024-01-06 10:00:00
u0581,imp0003265,A,0,2024-01-02 17:00:00
u0582,imp0003266,A,1,2024-01-07 16:00:00
u0582,imp0003267,A,0,2024-01-04 03:00:00
u0582,imp0003268,A,0,2024-01-03 14:00:00
u0582,imp0003269,A,0,2024-01-06 10:00:00
u0582,imp0003270,A,0,2024-01-05 10:00:00
u0583,imp0003271,A,0,2024-01-03 06:00:00
u0583,imp0003272,A,0,2024-01-07 09:00:00
u0583,imp0003273,A,0,2024-01-05 02:00:00
u0584,imp0003274,A,0,2024-01-05 03:00:00
u0584,imp0003275,A,0,2024-01-05 20:00:00
u0584,imp0003276,A,0,2024-01-05 21:00:00
u0584,imp0003277,A,0,2024-01-01 06:00:00
u0584,imp0003278,A,0,2024-01-02 21:00:00
u0584,imp0003279,A,0,2024-01-02 21:00:00
u0585,imp0003280,A,0,2024-01-06 23:00:00
u0585,imp0003281,A,0,2024-01-07 07:00:00
u0585,imp0003282,A,0,2024-01-03 05:00:00
u0585,imp0003283,A,0,2024-01-03 13:00:00
u0585,imp0003284,A,0,2024-01-06 08:00:00
u0585,imp0003285,A,0,2024-01-03 00:00:00
u0586,imp0003286,A,0,2024-01-01 09:00:00
u0586,imp0003287,A,0,2024-01-05 21:00:00
u0586,imp0003288,A,0,2024-01-06 23:00:00
u0587,imp0003289,A,0,2024-01-07 12:00:00
u0587,imp0003290,A,0,2024-01-04 19:00:00
u0587,imp0003291,A,0,2024-01-06 13:00:00
u0587,imp0003292,A,0,2024-01-06 23:00:00
u0588,imp0003293,A,0,2024-01-04 07:00:00
u0588,imp0003294,A,0,2024-01-03 22:00:00
u0588,imp0003295,A,0,2024-01-04 05:00:00
u0588,imp0003296,A,0,2024-01-02 18:00:00
u0588,imp0003297,A,0,2024-01-07 09:00:00
u0588,imp0003298,A,0,2024-01-04 17:00:00
u0589,imp0003299,A,0,2024-01-07 16:00:00
u0589,imp0003300,A,0,2024-01-02 01:00:00
u0589,imp0003301,A,0,2024-01-06 00:00:00
u0589,imp0003302,A,0,2024-01-02 20:00:00
u0589,imp0003303,A,0,2024-01-03 14:00:00
u0589,imp0003304,A,0,2024-01-03 19:00:00
u0589,imp0003305,A,0,2024-01-07 09:00:00
u0589,imp0003306,A,0,2024-01-01 01:00:00
u0590,imp0003307,A,0,2024-01-05 11:00:00
u0590,imp0003308,A,0,2024-01-02 05:00:00
u0590,imp0003309,A,0,2024-01-03 00:00:00
u0590,imp0003310,A,0,2024-01-06 19:00:00
u0590,imp0003311,A,0,2024-01-02 19:00:00
u0590,imp0003312,A,0,2024-01-07 16:00:00
u0590,imp0003313,A,0,2024-01-01 12:00:00
u0590,imp0003314,A,0,2024-01-04 05:00:00
u0591,imp0003315,A,0,2024-01-05 01:00:00
u0591,imp0003316,A,0,2024-01-02 01:00:00
u0591,imp0003317,A,0,2024-01-07 04:00:00
u0591,imp0003318,A,0,2024-01-07 11:00:00
u0591,imp0003319,A,0,2024-01-02 23:00:00
u0591,imp0003320,A,0,2024-01-07 23:00:00
u0591,imp0003321,A,0,2024-01-03 17:00:00
u0591,imp0003322,A,0,2024-01-04 14:00:00
u0592,imp0003323,A,0,2024-01-01 22:00:00
u0592,imp0003324,A,0,2024-01-04 08:00:00
u0592,imp0003325,A,0,2024-01-02 23:00:00
u0592,imp0003326,A,0,2024-01-06 03:00:00
u0592,imp0003327,A,0,2024-01-06 09:00:00
u0592,imp0003328,A,0,2024-01-04 11:00:00
u0592,imp0003329,A,0,2024-01-01 19:00:00
u0593,imp0003330,A,0,2024-01-02 21:00:00
u0593,imp0003331,A,0,2024-01-06 10:00:00
u0593,imp0003332,A,0,2024-01-01 11:00:00
u0593,imp0003333,A,0,2024-01-02 15:00:00
u0593,imp0003334,A,0,2024-01-03 17:00:00
u0594,imp0003335,A,0,2024-01-04 05:00:00
u0594,imp0003336,A,0,2024-01-01 15:00:00
u0594,imp0003337,A,0,2024-01-04 10:00:00
u0594,imp0003338,A,0,2024-01-07 17:00:00
u0594,imp0003339,A,0,2024-01-02 19:00:00
u0594,imp0003340,A,0,2024-01-06 13:00:00
u0595,imp0003341,A,0,2024-01-05 03:00:00
u0595,imp0003342,A,0,2024-01-01 21:00:00
u0595,imp0003343,A,0,2024-01-01 17:00:00
u0595,imp0003344,A,0,2024-01-01 11:00:00
u0595,imp0003345,A,0,2024-01-06 02:00:00
u0595,imp0003346,A,0,2024-01-05 20:00:00
u0595,imp0003347,A,0,2024-01-03 02:00:00
u0596,imp0003348,A,0,2024-01-01 05:00:00
u0596,imp0003349,A,0,2024-01-04 11:00:00
u0596,imp0003350,A,0,2024-01-07 10:00:00
u0596,imp0003351,A,0,2024-01-03 04:00:00
u0596,imp0003352,A,0,2024-01-05 10:00:00
u0597,imp0003353,A,0,2024-01-02 23:00:00
u0597,imp0003354,A,0,2024-01-06 14:00:00
u0597,imp0003355,A,0,2024-01-03 20:00:00
u0597,imp0003356,A,0,2024-01-01 10:00:00
u0597,imp0003357,A,0,2024-01-06 22:00:00
u0597,imp0003358,A,0,2024-01-06 10:00:00
u0597,imp0003359,A,0,2024-01-06 01:00:00
u0598,imp0003360,A,0,2024-01-01 22:00:00
u0598,imp0003361,A,0,2024-01-02 12:00:00
u0598,imp0003362,A,0,2024-01-01 08:00:00
u0598,imp0003363,A,0,2024-01-01 14:00:00
u0598,imp0003364,A,0,2024-01-06 10:00:00
u0598,imp0003365,A,0,2024-01-04 20:00:00
u0598,imp0003366,A,0,2024-01-01 16:00:00
u0599,imp0003367,A,0,2024-01-07 04:00:00
u0599,imp0003368,A,0,2024-01-03 23:00:00
u0599,imp0003369,A,0,2024-01-07 04:00:00
u0599,imp0003370,A,0,2024-01-06 00:00:00
u0600,imp0003371,A,0,2024-01-07 21:00:00
u0600,imp0003372,A,0,2024-01-03 23:00:00
u0600,imp0003373,A,0,2024-01-05 09:00:00
u0600,imp0003374,A,0,2024-01-06 04:00:00
u0600,imp0003375,A,0,2024-01-02 10:00:00
u0601,imp0003376,A,0,2024-01-01 13:00:00
u0601,imp0003377,A,0,2024-01-01 09:00:00
u0601,imp0003378,A,0,2024-01-06 19:00:00
u0601,imp0003379,A,0,2024-01-02 13:00:00
u0601,imp0003380,A,0,2024-01-05 11:00:00
u0601,imp0003381,A,0,2024-01-05 22:00:00
u0601,imp0003382,A,0,2024-01-02 09:00:00
u0601,imp0003383,A,0,2024-01-01 09:00:00
u0602,imp0003384,A,0,2024-01-07 00:00:00
u0602,imp0003385,A,0,2024-01-07 00:00:00
u0602,imp0003386,A,0,2024-01-05 18:00:00
u0602,imp0003387,A,0,2024-01-01 00:00:00
u0603,imp0003388,A,0,2024-01-05 06:00:00
u0603,imp0003389,A,0,2024-01-01 03:00:00
u0603,imp0003390,A,0,2024-01-06 20:00:00
u0603,imp0003391,A,0,2024-01-05 01:00:00
u0603,imp0003392,A,0,2024-01-05 09:00:00
u0603,imp0003393,A,0,2024-01-04 12:00:00
u0604,imp0003394,A,0,2024-01-06 00:00:00
u0604,imp0003395,A,0,2024-01-06 11:00:00
u0604,imp0003396,A,0,2024-01-04 09:00:00
u0604,imp0003397,A,0,2024-01-01 18:00:00
u0604,imp0003398,A,0,2024-01-06 09:00:00
u0604,imp0003399,A,0,2024-01-01 11:00:00
u0604,imp0003400,A,0,2024-01-04 08:00:00
u0604,imp0003401,A,0,2024-01-04 01:00:00
u0605,imp0003402,A,0,2024-01-01 05:00:00
u0605,imp0003403,A,0,2024-01-06 15:00:00
u0605,imp0003404,A,0,2024-01-06 04:00:00
u0605,imp0003405,A,0,2024-01-03 02:00:00
u0606,imp0003406,A,0,2024-01-06 06:00:00
u0606,imp0003407,A,0,2024-01-06 19:00:00
u0606,imp0003408,A,0,2024-01-04 00:00:00
u0606,imp0003409,A,0,2024-01-01 01:00:00
u0606,imp0003410,A,0,2024-01-01 07:00:00
u0607,imp0003411,A,0,2024-01-06 18:00:00
u0607,imp0003412,A,0,2024-01-06 03:00:00
u0607,imp0003413,A,0,2024-01-03 04:00:00
u0607,imp0003414,A,0,2024-01-01 09:00:00
u0608,imp0003415,A,0,2024-01-05 15:00:00
u0608,imp0003416,A,0,2024-01-01 07:00:00
u0608,imp0003417,A,0,2024-01-02 11:00:00
u0608,imp0003418,A,0,2024-01-05 09:00:00
u0608,imp0003419,A,0,2024-01-01 13:00:00
u0608,imp0003420,A,0,2024-01-04 13:00:00
u0608,imp0003421,A,0,2024-01-07 04:00:00
u0609,imp0003422,A,0,2024-01-03 01:00:00
u0609,imp0003423,A,0,2024-01-07 22:00:00
u0609,imp0003424,A,0,2024-01-01 19:00:00
u0609,imp0003425,A,0,2024-01-04 14:00:00
u0609,imp0003426,A,0,2024-01-06 14:00:00
u0609,imp0003427,A,0,2024-01-06 16:00:00
u0610,imp0003428,A,0,2024-01-07 09:00:00
u0610,imp0003429,A,0,2024-01-07 21:00:00
u0610,imp0003430,A,0,2024-01-02 13:00:00
u0611,imp0003431,A,0,2024-01-02 19:00:00
u0611,imp0003432,A,0,2024-01-04 13:00:00
u0611,imp0003433,A,0,2024-01-02 19:00:00
u0611,imp0003434,A,0,2024-01-04 01:00:00
u0611,imp0003435,A,0,2024-01-05 22:00:00
u0611,imp0003436,A,0,2024-01-06 01:00:00
u0611,imp0003437,A,0,2024-01-06 13:00:00
u0611,imp0003438,A,0,2024-01-07 00:00:00
u0612,imp0003439,A,0,2024-01-02 13:00:00
u0612,imp0003440,A,0,2024-01-07 07:00:00
u0612,imp0003441,A,0,2024-01-03 02:00:00
u0612,imp0003442,A,0,2024-01-01 09:00:00
u0612,imp0003443,A,0,2024-01-05 23:00:00
u0613,imp0003444,A,0,2024-01-03 21:00:00
u0613,imp0003445,A,0,2024-01-04 12:00:00
u0613,imp0003446,A,0,2024-01-03 08:00:00
u0613,imp0003447,A,0,2024-01-06 05:00:00
u0613,imp0003448,A,0,2024-01-02 14:00:00
u0613,imp0003449,A,0,2024-01-02 08:00:00
u0613,imp0003450,A,0,2024-01-01 17:00:00
u0614,imp0003451,A,0,2024-01-03 08:00:00
u0614,imp0003452,A,0,2024-01-04 23:00:00
u0614,imp0003453,A,0,2024-01-02 23:00:00
u0614,imp0003454,A,0,2024-01-02 17:00:00
u0614,imp0003455,A,0,2024-01-02 02:00:00
u0614,imp0003456,A,0,2024-01-04 01:00:00
u0615,imp0003457,A,0,2024-01-02 07:00:00
u0615,imp0003458,A,0,2024-01-02 01:00:00
u0615,imp0003459,A,0,2024-01-02 00:00:00
u0615,imp0003460,A,0,2024-01-04 02:00:00
u0615,imp0003461,A,0,2024-01-01 22:00:00
u0615,imp0003462,A,0,2024-01-03 08:00:00
u0615,imp0003463,A,0,2024-01-06 05:00:00
u0615,imp0003464,A,0,2024-01-04 14:00:00
u0616,imp0003465,A,0,2024-01-03 15:00:00
u0616,imp0003466,A,0,2024-01-02 08:00:00
u0616,imp0003467,A,0,2024-01-01 01:00:00
u0616,imp0003468,A,0,2024-01-01 17:00:00
u0616,imp0003469,A,0,2024-01-07 16:00:00
u0616,imp0003470,A,0,2024-01-04 11:00:00
u0616,imp0003471,A,1,2024-01-02 10:00:00
u0617,imp0003472,A,0,2024-01-05 17:00:00
u0617,imp0003473,A,0,2024-01-07 01:00:00
u0617,imp0003474,A,0,2024-01-05 13:00:00
u0617,imp0003475,A,0,2024-01-04 15:00:00
u0617,imp0003476,A,0,2024-01-03 23:00:00
u0618,imp0003477,A,0,2024-01-02 05:00:00
u0618,imp0003478,A,0,2024-01-03 04:00:00
u0618,imp0003479,A,0,2024-01-06 17:00:00
u0618,imp0003480,A,0,2024-01-04 14:00:00
u0618,imp0003481,A,0,2024-01-06 18:00:00
u0618,imp0003482,A,0,2024-01-07 19:00:00
u0618,imp0003483,A,0,2024-01-07 16:00:00
u0619,imp0003484,A,0,2024-01-02 15:00:00
u0619,imp0003485,A,0,2024-01-04 16:00:00
u0619,imp0003486,A,0,2024-01-03 19:00:00
u0619,imp0003487,A,0,2024-01-02 17:00:00
u0619,imp0003488,A,0,2024-01-07 02:00:00
u0619,imp0003489,A,0,2024-01-04 21:00:00
u0619,imp0003490,A,0,2024-01-01 18:00:00
u0620,imp0003491,A,0,2024-01-01 22:00:00
u0620,imp0003492,A,0,2024-01-03 05:00:00
u0620,imp0003493,A,0,2024-01-03 16:00:00
u0620,imp0003494,A,0,2024-01-06 19:00:00
u0621,imp0003495,A,0,2024-01-03 04:00:00
u0621,imp0003496,A,0,2024-01-06 15:00:00
u0621,imp0003497,A,0,2024-01-01 17:00:00
u0621,imp0003498,A,0,2024-01-03 08:00:00
u0622,imp0003499,A,0,2024-01-07 09:00:00
u0622,imp0003500,A,0,2024-01-07 13:00:00
u0622,imp0003501,A,0,2024-01-01 12:00:00
u0622,imp0003502,A,0,2024-01-04 10:00:00
u0622,imp0003503,A,0,2024-01-02 04:00:00
u0622,imp0003504,A,0,2024-01-01 02:00:00
u0622,imp0003505,A,0,2024-01-04 17:00:00
u0623,imp0003506,A,0,2024-01-04 03:00:00
u0623,imp0003507,A,0,2024-01-06 09:00:00
u0623,imp0003508,A,0,2024-01-05 11:00:00
u0623,imp0003509,A,0,2024-01-07 11:00:00
u0623,imp0003510,A,0,2024-01-04 09:00:00
u0624,imp0003511,A,0,2024-01-01 01:00:00
u0624,imp0003512,A,0,2024-01-06 06:00:00
u0624,imp0003513,A,0,2024-01-06 14:00:00
u0624,imp0003514,A,0,2024-01-02 01:00:00
u0624,imp0003515,A,0,2024-01-04 15:00:00
u0624,imp0003516,A,0,2024-01-01 15:00:00
u0624,imp0003517,A,0,2024-01-07 06:00:00
u0625,imp0003518,A,0,2024-01-04 00:00:00
u0625,imp0003519,A,0,2024-01-02 07:00:00
u0625,imp0003520,A,0,2024-01-01 14:00:00
u0625,imp0003521,A,0,2024-01-06 20:00:00
u0625,imp0003522,A,0,2024-01-01 04:00:00
u0625,imp0003523,A,0,2024-01-04 01:00:00
u0625,imp0003524,A,0,2024-01-03 03:00:00
u0625,imp0003525,A,0,2024-01-04 04:00:00
u0626,imp0003526,A,0,2024-01-05 13:00:00
u0626,imp0003527,A,0,2024-01-06 22:00:00
u0626,imp0003528,A,0,2024-01-05 09:00:00
u0627,imp0003529,A,0,2024-01-07 15:00:00
u0627,imp0003530,A,0,2024-01-05 02:00:00
u0627,imp0003531,A,0,2024-01-06 22:00:00
u0627,imp0003532,A,0,2024-01-04 12:00:00
u0627,imp0003533,A,0,2024-01-03 16:00:00
u0627,imp0003534,A,0,2024-01-06 11:00:00
u0628,imp0003535,A,0,2024-01-05 11:00:00
u0628,imp0003536,A,0,2024-01-02 01:00:00
u0628,imp0003537,A,0,2024-01-07 20:00:00
u0628,imp0003538,A,0,2024-01-07 06:00:00
u0628,imp0003539,A,0,2024-01-04 12:00:00
u0629,imp0003540,A,0,2024-01-07 23:00:00
u0629,imp0003541,A,0,2024-01-07 06:00:00
u0629,imp0003542,A,0,2024-01-06 02:00:00
u0629,imp0003543,A,0,2024-01-06 23:00:00
u0629,imp0003544,A,0,2024-01-03 19:00:00
u0629,imp0003545,A,0,2024-01-05 07:00:00
u0629,imp0003546,A,0,2024-01-04 07:00:00
u0630,imp0003547,A,0,2024-01-05 09:00:00
u0630,imp0003548,A,0,2024-01-07 08:00:00
u0630,imp0003549,A,0,2024-01-02 19:00:00
u0630,imp0003550,A,0,2024-01-06 19:00:00
u0630,imp0003551,A,0,2024-01-04 17:00:00
u0630,imp0003552,A,0,2024-01-05 04:00:00
u0630,imp0003553,A,0,2024-01-05 00:00:00
u0631,imp0003554,A,0,2024-01-01 08:00:00
u0631,imp0003555,A,0,2024-01-01 11:00:00
u0631,imp0003556,A,0,2024-01-03 20:00:00
u0631,imp0003557,A,0,2024-01-02 03:00:00
u0631,imp0003558,A,0,2024-01-03 07:00:00
u0631,imp0003559,A,0,2024-01-05 02:00:00
u0632,imp0003560,A,0,2024-01-05 13:00:00
u0632,imp0003561,A,0,2024-01-04 04:00:00
u0632,imp0003562,A,0,2024-01-05 06:00:00
u0632,imp0003563,A,0,2024-01-05 09:00:00
u0632,imp0003564,A,0,2024-01-05 12:00:00
u0632,imp0003565,A,0,2024-01-05 15:00:00
u0632,imp0003566,A,0,2024-01-03 09:00:00
u0633,imp0003567,A,0,2024-01-04 02:00:00
u0633,imp0003568,A,0,2024-01-02 17:00:00
u0633,imp0003569,A,0,2024-01-07 21:00:00
u0633,imp0003570,A,0,2024-01-03 19:00:00
u0633,imp0003571,A,0,2024-01-02 08:00:00
u0633,imp0003572,A,0,2024-01-03 22:00:00
u0633,imp0003573,A,0,2024-01-03 07:00:00
u0633,imp0003574,A,0,2024-01-05 08:00:00
u0634,imp0003575,A,0,2024-01-03 02:00:00
u0634,imp0003576,A,0,2024-01-04 01:00:00
u0634,imp0003577,A,0,2024-01-06 00:00:00
u0634,imp0003578,A,0,2024-01-06 22:00:00
u0634,imp0003579,A,0,2024-01-07 21:00:00
u0634,imp0003580,A,0,2024-01-06 22:00:00
u0634,imp0003581,A,0,2024-01-01 04:00:00
u0635,imp0003582,A,0,2024-01-04 10:00:00
u0635,imp0003583,A,0,2024-01-03 02:00:00
u0635,imp0003584,A,0,2024-01-01 09:00:00
u0635,imp0003585,A,0,2024-01-06 19:00:00
u0635,imp0003586,A,0,2024-01-01 03:00:00
u0635,imp0003587,A,0,2024-01-04 22:00:00
u0635,imp0003588,A,0,2024-01-07 01:00:00
u0636,imp0003589,A,0,2024-01-02 00:00:00
u0636,imp0003590,A,0,2024-01-05 01:00:00
u0636,imp0003591,A,0,2024-01-07 19:00:00
u0636,imp0003592,A,0,2024-01-05 04:00:00
u0636,imp0003593,A,0,2024-01-01 08:00:00
u0636,imp0003594,A,0,2024-01-03 12:00:00
u0637,imp0003595,A,0,2024-01-07 01:00:00
u0637,imp0003596,A,0,2024-01-07 18:00:00
u0637,imp0003597,A,0,2024-01-03 14:00:00
u0637,imp0003598,A,0,2024-01-06 00:00:00
u0637,imp0003599,A,0,2024-01-05 08:00:00
u0637,imp0003600,A,0,2024-01-01 03:00:00
u0637,imp0003601,A,0,2024-01-04 20:00:00
u0638,imp0003602,A,0,2024-01-02 03:00:00
u0638,imp0003603,A,0,2024-01-04 07:00:00
u0638,imp0003604,A,0,2024-01-04 03:00:00
u0639,imp0003605,A,0,2024-01-03 20:00:00
u0639,imp0003606,A,0,2024-01-05 01:00:00
u0639,imp0003607,A,0,2024-01-01 00:00:00
u0639,imp0003608,A,0,2024-01-07 22:00:00
u0639,imp0003609,A,0,2024-01-04 23:00:00
u0639,imp0003610,A,0,2024-01-01 16:00:00
u0640,imp0003611,A,0,2024-01-04 18:00:00
u0640,imp0003612,A,0,2024-01-04 15:00:00
u0640,imp0003613,A,0,2024-01-07 18:00:00
u0640,imp0003614,A,0,2024-01-07 22:00:00
u0640,imp0003615,A,0,2024-01-04 17:00:00
u0641,imp0003616,A,0,2024-01-02 13:00:00
u0641,imp0003617,A,0,2024-01-07 06:00:00
u0641,imp0003618,A,0,2024-01-07 05:00:00
u0642,imp0003619,A,0,2024-01-03 10:00:00
u0642,imp0003620,A,0,2024-01-03 19:00:00
u0642,imp0003621,A,0,2024-01-06 09:00:00
u0642,imp0003622,A,0,2024-01-03 00:00:00
u0642,imp0003623,A,0,2024-01-06 05:00:00
u0642,imp0003624,A,0,2024-01-07 14:00:00
u0643,imp0003625,A,0,2024-01-02 18:00:00
u0643,imp0003626,A,0,2024-01-05 01:00:00
u0643,imp0003627,A,0,2024-01-06 03:00:00
u0643,imp0003628,A,0,2024-01-04 07:00:00
u0643,imp0003629,A,0,2024-01-05 14:00:00
u0644,imp0003630,A,0,2024-01-06 22:00:00
u0644,imp0003631,A,0,2024-01-02 02:00:00
u0644,imp0003632,A,0,2024-01-07 13:00:00
u0644,imp0003633,A,0,2024-01-07 19:00:00
u0644,imp0003634,A,0,2024-01-05 16:00:00
u0644,imp0003635,A,0,2024-01-04 13:00:00
u0644,imp0003636,A,0,2024-01-05 17:00:00
u0645,imp0003637,A,0,2024-01-06 03:00:00
u0645,imp0003638,A,0,2024-01-03 00:00:00
u0645,imp0003639,A,0,2024-01-04 03:00:00
u0646,imp0003640,A,0,2024-01-03 07:00:00
u0646,imp0003641,A,0,2024-01-04 22:00:00
u0646,imp0003642,A,0,2024-01-02 19:00:00
u0646,imp0003643,A,0,2024-01-07 14:00:00
u0646,imp0003644,A,0,2024-01-04 14:00:00
u0646,imp0003645,A,0,2024-01-04 11:00:00
u0646,imp0003646,A,0,2024-01-07 06:00:00
u0647,imp0003647,A,0,2024-01-01 15:00:00
u0647,imp0003648,A,0,2024-01-07 20:00:00
u0647,imp0003649,A,0,2024-01-07 04:00:00
u0647,imp0003650,A,0,2024-01-07 00:00:00
u0647,imp0003651,A,0,2024-01-02 12:00:00
u0647,imp0003652,A,0,2024-01-04 04:00:00
u0648,imp0003653,A,0,2024-01-07 13:00:00
u0648,imp0003654,A,0,2024-01-02 20:00:00
u0648,imp0003655,A,0,2024-01-07 01:00:00
u0648,imp0003656,A,0,2024-01-03 13:00:00
u0648,imp0003657,A,0,2024-01-07 19:00:00
u0649,imp0003658,A,0,2024-01-03 03:00:00
u0649,imp0003659,A,0,2024-01-01 18:00:00
u0649,imp0003660,A,0,2024-01-05 12:00:00
u0649,imp0003661,A,0,2024-01-02 19:00:00
u0649,imp0003662,A,0,2024-01-01 06:00:00
u0649,imp0003663,A,0,2024-01-05 20:00:00
u0650,imp0003664,A,0,2024-01-02 09:00:00
u0650,imp0003665,A,0,2024-01-03 20:00:00
u0650,imp0003666,A,0,2024-01-03 06:00:00
u0650,imp0003667,A,0,2024-01-01 09:00:00
u0650,imp0003668,A,0,2024-01-02 17:00:00
u0650,imp0003669,A,0,2024-01-02 16:00:00
u0651,imp0003670,A,0,2024-01-06 01:00:00
u0651,imp0003671,A,0,2024-01-06 17:00:00
u0651,imp0003672,A,0,2024-01-01 09:00:00
u0651,imp0003673,A,0,2024-01-05 05:00:00
u0651,imp0003674,A,0,2024-01-06 07:00:00
u0651,imp0003675,A,0,2024-01-07 04:00:00
u0651,imp0003676,A,0,2024-01-06 15:00:00
u0652,imp0003677,A,0,2024-01-04 19:00:00
u0652,imp0003678,A,0,2024-01-05 16:00:00
u0652,imp0003679,A,0,2024-01-04 05:00:00
u0653,imp0003680,A,0,2024-01-02 05:00:00
u0653,imp0003681,A,0,2024-01-03 00:00:00
u0653,imp0003682,A,0,2024-01-01 08:00:00
u0653,imp0003683,A,0,2024-01-07 00:00:00
u0653,imp0003684,A,0,2024-01-03 20:00:00
u0653,imp0003685,A,0,2024-01-03 09:00:00
u0653,imp0003686,A,0,2024-01-03 13:00:00
u0654,imp0003687,A,0,2024-01-02 15:00:00
u0654,imp0003688,A,0,2024-01-07 21:00:00
u0654,imp0003689,A,0,2024-01-03 14:00:00
u0654,imp0003690,A,0,2024-01-07 02:00:00
u0654,imp0003691,A,0,2024-01-03 01:00:00
u0654,imp0003692,A,0,2024-01-07 16:00:00
u0655,imp0003693,A,0,2024-01-04 05:00:00
u0655,imp0003694,A,0,2024-01-05 00:00:00
u0655,imp0003695,A,0,2024-01-02 18:00:00
u0655,imp0003696,A,0,2024-01-02 11:00:00
u0655,imp0003697,A,0,2024-01-06 01:00:00
u0655,imp0003698,A,0,2024-01-05 11:00:00
u0655,imp0003699,A,0,2024-01-01 09:00:00
u0656,imp0003700,A,0,2024-01-03 08:00:00
u0656,imp0003701,A,0,2024-01-06 08:00:00
u0656,imp0003702,A,0,2024-01-03 22:00:00
u0656,imp0003703,A,0,2024-01-01 20:00:00
u0656,imp0003704,A,0,2024-01-04 19:00:00
u0656,imp0003705,A,0,2024-01-06 06:00:00
u0656,imp0003706,A,0,2024-01-04 07:00:00
u0656,imp0003707,A,0,2024-01-03 07:00:00
u0657,imp0003708,A,0,2024-01-05 19:00:00
u0657,imp0003709,A,0,2024-01-07 03:00:00
u0657,imp0003710,A,0,2024-01-02 00:00:00
u0657,imp0003711,A,0,2024-01-07 11:00:00
u0657,imp0003712,A,0,2024-01-01 04:00:00
u0657,imp0003713,A,0,2024-01-05 23:00:00
u0657,imp0003714,A,0,2024-01-01 20:00:00
u0657,imp0003715,A,0,2024-01-01 17:00:00
u0658,imp0003716,A,0,2024-01-03 08:00:00
u0658,imp0003717,A,0,2024-01-04 20:00:00
u0658,imp0003718,A,0,2024-01-01 18:00:00
u0658,imp0003719,A,0,2024-01-06 07:00:00
u0658,imp0003720,A,0,2024-01-05 00:00:00
u0658,imp0003721,A,0,2024-01-06 10:00:00
u0658,imp0003722,A,0,2024-01-01 20:00:00
u0658,imp0003723,A,0,2024-01-02 15:00:00
u0659,imp0003724,A,0,2024-01-07 08:00:00
u0659,imp0003725,A,0,2024-01-06 06:00:00
u0659,imp0003726,A,0,2024-01-03 06:00:00
u0659,imp0003727,A,0,2024-01-05 12:00:00
u0659,imp0003728,A,0,2024-01-05 01:00:00
u0660,imp0003729,A,0,2024-01-05 15:00:00
u0660,imp0003730,A,0,2024-01-05 18:00:00
u0660,imp0003731,A,0,2024-01-05 20:00:00
u0660,imp0003732,A,0,2024-01-04 14:00:00
u0660,imp0003733,A,0,2024-01-04 08:00:00
u0660,imp0003734,A,0,2024-01-03 17:00:00
u0660,imp0003735,A,0,2024-01-01 18:00:00
u0661,imp0003736,A,0,2024-01-06 14:00:00
u0661,imp0003737,A,0,2024-01-05 21:00:00
u0661,imp0003738,A,0,2024-01-02 17:00:00
u0661,imp0003739,A,0,2024-01-02 17:00:00
u0661,imp0003740,A,0,2024-01-03 10:00:00
u0662,imp0003741,A,1,2024-01-01 16:00:00
u0662,imp0003742,A,0,2024-01-02 02:00:00
u0662,imp0003743,A,0,2024-01-01 01:00:00
u0662,imp0003744,A,0,2024-01-03 14:00:00
u0662,imp0003745,A,0,2024-01-03 13:00:00
u0662,imp0003746,A,0,2024-01-05 03:00:00
u0663,imp0003747,A,0,2024-01-01 16:00:00
u0663,imp0003748,A,0,2024-01-03 20:00:00
u0663,imp0003749,A,0,2024-01-07 22:00:00
u0663,imp0003750,A,0,2024-01-05 20:00:00
u0663,imp0003751,A,0,2024-01-04 08:00:00
u0664,imp0003752,A,0,2024-01-07 23:00:00
u0664,imp0003753,A,0,2024-01-06 11:00:00
u0664,imp0003754,A,0,2024-01-07 08:00:00
u0664,imp0003755,A,0,2024-01-07 13:00:00
u0664,imp0003756,A,0,2024-01-02 04:00:00
u0664,imp0003757,A,0,2024-01-03 02:00:00
u0665,imp0003758,A,0,2024-01-03 20:00:00
u0665,imp0003759,A,0,2024-01-07 01:00:00
u0665,imp0003760,A,0,2024-01-03 08:00:00
u0665,imp0003761,A,0,2024-01-01 11:00:00
u0665,imp0003762,A,0,2024-01-01 16:00:00
u0665,imp0003763,A,0,2024-01-02 05:00:00
u0665,imp0003764,A,0,2024-01-04 15:00:00
u0665,imp0003765,A,0,2024-01-05 02:00:00
u0666,imp0003766,A,0,2024-01-06 08:00:00
u0666,imp0003767,A,0,2024-01-04 06:00:00
u0666,imp0003768,A,0,2024-01-02 07:00:00
u0667,imp0003769,A,0,2024-01-01 08:00:00
u0667,imp0003770,A,0,2024-01-01 14:00:00
u0667,imp0003771,A,0,2024-01-07 11:00:00
u0667,imp0003772,A,0,2024-01-07 07:00:00
u0667,imp0003773,A,0,2024-01-07 18:00:00
u0667,imp0003774,A,0,2024-01-02 02:00:00
u0668,imp0003775,A,0,2024-01-05 12:00:00
u0668,imp0003776,A,0,2024-01-04 03:00:00
u0668,imp0003777,A,0,2024-01-07 03:00:00
u0668,imp0003778,A,0,2024-01-03 16:00:00
u0668,imp0003779,A,0,2024-01-05 12:00:00
u0669,imp0003780,A,0,2024-01-01 09:00:00
u0669,imp0003781,A,0,2024-01-02 22:00:00
u0669,imp0003782,A,0,2024-01-06 02:00:00
u0670,imp0003783,A,0,2024-01-04 23:00:00
u0670,imp0003784,A,0,2024-01-05 06:00:00
u0670,imp0003785,A,0,2024-01-06 03:00:00
u0670,imp0003786,A,0,2024-01-04 13:00:00
u0670,imp0003787,A,0,2024-01-07 01:00:00
u0671,imp0003788,A,0,2024-01-07 15:00:00
u0671,imp0003789,A,0,2024-01-02 02:00:00
u0671,imp0003790,A,0,2024-01-01 17:00:00
u0671,imp0003791,A,0,2024-01-07 22:00:00
u0671,imp0003792,A,0,2024-01-04 09:00:00
u0671,imp0003793,A,0,2024-01-03 23:00:00
u0671,imp0003794,A,0,2024-01-03 05:00:00
u0671,imp0003795,A,0,2024-01-07 17:00:00
u0672,imp0003796,A,0,2024-01-07 01:00:00
u0672,imp0003797,A,0,2024-01-02 13:00:00
u0672,imp0003798,A,0,2024-01-06 16:00:00
u0672,imp0003799,A,0,2024-01-02 10:00:00
u0672,imp0003800,A,0,2024-01-04 09:00:00
u0672,imp0003801,A,0,2024-01-06 12:00:00
u0673,imp0003802,A,0,2024-01-07 13:00:00
u0673,imp0003803,A,0,2024-01-01 03:00:00
u0673,imp0003804,A,0,2024-01-07 22:00:00
u0673,imp0003805,A,0,2024-01-07 08:00:00
u0673,imp0003806,A,0,2024-01-07 11:00:00
u0673,imp0003807,A,0,2024-01-07 05:00:00
u0673,imp0003808,A,0,2024-01-07 14:00:00
u0673,imp0003809,A,0,2024-01-01 22:00:00
u0674,imp0003810,A,0,2024-01-06 04:00:00
u0674,imp0003811,A,0,2024-01-07 21:00:00
u0674,imp0003812,A,0,2024-01-03 06:00:00
u0674,imp0003813,A,0,2024-01-03 19:00:00
u0674,imp0003814,A,0,2024-01-04 15:00:00
u0674,imp0003815,A,0,2024-01-01 00:00:00
u0675,imp0003816,A,0,2024-01-04 22:00:00
u0675,imp0003817,A,0,2024-01-06 19:00:00
u0675,imp0003818,A,0,2024-01-05 09:00:00
u0676,imp0003819,A,0,2024-01-02 17:00:00
u0676,imp0003820,A,0,2024-01-05 05:00:00
u0676,imp0003821,A,0,2024-01-06 03:00:00
u0676,imp0003822,A,1,2024-01-06 19:00:00
u0676,imp0003823,A,0,2024-01-05 06:00:00
u0676,imp0003824,A,0,2024-01-07 01:00:00
u0676,imp0003825,A,0,2024-01-04 01:00:00
u0677,imp0003826,A,0,2024-01-05 11:00:00
u0677,imp0003827,A,0,2024-01-06 01:00:00
u0677,imp0003828,A,0,2024-01-01 16:00:00
u0677,imp0003829,A,0,2024-01-03 22:00:00
u0677,imp0003830,A,0,2024-01-03 13:00:00
u0677,imp0003831,A,0,2024-01-02 16:00:00
u0677,imp0003832,A,0,2024-01-05 22:00:00
u0677,imp0003833,A,0,2024-01-07 17:00:00
u0678,imp0003834,A,0,2024-01-02 20:00:00
u0678,imp0003835,A,0,2024-01-03 09:00:00
u0678,imp0003836,A,0,2024-01-06 05:00:00
u0678,imp0003837,A,0,2024-01-07 17:00:00
u0678,imp0003838,A,0,2024-01-02 19:00:00
u0678,imp0003839,A,0,2024-01-01 14:00:00
u0678,imp0003840,A,0,2024-01-04 05:00:00
u0678,imp0003841,A,0,2024-01-03 21:00:00
u0679,imp0003842,A,1,2024-01-07 15:00:00
u0679,imp0003843,A,0,2024-01-01 02:00:00
u0679,imp0003844,A,0,2024-01-04 13:00:00
u0679,imp0003845,A,0,2024-01-04 01:00:00
u0680,imp0003846,A,0,2024-01-03 18:00:00
u0680,imp0003847,A,0,2024-01-04 03:00:00
u0680,imp0003848,A,0,2024-01-04 20:00:00
u0680,imp0003849,A,0,2024-01-07 00:00:00
u0680,imp0003850,A,0,2024-01-01 06:00:00
u0681,imp0003851,A,0,2024-01-05 23:00:00
u0681,imp0003852,A,0,2024-01-03 17:00:00
u0681,imp0003853,A,0,2024-01-01 03:00:00
u0681,imp0003854,A,0,2024-01-06 17:00:00
u0681,imp0003855,A,0,2024-01-04 15:00:00
u0681,imp0003856,A,0,2024-01-01 16:00:00
u0681,imp0003857,A,0,2024-01-03 03:00:00
u0682,imp0003858,A,0,2024-01-03 20:00:00
u0682,imp0003859,A,0,2024-01-06 16:00:00
u0682,imp0003860,A,0,2024-01-01 20:00:00
u0682,imp0003861,A,0,2024-01-01 23:00:00
u0682,imp0003862,A,0,2024-01-01 03:00:00
u0682,imp0003863,A,0,2024-01-07 07:00:00
u0682,imp0003864,A,0,2024-01-01 02:00:00
u0682,imp0003865,A,0,2024-01-03 19:00:00
u0683,imp0003866,A,0,2024-01-05 04:00:00
u0683,imp0003867,A,0,2024-01-07 23:00:00
u0683,imp0003868,A,0,2024-01-03 05:00:00
u0684,imp0003869,A,0,2024-01-03 07:00:00
u0684,imp0003870,A,0,2024-01-05 11:00:00
u0684,imp0003871,A,0,2024-01-02 15:00:00
u0684,imp0003872,A,0,2024-01-03 19:00:00
u0684,imp0003873,A,0,2024-01-02 21:00:00
u0685,imp0003874,A,0,2024-01-07 10:00:00
u0685,imp0003875,A,0,2024-01-01 05:00:00
u0685,imp0003876,A,0,2024-01-01 16:00:00
u0685,imp0003877,A,0,2024-01-07 19:00:00
u0685,imp0003878,A,1,2024-01-05 02:00:00
u0685,imp0003879,A,0,2024-01-04 08:00:00
u0685,imp0003880,A,0,2024-01-01 01:00:00
u0685,imp0003881,A,0,2024-01-04 04:00:00
u0686,imp0003882,A,0,2024-01-03 17:00:00
u0686,imp0003883,A,0,2024-01-03 03:00:00
u0686,imp0003884,A,0,2024-01-04 19:00:00
u0686,imp0003885,A,0,2024-01-01 21:00:00
u0686,imp0003886,A,0,2024-01-05 14:00:00
u0686,imp0003887,A,0,2024-01-05 10:00:00
u0687,imp0003888,A,0,2024-01-06 19:00:00
u0687,imp0003889,A,0,2024-01-03 20:00:00
u0687,imp0003890,A,0,2024-01-04 11:00:00
u0687,imp0003891,A,0,2024-01-05 06:00:00
u0687,imp0003892,A,0,2024-01-02 14:00:00
u0688,imp0003893,A,0,2024-01-02 16:00:00
u0688,imp0003894,A,0,2024-01-03 08:00:00
u0688,imp0003895,A,0,2024-01-01 11:00:00
u0688,imp0003896,A,0,2024-01-01 12:00:00
u0688,imp0003897,A,0,2024-01-05 23:00:00
u0688,imp0003898,A,0,2024-01-05 00:00:00
u0688,imp0003899,A,0,2024-01-03 08:00:00
u0689,imp0003900,A,0,2024-01-04 07:00:00
u0689,imp0003901,A,0,2024-01-06 07:00:00
u0689,imp0003902,A,0,2024-01-02 10:00:00
u0689,imp0003903,A,0,2024-01-01 02:00:00
u0689,imp0003904,A,0,2024-01-05 23:00:00
u0689,imp0003905,A,0,2024-01-01 04:00:00
u0689,imp0003906,A,0,2024-01-01 10:00:00
u0689,imp0003907,A,0,2024-01-06 05:00:00
u0690,imp0003908,A,0,2024-01-06 17:00:00
u0690,imp0003909,A,0,2024-01-05 09:00:00
u0690,imp0003910,A,0,2024-01-05 19:00:00
u0690,imp0003911,A,0,2024-01-07 17:00:00
u0690,imp0003912,A,0,2024-01-03 18:00:00
u0690,imp0003913,A,0,2024-01-02 06:00:00
u0690,imp0003914,A,0,2024-01-04 02:00:00
u0691,imp0003915,A,0,2024-01-03 22:00:00
u0691,imp0003916,A,0,2024-01-03 17:00:00
u0691,imp0003917,A,0,2024-01-03 21:00:00
u0691,imp0003918,A,0,2024-01-02 16:00:00
u0691,imp0003919,A,0,2024-01-07 15:00:00
u0691,imp0003920,A,0,2024-01-01 19:00:00
u0691,imp0003921,A,0,2024-01-07 08:00:00
u0692,imp0003922,A,0,2024-01-02 14:00:00
u0692,imp0003923,A,0,2024-01-07 00:00:00
u0692,imp0003924,A,0,2024-01-02 20:00:00
u0692,imp0003925,A,0,2024-01-06 18:00:00
u0692,imp0003926,A,0,2024-01-03 21:00:00
u0692,imp0003927,A,0,2024-01-06 04:00:00
u0693,imp0003928,A,0,2024-01-03 21:00:00
u0693,imp0003929,A,0,2024-01-07 21:00:00
u0693,imp0003930,A,0,2024-01-06 09:00:00
u0693,imp0003931,A,0,2024-01-04 11:00:00
u0693,imp0003932,A,0,2024-01-04 16:00:00
u0694,imp0003933,A,0,2024-01-05 16:00:00
u0694,imp0003934,A,0,2024-01-04 20:00:00
u0694,imp0003935,A,0,2024-01-03 23:00:00
u0694,imp0003936,A,0,2024-01-07 20:00:00
u0694,imp0003937,A,0,2024-01-03 00:00:00
u0694,imp0003938,A,0,2024-01-03 03:00:00
u0695,imp0003939,A,0,2024-01-01 21:00:00
u0695,imp0003940,A,0,2024-01-05 17:00:00
u0695,imp0003941,A,0,2024-01-06 12:00:00
u0696,imp0003942,A,0,2024-01-07 21:00:00
u0696,imp0003943,A,0,2024-01-05 21:00:00
u0696,imp0003944,A,0,2024-01-05 20:00:00
u0696,imp0003945,A,0,2024-01-02 12:00:00
u0697,imp0003946,A,0,2024-01-03 15:00:00
u0697,imp0003947,A,0,2024-01-06 17:00:00
u0697,imp0003948,A,0,2024-01-04 06:00:00
u0697,imp0003949,A,0,2024-01-06 02:00:00
u0697,imp0003950,A,0,2024-01-02 19:00:00
u0697,imp0003951,A,0,2024-01-04 09:00:00
u0697,imp0003952,A,0,2024-01-04 14:00:00
u0697,imp0003953,A,0,2024-01-01 15:00:00
u0698,imp0003954,A,0,2024-01-05 05:00:00
u0698,imp0003955,A,0,2024-01-07 18:00:00
u0698,imp0003956,A,0,2024-01-05 01:00:00
u0698,imp0003957,A,0,2024-01-07 11:00:00
u0698,imp0003958,A,0,2024-01-01 01:00:00
u0698,imp0003959,A,0,2024-01-04 21:00:00
u0698,imp0003960,A,0,2024-01-06 20:00:00
u0698,imp0003961,A,0,2024-01-03 10:00:00
u0699,imp0003962,A,0,2024-01-05 22:00:00
u0699,imp0003963,A,0,2024-01-04 19:00:00
u0699,imp0003964,A,0,2024-01-02 20:00:00
u0699,imp0003965,A,0,2024-01-07 03:00:00
u0699,imp0003966,A,0,2024-01-01 23:00:00
u0699,imp0003967,A,0,2024-01-04 18:00:00
u0699,imp0003968,A,0,2024-01-04 21:00:00
u0700,imp0003969,A,0,2024-01-07 10:00:00
u0700,imp0003970,A,0,2024-01-07 09:00:00
u0700,imp0003971,A,0,2024-01-06 07:00:00
u0700,imp0003972,A,0,2024-01-01 06:00:00
u0701,imp0003973,A,0,2024-01-02 22:00:00
u0701,imp0003974,A,0,2024-01-03 04:00:00
u0701,imp0003975,A,0,2024-01-02 13:00:00
u0701,imp0003976,A,0,2024-01-03 04:00:00
u0702,imp0003977,A,0,2024-01-02 23:00:00
u0702,imp0003978,A,0,2024-01-04 22:00:00
u0702,imp0003979,A,0,2024-01-07 02:00:00
u0702,imp0003980,A,0,2024-01-06 16:00:00
u0703,imp0003981,A,0,2024-01-06 04:00:00
u0703,imp0003982,A,0,2024-01-02 14:00:00
u0703,imp0003983,A,0,2024-01-01 03:00:00
u0703,imp0003984,A,0,2024-01-06 05:00:00
u0703,imp0003985,A,0,2024-01-01 02:00:00
u0703,imp0003986,A,0,2024-01-03 15:00:00
u0703,imp0003987,A,0,2024-01-02 04:00:00
u0704,imp0003988,A,0,2024-01-01 10:00:00
u0704,imp0003989,A,0,2024-01-05 00:00:00
u0704,imp0003990,A,0,2024-01-05 05:00:00
u0704,imp0003991,A,0,2024-01-07 10:00:00
u0704,imp0003992,A,0,2024-01-01 20:00:00
u0704,imp0003993,A,0,2024-01-02 14:00:00
u0705,imp0003994,A,0,2024-01-02 21:00:00
u0705,imp0003995,A,0,2024-01-03 17:00:00
u0705,imp0003996,A,0,2024-01-04 18:00:00
u0705,imp0003997,A,0,2024-01-07 19:00:00
u0705,imp0003998,A,0,2024-01-05 14:00:00
u0705,imp0003999,A,0,2024-01-04 09:00:00
u0705,imp0004000,A,0,2024-01-06 02:00:00
u0705,imp0004001,A,0,2024-01-05 02:00:00
u0706,imp0004002,A,0,2024-01-05 06:00:00
u0706,imp0004003,A,0,2024-01-06 08:00:00
u0706,imp0004004,A,0,2024-01-02 00:00:00
u0706,imp0004005,A,1,2024-01-02 18:00:00
u0706,imp0004006,A,0,2024-01-04 11:00:00
u0707,imp0004007,A,0,2024-01-03 02:00:00
u0707,imp0004008,A,0,2024-01-06 09:00:00
u0707,imp0004009,A,0,2024-01-06 05:00:00
u0707,imp0004010,A,0,2024-01-03 20:00:00
u0707,imp0004011,A,0,2024-01-01 08:00:00
u0708,imp0004012,A,0,2024-01-07 17:00:00
u0708,imp0004013,A,0,2024-01-07 14:00:00
u0708,imp0004014,A,0,2024-01-01 09:00:00
u0708,imp0004015,A,0,2024-01-05 17:00:00
u0709,imp0004016,A,0,2024-01-07 19:00:00
u0709,imp0004017,A,0,2024-01-04 12:00:00
u0709,imp0004018,A,0,2024-01-03 00:00:00
u0709,imp0004019,A,0,2024-01-03 21:00:00
u0709,imp0004020,A,0,2024-01-06 10:00:00
u0709,imp0004021,A,0,2024-01-06 12:00:00
u0710,imp0004022,A,0,2024-01-04 17:00:00
u0710,imp0004023,A,0,2024-01-02 01:00:00
u0710,imp0004024,A,0,2024-01-03 23:00:00
u0710,imp0004025,A,0,2024-01-01 04:00:00
u0710,imp0004026,A,0,2024-01-01 14:00:00
u0710,imp0004027,A,0,2024-01-06 02:00:00
u0710,imp0004028,A,0,2024-01-06 23:00:00
u0710,imp0004029,A,0,2024-01-01 00:00:00
u0711,imp0004030,A,0,2024-01-01 02:00:00
u0711,imp0004031,A,0,2024-01-02 22:00:00
u0711,imp0004032,A,0,2024-01-04 22:00:00
u0711,imp0004033,A,0,2024-01-01 12:00:00
u0711,imp0004034,A,0,2024-01-05 23:00:00
u0711,imp0004035,A,0,2024-01-03 06:00:00
u0711,imp0004036,A,0,2024-01-07 04:00:00
u0712,imp0004037,A,0,2024-01-07 10:00:00
u0712,imp0004038,A,0,2024-01-07 21:00:00
u0712,imp0004039,A,0,2024-01-04 17:00:00
u0712,imp0004040,A,0,2024-01-03 13:00:00
u0713,imp0004041,A,0,2024-01-05 05:00:00
u0713,imp0004042,A,0,2024-01-06 18:00:00
u0713,imp0004043,A,0,2024-01-01 07:00:00
u0713,imp0004044,A,0,2024-01-05 00:00:00
u0713,imp0004045,A,0,2024-01-05 20:00:00
u0714,imp0004046,A,0,2024-01-01 20:00:00
u0714,imp0004047,A,0,2024-01-05 18:00:00
u0714,imp0004048,A,0,2024-01-04 12:00:00
u0714,imp0004049,A,0,2024-01-01 19:00:00
u0714,imp0004050,A,0,2024-01-01 07:00:00
u0714,imp0004051,A,0,2024-01-03 09:00:00
u0714,imp0004052,A,0,2024-01-02 21:00:00
u0714,imp0004053,A,0,2024-01-02 06:00:00
u0715,imp0004054,A,0,2024-01-04 20:00:00
u0715,imp0004055,A,0,2024-01-01 08:00:00
u0715,imp0004056,A,0,2024-01-01 14:00:00
u0715,imp0004057,A,0,2024-01-04 21:00:00
u0716,imp0004058,A,0,2024-01-02 04:00:00
u0716,imp0004059,A,1,2024-01-04 07:00:00
u0716,imp0004060,A,0,2024-01-02 11:00:00
u0716,imp0004061,A,0,2024-01-04 11:00:00
u0717,imp0004062,A,0,2024-01-05 21:00:00
u0717,imp0004063,A,0,2024-01-02 12:00:00
u0717,imp0004064,A,0,2024-01-04 13:00:00
u0717,imp0004065,A,0,2024-01-03 22:00:00
u0717,imp0004066,A,0,2024-01-07 06:00:00
u0717,imp0004067,A,0,2024-01-04 20:00:00
u0717,imp0004068,A,0,2024-01-04 07:00:00
u0718,imp0004069,A,0,2024-01-07 21:00:00
u0718,imp0004070,A,0,2024-01-07 14:00:00
u0718,imp0004071,A,0,2024-01-01 13:00:00
u0718,imp0004072,A,1,2024-01-05 20:00:00
u0718,imp0004073,A,0,2024-01-04 00:00:00
u0718,imp0004074,A,0,2024-01-04 18:00:00
u0718,imp0004075,A,0,2024-01-04 17:00:00
u0718,imp0004076,A,0,2024-01-02 04:00:00
u0719,imp0004077,A,0,2024-01-03 00:00:00
u0719,imp0004078,A,0,2024-01-03 23:00:00
u0719,imp0004079,A,0,2024-01-06 12:00:00
u0719,imp0004080,A,0,2024-01-02 17:00:00
u0719,imp0004081,A,0,2024-01-06 14:00:00
u0720,imp0004082,A,0,2024-01-07 19:00:00
u0720,imp0004083,A,0,2024-01-05 08:00:00
u0720,imp0004084,A,0,2024-01-02 02:00:00
u0720,imp0004085,A,0,2024-01-03 09:00:00
u0721,imp0004086,A,0,2024-01-02 00:00:00
u0721,imp0004087,A,1,2024-01-04 00:00:00
u0721,imp0004088,A,0,2024-01-05 20:00:00
u0721,imp0004089,A,0,2024-01-07 10:00:00
u0721,imp0004090,A,0,2024-01-06 08:00:00
u0721,imp0004091,A,0,2024-01-04 14:00:00
u0721,imp0004092,A,0,2024-01-04 01:00:00
u0721,imp0004093,A,0,2024-01-07 08:00:00
u0722,imp0004094,A,0,2024-01-06 04:00:00
u0722,imp0004095,A,0,2024-01-03 18:00:00
u0722,imp0004096,A,0,2024-01-01 05:00:00
u0722,imp0004097,A,0,2024-01-06 04:00:00
u0722,imp0004098,A,0,2024-01-03 09:00:00
u0722,imp0004099,A,0,2024-01-03 21:00:00
u0722,imp0004100,A,0,2024-01-03 04:00:00
u0722,imp0004101,A,0,2024-01-03 17:00:00
u0723,imp0004102,A,0,2024-01-04 09:00:00
u0723,imp0004103,A,0,2024-01-04 14:00:00
u0723,imp0004104,A,0,2024-01-01 01:00:00
u0723,imp0004105,A,0,2024-01-07 05:00:00
u0724,imp0004106,A,0,2024-01-07 03:00:00
u0724,imp0004107,A,0,2024-01-05 06:00:00
u0724,imp0004108,A,0,2024-01-01 23:00:00
u0724,imp0004109,A,0,2024-01-05 15:00:00
u0724,imp0004110,A,0,2024-01-03 16:00:00
u0724,imp0004111,A,0,2024-01-06 08:00:00
u0724,imp0004112,A,0,2024-01-05 20:00:00
u0725,imp0004113,A,0,2024-01-05 08:00:00
u0725,imp0004114,A,0,2024-01-01 02:00:00
u0725,imp0004115,A,0,2024-01-02 21:00:00
u0725,imp0004116,A,0,2024-01-03 06:00:00
u0725,imp0004117,A,0,2024-01-04 02:00:00
u0725,imp0004118,A,0,2024-01-02 20:00:00
u0726,imp0004119,A,0,2024-01-04 04:00:00
u0726,imp0004120,A,0,2024-01-01 23:00:00
u0726,imp0004121,A,0,2024-01-02 10:00:00
u0726,imp0004122,A,0,2024-01-01 23:00:00
u0727,imp0004123,A,0,2024-01-01 15:00:00
u0727,imp0004124,A,0,2024-01-03 10:00:00
u0727,imp0004125,A,0,2024-01-06 23:00:00
u0727,imp0004126,A,0,2024-01-01 14:00:00
u0727,imp0004127,A,0,2024-01-01 10:00:00
u0727,imp0004128,A,0,2024-01-04 06:00:00
u0728,imp0004129,A,0,2024-01-05 18:00:00
u0728,imp0004130,A,0,2024-01-03 19:00:00
u0728,imp0004131,A,0,2024-01-02 18:00:00
u0728,imp0004132,A,0,2024-01-03 20:00:00
u0729,imp0004133,A,0,2024-01-06 20:00:00
u0729,imp0004134,A,0,2024-01-06 17:00:00
u0729,imp0004135,A,0,2024-01-04 02:00:00
u0729,imp0004136,A,0,2024-01-05 06:00:00
u0729,imp0004137,A,0,2024-01-02 16:00:00
u0730,imp0004138,A,0,2024-01-03 10:00:00
u0730,imp0004139,A,0,2024-01-02 14:00:00
u0730,imp0004140,A,0,2024-01-01 02:00:00
u0730,imp0004141,A,0,2024-01-01 06:00:00
u0731,imp0004142,A,0,2024-01-02 01:00:00
u0731,imp0004143,A,0,2024-01-07 16:00:00
u0731,imp0004144,A,0,2024-01-05 04:00:00
u0732,imp0004145,A,0,2024-01-06 06:00:00
u0732,imp0004146,A,0,2024-01-07 15:00:00
u0732,imp0004147,A,0,2024-01-06 11:00:00
u0732,imp0004148,A,0,2024-01-01 19:00:00
u0733,imp0004149,A,0,2024-01-05 20:00:00
u0733,imp0004150,A,0,2024-01-07 19:00:00
u0733,imp0004151,A,0,2024-01-02 07:00:00
u0733,imp0004152,A,0,2024-01-02 03:00:00
u0734,imp0004153,A,0,2024-01-01 00:00:00
u0734,imp0004154,A,0,2024-01-03 07:00:00
u0734,imp0004155,A,0,2024-01-02 10:00:00
u0734,imp0004156,A,0,2024-01-05 15:00:00
u0734,imp0004157,A,0,2024-01-02 05:00:00
u0734,imp0004158,A,0,2024-01-03 05:00:00
u0734,imp0004159,A,0,2024-01-02 11:00:00
u0735,imp0004160,A,0,2024-01-04 07:00:00
u0735,imp0004161,A,0,2024-01-03 09:00:00
u0735,imp0004162,A,0,2024-01-04 10:00:00
u0736,imp0004163,A,0,2024-01-03 20:00:00
u0736,imp0004164,A,0,2024-01-06 07:00:00
u0736,imp0004165,A,0,2024-01-03 02:00:00
u0737,imp0004166,A,0,2024-01-05 10:00:00
u0737,imp0004167,A,0,2024-01-05 12:00:00
u0737,imp0004168,A,0,2024-01-05 19:00:00
u0737,imp0004169,A,0,2024-01-05 04:00:00
u0737,imp0004170,A,0,2024-01-05 03:00:00
u0737,imp0004171,A,0,2024-01-07 19:00:00
u0737,imp0004172,A,0,2024-01-03 19:00:00
u0737,imp0004173,A,0,2024-01-02 11:00:00
u0738,imp0004174,A,0,2024-01-07 01:00:00
u0738,imp0004175,A,0,2024-01-01 21:00:00
u0738,imp0004176,A,0,2024-01-03 17:00:00
u0738,imp0004177,A,0,2024-01-01 20:00:00
u0738,imp0004178,A,0,2024-01-05 03:00:00
u0738,imp0004179,A,0,2024-01-06 07:00:00
u0739,imp0004180,A,0,2024-01-05 06:00:00
u0739,imp0004181,A,0,2024-01-02 22:00:00
u0739,imp0004182,A,0,2024-01-02 14:00:00
u0739,imp0004183,A,0,2024-01-02 04:00:00
u0739,imp0004184,A,0,2024-01-03 05:00:00
u0739,imp0004185,A,0,2024-01-04 17:00:00
u0740,imp0004186,A,0,2024-01-01 16:00:00
u0740,imp0004187,A,0,2024-01-04 07:00:00
u0740,imp0004188,A,0,2024-01-07 14:00:00
u0740,imp0004189,A,0,2024-01-04 00:00:00
u0740,imp0004190,A,0,2024-01-03 00:00:00
u0740,imp0004191,A,0,2024-01-05 04:00:00
u0740,imp0004192,A,0,2024-01-01 01:00:00
u0741,imp0004193,A,0,2024-01-06 21:00:00
u0741,imp0004194,A,0,2024-01-03 10:00:00
u0741,imp0004195,A,0,2024-01-05 00:00:00
u0741,imp0004196,A,0,2024-01-05 02:00:00
u0741,imp0004197,A,0,2024-01-05 06:00:00
u0741,imp0004198,A,0,2024-01-01 01:00:00
u0742,imp0004199,A,0,2024-01-02 16:00:00
u0742,imp0004200,A,0,2024-01-06 02:00:00
u0742,imp0004201,A,0,2024-01-04 09:00:00
u0742,imp0004202,A,0,2024-01-06 23:00:00
u0742,imp0004203,A,0,2024-01-06 11:00:00
u0743,imp0004204,A,0,2024-01-02 04:00:00
u0743,imp0004205,A,0,2024-01-06 14:00:00
u0743,imp0004206,A,0,2024-01-01 13:00:00
u0743,imp0004207,A,0,2024-01-01 11:00:00
u0743,imp0004208,A,0,2024-01-05 02:00:00
u0743,imp0004209,A,0,2024-01-06 12:00:00
u0744,imp0004210,A,0,2024-01-05 09:00:00
u0744,imp0004211,A,0,2024-01-02 07:00:00
u0744,imp0004212,A,0,2024-01-04 01:00:00
u0745,imp0004213,A,0,2024-01-04 08:00:00
u0745,imp0004214,A,0,2024-01-03 20:00:00
u0745,imp0004215,A,0,2024-01-02 20:00:00
u0745,imp0004216,A,0,2024-01-05 09:00:00
u0745,imp0004217,A,0,2024-01-06 16:00:00
u0746,imp0004218,A,0,2024-01-07 16:00:00
u0746,imp0004219,A,0,2024-01-05 03:00:00
u0746,imp0004220,A,0,2024-01-07 01:00:00
u0747,imp0004221,A,0,2024-01-03 13:00:00
u0747,imp0004222,A,0,2024-01-02 04:00:00
u0747,imp0004223,A,0,2024-01-06 04:00:00
u0748,imp0004224,A,0,2024-01-07 08:00:00
u0748,imp0004225,A,0,2024-01-06 22:00:00
u0748,imp0004226,A,0,2024-01-06 13:00:00
u0748,imp0004227,A,0,2024-01-05 23:00:00
u0749,imp0004228,A,1,2024-01-04 06:00:00
u0749,imp0004229,A,0,2024-01-04 20:00:00
u0749,imp0004230,A,0,2024-01-01 03:00:00
u0749,imp0004231,A,0,2024-01-04 09:00:00
u0750,imp0004232,A,0,2024-01-04 02:00:00
u0750,imp0004233,A,0,2024-01-01 13:00:00
u0750,imp0004234,A,0,2024-01-06 10:00:00
u0750,imp0004235,A,0,2024-01-05 17:00:00
u0751,imp0004236,A,0,2024-01-05 09:00:00
u0751,imp0004237,A,0,2024-01-03 15:00:00
u0751,imp0004238,A,0,2024-01-05 05:00:00
u0751,imp0004239,A,0,2024-01-05 09:00:00
u0751,imp0004240,A,0,2024-01-01 19:00:00
u0751,imp0004241,A,0,2024-01-03 09:00:00
u0751,imp0004242,A,0,2024-01-05 15:00:00
u0751,imp0004243,A,0,2024-01-03 08:00:00
u0752,imp0004244,A,0,2024-01-05 22:00:00
u0752,imp0004245,A,0,2024-01-05 00:00:00
u0752,imp0004246,A,0,2024-01-04 19:00:00
u0752,imp0004247,A,0,2024-01-03 03:00:00
u0752,imp0004248,A,1,2024-01-02 12:00:00
u0752,imp0004249,A,0,2024-01-01 07:00:00
u0752,imp0004250,A,0,2024-01-02 19:00:00
u0752,imp0004251,A,0,2024-01-05 01:00:00
u0753,imp0004252,A,0,2024-01-06 12:00:00
u0753,imp0004253,A,0,2024-01-05 21:00:00
u0753,imp0004254,A,0,2024-01-03 20:00:00
u0753,imp0004255,A,0,2024-01-07 14:00:00
u0753,imp0004256,A,0,2024-01-02 20:00:00
u0753,imp0004257,A,0,2024-01-06 16:00:00
u0754,imp0004258,A,0,2024-01-02 07:00:00
u0754,imp0004259,A,0,2024-01-02 08:00:00
u0754,imp0004260,A,0,2024-01-06 05:00:00
u0754,imp0004261,A,0,2024-01-03 18:00:00
u0755,imp0004262,A,0,2024-01-05 17:00:00
u0755,imp0004263,A,0,2024-01-02 04:00:00
u0755,imp0004264,A,0,2024-01-06 10:00:00
u0755,imp0004265,A,0,2024-01-02 05:00:00
u0755,imp0004266,A,0,2024-01-06 16:00:00
u0755,imp0004267,A,0,2024-01-07 09:00:00
u0755,imp0004268,A,0,2024-01-06 09:00:00
u0755,imp0004269,A,0,2024-01-03 13:00:00
u0756,imp0004270,A,0,2024-01-03 19:00:00
u0756,imp0004271,A,0,2024-01-02 00:00:00
u0756,imp0004272,A,0,2024-01-06 20:00:00
u0756,imp0004273,A,0,2024-01-02 19:00:00
u0756,imp0004274,A,0,2024-01-07 18:00:00
u0757,imp0004275,A,0,2024-01-06 09:00:00
u0757,imp0004276,A,0,2024-01-02 16:00:00
u0757,imp0004277,A,0,2024-01-03 15:00:00
u0758,imp0004278,A,0,2024-01-02 22:00:00
u0758,imp0004279,A,0,2024-01-06 09:00:00
u0758,imp0004280,A,0,2024-01-04 23:00:00
u0758,imp0004281,A,0,2024-01-04 04:00:00
u0758,imp0004282,A,0,2024-01-05 13:00:00
u0758,imp0004283,A,0,2024-01-03 20:00:00
u0759,imp0004284,A,0,2024-01-05 09:00:00
u0759,imp0004285,A,0,2024-01-02 19:00:00
u0759,imp0004286,A,0,2024-01-04 01:00:00
u0759,imp0004287,A,0,2024-01-03 07:00:00
u0760,imp0004288,A,0,2024-01-06 06:00:00
u0760,imp0004289,A,0,2024-01-07 17:00:00
u0760,imp0004290,A,0,2024-01-02 05:00:00
u0760,imp0004291,A,0,2024-01-03 22:00:00
u0760,imp0004292,A,0,2024-01-05 21:00:00
u0761,imp0004293,A,0,2024-01-06 20:00:00
u0761,imp0004294,A,0,2024-01-01 02:00:00
u0761,imp0004295,A,0,2024-01-02 01:00:00
u0761,imp0004296,A,0,2024-01-03 08:00:00
u0761,imp0004297,A,0,2024-01-06 05:00:00
u0762,imp0004298,A,0,2024-01-02 18:00:00
u0762,imp0004299,A,0,2024-01-03 00:00:00
u0762,imp0004300,A,0,2024-01-02 17:00:00
u0762,imp0004301,A,0,2024-01-01 10:00:00
u0762,imp0004302,A,0,2024-01-05 06:00:00
u0762,imp0004303,A,0,2024-01-05 01:00:00
u0762,imp0004304,A,0,2024-01-07 01:00:00
u0763,imp0004305,A,0,2024-01-05 03:00:00
u0763,imp0004306,A,0,2024-01-05 07:00:00
u0763,imp0004307,A,0,2024-01-02 21:00:00
u0763,imp0004308,A,0,2024-01-02 19:00:00
u0763,imp0004309,A,0,2024-01-01 21:00:00
u0763,imp0004310,A,0,2024-01-05 17:00:00
u0763,imp0004311,A,0,2024-01-06 04:00:00
u0764,imp0004312,A,0,2024-01-02 05:00:00
u0764,imp0004313,A,0,2024-01-01 07:00:00
u0764,imp0004314,A,0,2024-01-05 01:00:00
u0764,imp0004315,A,0,2024-01-03 08:00:00
u0764,imp0004316,A,0,2024-01-05 14:00:00
u0764,imp0004317,A,0,2024-01-04 00:00:00
u0765,imp0004318,A,0,2024-01-01 19:00:00
u0765,imp0004319,A,0,2024-01-02 00:00:00
u0765,imp0004320,A,0,2024-01-01 18:00:00
u0765,imp0004321,A,0,2024-01-01 04:00:00
u0765,imp0004322,A,0,2024-01-04 02:00:00
u0766,imp0004323,A,0,2024-01-07 10:00:00
u0766,imp0004324,A,0,2024-01-02 15:00:00
u0766,imp0004325,A,0,2024-01-02 01:00:00
u0766,imp0004326,A,0,2024-01-02 02:00:00
u0766,imp0004327,A,0,2024-01-04 10:00:00
u0767,imp0004328,A,0,2024-01-07 12:00:00
u0767,imp0004329,A,0,2024-01-07 22:00:00
u0767,imp0004330,A,0,2024-01-02 08:00:00
u0767,imp0004331,A,0,2024-01-05 00:00:00
u0768,imp0004332,A,0,2024-01-04 23:00:00
u0768,imp0004333,A,0,2024-01-01 11:00:00
u0768,imp0004334,A,0,2024-01-03 23:00:00
u0768,imp0004335,A,0,2024-01-06 12:00:00
u0769,imp0004336,A,0,2024-01-05 20:00:00
u0769,imp0004337,A,0,2024-01-02 01:00:00
u0769,imp0004338,A,0,2024-01-06 12:00:00
u0769,imp0004339,A,0,2024-01-01 21:00:00
u0770,imp0004340,A,0,2024-01-07 11:00:00
u0770,imp0004341,A,0,2024-01-07 16:00:00
u0770,imp0004342,A,0,2024-01-05 10:00:00
u0770,imp0004343,A,0,2024-01-01 22:00:00
u0770,imp0004344,A,0,2024-01-05 00:00:00
u0770,imp0004345,A,0,2024-01-01 17:00:00
u0770,imp0004346,A,0,2024-01-05 20:00:00
u0771,imp0004347,A,0,2024-01-02 01:00:00
u0771,imp0004348,A,0,2024-01-06 23:00:00
u0771,imp0004349,A,0,2024-01-02 14:00:00
u0771,imp0004350,A,0,2024-01-07 16:00:00
u0771,imp0004351,A,0,2024-01-07 09:00:00
u0771,imp0004352,A,0,2024-01-07 21:00:00
u0771,imp0004353,A,0,2024-01-06 09:00:00
u0771,imp0004354,A,0,2024-01-05 16:00:00
u0772,imp0004355,A,0,2024-01-02 21:00:00
u0772,imp0004356,A,0,2024-01-03 01:00:00
u0772,imp0004357,A,0,2024-01-07 21:00:00
u0772,imp0004358,A,0,2024-01-05 09:00:00
u0772,imp0004359,A,0,2024-01-07 01:00:00
u0772,imp0004360,A,0,2024-01-07 10:00:00
u0772,imp0004361,A,0,2024-01-03 23:00:00
u0772,imp0004362,A,0,2024-01-04 01:00:00
u0773,imp0004363,A,0,2024-01-07 12:00:00
u0773,imp0004364,A,0,2024-01-03 21:00:00
u0773,imp0004365,A,0,2024-01-07 05:00:00
u0774,imp0004366,A,0,2024-01-01 05:00:00
u0774,imp0004367,A,0,2024-01-02 01:00:00
u0774,imp0004368,A,0,2024-01-07 22:00:00
u0774,imp0004369,A,0,2024-01-06 19:00:00
u0774,imp0004370,A,0,2024-01-05 02:00:00
u0774,imp0004371,A,0,2024-01-06 21:00:00
u0774,imp0004372,A,0,2024-01-01 21:00:00
u0774,imp0004373,A,0,2024-01-03 02:00:00
u0775,imp0004374,A,0,2024-01-04 16:00:00
u0775,imp0004375,A,0,2024-01-06 20:00:00
u0775,imp0004376,A,0,2024-01-06 17:00:00
u0775,imp0004377,A,0,2024-01-01 08:00:00
u0776,imp0004378,A,0,2024-01-06 09:00:00
u0776,imp0004379,A,0,2024-01-07 08:00:00
u0776,imp0004380,A,0,2024-01-01 12:00:00
u0776,imp0004381,A,0,2024-01-03 02:00:00
u0776,imp0004382,A,0,2024-01-02 09:00:00
u0776,imp0004383,A,0,2024-01-02 10:00:00
u0777,imp0004384,A,0,2024-01-06 10:00:00
u0777,imp0004385,A,0,2024-01-05 23:00:00
u0777,imp0004386,A,0,2024-01-03 21:00:00
u0777,imp0004387,A,0,2024-01-07 02:00:00
u0777,imp0004388,A,0,2024-01-03 18:00:00
u0777,imp0004389,A,0,2024-01-05 06:00:00
u0777,imp0004390,A,0,2024-01-04 00:00:00
u0777,imp0004391,A,0,2024-01-05 19:00:00
u0778,imp0004392,A,0,2024-01-06 12:00:00
u0778,imp0004393,A,0,2024-01-03 18:00:00
u0778,imp0004394,A,0,2024-01-06 18:00:00
u0778,imp0004395,A,0,2024-01-06 00:00:00
u0778,imp0004396,A,0,2024-01-04 21:00:00
u0778,imp0004397,A,0,2024-01-06 08:00:00
u0779,imp0004398,A,0,2024-01-04 19:00:00
u0779,imp0004399,A,0,2024-01-03 14:00:00
u0779,imp0004400,A,0,2024-01-02 04:00:00
u0779,imp0004401,A,0,2024-01-01 11:00:00
u0779,imp0004402,A,0,2024-01-04 04:00:00
u0780,imp0004403,A,0,2024-01-06 09:00:00
u0780,imp0004404,A,0,2024-01-02 12:00:00
u0780,imp0004405,A,0,2024-01-01 23:00:00
u0781,imp0004406,A,0,2024-01-07 05:00:00
u0781,imp0004407,A,0,2024-01-05 03:00:00
u0781,imp0004408,A,0,2024-01-06 18:00:00
u0781,imp0004409,A,0,2024-01-03 09:00:00
u0781,imp0004410,A,0,2024-01-02 04:00:00
u0782,imp0004411,A,0,2024-01-06 22:00:00
u0782,imp0004412,A,0,2024-01-03 11:00:00
u0782,imp0004413,A,0,2024-01-04 22:00:00
u0782,imp0004414,A,0,2024-01-02 17:00:00
u0782,imp0004415,A,0,2024-01-02 18:00:00
u0783,imp0004416,A,0,2024-01-07 15:00:00
u0783,imp0004417,A,0,2024-01-03 15:00:00
u0783,imp0004418,A,0,2024-01-01 01:00:00
u0783,imp0004419,A,0,2024-01-07 07:00:00
u0784,imp0004420,A,0,2024-01-07 21:00:00
u0784,imp0004421,A,0,2024-01-02 06:00:00
u0784,imp0004422,A,0,2024-01-05 18:00:00
u0784,imp0004423,A,0,2024-01-02 01:00:00
u0785,imp0004424,A,0,2024-01-04 05:00:00
u0785,imp0004425,A,0,2024-01-02 00:00:00
u0785,imp0004426,A,0,2024-01-02 23:00:00
u0785,imp0004427,A,0,2024-01-03 16:00:00
u0785,imp0004428,A,0,2024-01-03 18:00:00
u0785,imp0004429,A,0,2024-01-04 17:00:00
u0785,imp0004430,A,0,2024-01-07 01:00:00
u0786,imp0004431,A,0,2024-01-04 14:00:00
u0786,imp0004432,A,1,2024-01-07 04:00:00
u0786,imp0004433,A,0,2024-01-03 16:00:00
u0787,imp0004434,A,0,2024-01-02 02:00:00
u0787,imp0004435,A,0,2024-01-05 09:00:00
u0787,imp0004436,A,0,2024-01-06 02:00:00
u0787,imp0004437,A,0,2024-01-02 19:00:00
u0787,imp0004438,A,0,2024-01-05 03:00:00
u0787,imp0004439,A,0,2024-01-02 03:00:00
u0787,imp0004440,A,0,2024-01-01 16:00:00
u0788,imp0004441,A,0,2024-01-07 23:00:00
u0788,imp0004442,A,0,2024-01-06 10:00:00
u0788,imp0004443,A,0,2024-01-04 03:00:00
u0788,imp0004444,A,0,2024-01-02 21:00:00
u0788,imp0004445,A,0,2024-01-07 13:00:00
u0789,imp0004446,A,0,2024-01-06 16:00:00
u0789,imp0004447,A,0,2024-01-04 12:00:00
u0789,imp0004448,A,0,2024-01-01 10:00:00
u0789,imp0004449,A,0,2024-01-03 20:00:00
u0789,imp0004450,A,0,2024-01-05 02:00:00
u0789,imp0004451,A,0,2024-01-04 18:00:00
u0789,imp0004452,A,0,2024-01-07 14:00:00
u0790,imp0004453,A,0,2024-01-04 21:00:00
u0790,imp0004454,A,0,2024-01-07 20:00:00
u0790,imp0004455,A,1,2024-01-05 18:00:00
u0791,imp0004456,A,0,2024-01-02 06:00:00
u0791,imp0004457,A,0,2024-01-01 10:00:00
u0791,imp0004458,A,0,2024-01-04 14:00:00
u0791,imp0004459,A,0,2024-01-06 00:00:00
u0791,imp0004460,A,0,2024-01-06 09:00:00
u0791,imp0004461,A,0,2024-01-05 08:00:00
u0792,imp0004462,A,0,2024-01-01 01:00:00
u0792,imp0004463,A,0,2024-01-05 06:00:00
u0792,imp0004464,A,0,2024-01-05 04:00:00
u0792,imp0004465,A,0,2024-01-01 20:00:00
u0792,imp0004466,A,0,2024-01-03 09:00:00
u0793,imp0004467,A,0,2024-01-04 12:00:00
u0793,imp0004468,A,0,2024-01-04 20:00:00
u0793,imp0004469,A,0,2024-01-01 19:00:00
u0793,imp0004470,A,0,2024-01-03 12:00:00
u0793,imp0004471,A,0,2024-01-02 13:00:00
u0793,imp0004472,A,0,2024-01-07 03:00:00
u0793,imp0004473,A,0,2024-01-02 00:00:00
u0794,imp0004474,A,0,2024-01-06 00:00:00
u0794,imp0004475,A,0,2024-01-07 15:00:00
u0794,imp0004476,A,0,2024-01-02 01:00:00
u0794,imp0004477,A,0,2024-01-03 18:00:00
u0795,imp0004478,A,0,2024-01-01 00:00:00
u0795,imp0004479,A,0,2024-01-03 02:00:00
u0795,imp0004480,A,0,2024-01-01 04:00:00
u0796,imp0004481,A,0,2024-01-07 02:00:00
u0796,imp0004482,A,0,2024-01-06 19:00:00
u0796,imp0004483,A,0,2024-01-02 23:00:00
u0796,imp0004484,A,0,2024-01-07 08:00:00
u0796,imp0004485,A,0,2024-01-03 08:00:00
u0796,imp0004486,A,0,2024-01-05 18:00:00
u0796,imp0004487,A,0,2024-01-02 10:00:00
u0797,imp0004488,A,0,2024-01-01 04:00:00
u0797,imp0004489,A,0,2024-01-01 21:00:00
u0797,imp0004490,A,0,2024-01-05 06:00:00
u0797,imp0004491,A,0,2024-01-06 10:00:00
u0797,imp0004492,A,0,2024-01-06 03:00:00
u0797,imp0004493,A,1,2024-01-03 04:00:00
u0798,imp0004494,A,0,2024-01-07 14:00:00
u0798,imp0004495,A,0,2024-01-03 20:00:00
u0798,imp0004496,A,0,2024-01-05 07:00:00
u0798,imp0004497,A,0,2024-01-07 16:00:00
u0798,imp0004498,A,0,2024-01-01 15:00:00
u0798,imp0004499,A,0,2024-01-05 19:00:00
u0799,imp0004500,A,0,2024-01-05 12:00:00
u0799,imp0004501,A,0,2024-01-02 14:00:00
u0799,imp0004502,A,0,2024-01-04 16:00:00
u0799,imp0004503,A,0,2024-01-05 15:00:00
u0799,imp0004504,A,0,2024-01-02 22:00:00
u0799,imp0004505,A,0,2024-01-06 16:00:00
u0800,imp0004506,A,0,2024-01-06 07:00:00
u0800,imp0004507,A,0,2024-01-04 04:00:00
u0800,imp0004508,A,1,2024-01-01 14:00:00
u0800,imp0004509,A,0,2024-01-02 11:00:00
u0801,imp0004510,A,0,2024-01-03 14:00:00
u0801,imp0004511,A,0,2024-01-03 20:00:00
u0801,imp0004512,A,0,2024-01-04 01:00:00
u0802,imp0004513,A,0,2024-01-03 00:00:00
u0802,imp0004514,A,0,2024-01-07 01:00:00
u0802,imp0004515,A,0,2024-01-01 06:00:00
u0802,imp0004516,A,0,2024-01-01 03:00:00
u0803,imp0004517,A,0,2024-01-03 11:00:00
u0803,imp0004518,A,0,2024-01-03 06:00:00
u0803,imp0004519,A,0,2024-01-01 15:00:00
u0803,imp0004520,A,0,2024-01-02 04:00:00
u0804,imp0004521,A,0,2024-01-01 13:00:00
u0804,imp0004522,A,0,2024-01-04 06:00:00
u0804,imp0004523,A,0,2024-01-02 08:00:00
u0804,imp0004524,A,0,2024-01-07 08:00:00
u0804,imp0004525,A,0,2024-01-01 20:00:00
u0804,imp0004526,A,0,2024-01-07 00:00:00
u0804,imp0004527,A,0,2024-01-01 22:00:00
u0805,imp0004528,A,0,2024-01-06 21:00:00
u0805,imp0004529,A,0,2024-01-04 20:00:00
u0805,imp0004530,A,0,2024-01-01 19:00:00
u0806,imp0004531,A,0,2024-01-01 18:00:00
u0806,imp0004532,A,0,2024-01-05 06:00:00
u0806,imp0004533,A,0,2024-01-04 04:00:00
u0806,imp0004534,A,0,2024-01-07 06:00:00
u0806,imp0004535,A,0,2024-01-02 08:00:00
u0806,imp0004536,A,0,2024-01-01 17:00:00
u0806,imp0004537,A,0,2024-01-04 00:00:00
u0806,imp0004538,A,0,2024-01-07 16:00:00
u0807,imp0004539,A,0,2024-01-01 16:00:00
u0807,imp0004540,A,0,2024-01-01 18:00:00
u0807,imp0004541,A,0,2024-01-03 21:00:00
u0807,imp0004542,A,0,2024-01-05 23:00:00
u0807,imp0004543,A,0,2024-01-05 04:00:00
u0807,imp0004544,A,1,2024-01-02 09:00:00
u0807,imp0004545,A,0,2024-01-04 11:00:00
u0808,imp0004546,A,0,2024-01-04 15:00:00
u0808,imp0004547,A,1,2024-01-04 12:00:00
u0808,imp0004548,A,0,2024-01-01 10:00:00
u0809,imp0004549,A,0,2024-01-06 23:00:00
u0809,imp0004550,A,0,2024-01-06 06:00:00
u0809,imp0004551,A,0,2024-01-05 16:00:00
u0809,imp0004552,A,0,2024-01-04 07:00:00
u0809,imp0004553,A,0,2024-01-01 06:00:00
u0810,imp0004554,A,0,2024-01-01 15:00:00
u0810,imp0004555,A,0,2024-01-07 23:00:00
u0810,imp0004556,A,0,2024-01-01 11:00:00
u0810,imp0004557,A,0,2024-01-02 10:00:00
u0810,imp0004558,A,0,2024-01-01 20:00:00
u0811,imp0004559,A,0,2024-01-01 16:00:00
u0811,imp0004560,A,0,2024-01-02 07:00:00
u0811,imp0004561,A,1,2024-01-02 16:00:00
u0811,imp0004562,A,0,2024-01-06 13:00:00
u0812,imp0004563,A,0,2024-01-07 03:00:00
u0812,imp0004564,A,0,2024-01-07 08:00:00
u0812,imp0004565,A,0,2024-01-03 17:00:00
u0812,imp0004566,A,0,2024-01-06 16:00:00
u0812,imp0004567,A,0,2024-01-04 19:00:00
u0813,imp0004568,A,0,2024-01-03 12:00:00
u0813,imp0004569,A,0,2024-01-07 21:00:00
u0813,imp0004570,A,0,2024-01-01 02:00:00
u0813,imp0004571,A,0,2024-01-05 06:00:00
u0813,imp0004572,A,0,2024-01-03 06:00:00
u0813,imp0004573,A,0,2024-01-01 00:00:00
u0813,imp0004574,A,0,2024-01-05 04:00:00
u0814,imp0004575,A,0,2024-01-02 01:00:00
u0814,imp0004576,A,0,2024-01-06 00:00:00
u0814,imp0004577,A,0,2024-01-06 21:00:00
u0814,imp0004578,A,0,2024-01-02 21:00:00
u0814,imp0004579,A,1,2024-01-06 01:00:00
u0814,imp0004580,A,0,2024-01-02 06:00:00
u0814,imp0004581,A,0,2024-01-03 10:00:00
u0814,imp0004582,A,0,2024-01-02 04:00:00
u0815,imp0004583,A,0,2024-01-01 16:00:00
u0815,imp0004584,A,0,2024-01-06 21:00:00
u0815,imp0004585,A,0,2024-01-07 19:00:00
u0815,imp0004586,A,0,2024-01-01 23:00:00
u0816,imp0004587,A,0,2024-01-04 18:00:00
u0816,imp0004588,A,0,2024-01-02 00:00:00
u0816,imp0004589,A,0,2024-01-02 07:00:00
u0816,imp0004590,A,0,2024-01-05 19:00:00
u0816,imp0004591,A,0,2024-01-04 09:00:00
u0816,imp0004592,A,0,2024-01-05 13:00:00
u0816,imp0004593,A,0,2024-01-07 01:00:00
u0817,imp0004594,A,0,2024-01-02 01:00:00
u0817,imp0004595,A,0,2024-01-06 16:00:00
u0817,imp0004596,A,0,2024-01-03 15:00:00
u0817,imp0004597,A,0,2024-01-03 23:00:00
u0817,imp0004598,A,0,2024-01-07 03:00:00
u0817,imp0004599,A,0,2024-01-05 09:00:00
u0817,imp0004600,A,0,2024-01-04 13:00:00
u0818,imp0004601,A,0,2024-01-07 13:00:00
u0818,imp0004602,A,0,2024-01-03 04:00:00
u0818,imp0004603,A,0,2024-01-04 19:00:00
u0818,imp0004604,A,0,2024-01-05 02:00:00
u0818,imp0004605,A,0,2024-01-01 10:00:00
u0819,imp0004606,A,0,2024-01-05 03:00:00
u0819,imp0004607,A,0,2024-01-04 14:00:00
u0819,imp0004608,A,0,2024-01-07 02:00:00
u0820,imp0004609,A,0,2024-01-01 14:00:00
u0820,imp0004610,A,0,2024-01-07 14:00:00
u0820,imp0004611,A,0,2024-01-05 04:00:00
u0820,imp0004612,A,0,2024-01-07 20:00:00
u0820,imp0004613,A,0,2024-01-02 04:00:00
u0820,imp0004614,A,0,2024-01-05 17:00:00
u0821,imp0004615,A,0,2024-01-07 09:00:00
u0821,imp0004616,A,0,2024-01-05 11:00:00
u0821,imp0004617,A,0,2024-01-06 09:00:00
u0821,imp0004618,A,0,2024-01-04 11:00:00
u0821,imp0004619,A,0,2024-01-01 14:00:00
u0822,imp0004620,A,0,2024-01-06 11:00:00
u0822,imp0004621,A,0,2024-01-03 01:00:00
u0822,imp0004622,A,0,2024-01-07 21:00:00
u0822,imp0004623,A,0,2024-01-01 22:00:00
u0822,imp0004624,A,0,2024-01-03 10:00:00
u0822,imp0004625,A,0,2024-01-04 17:00:00
u0823,imp0004626,A,0,2024-01-04 02:00:00
u0823,imp0004627,A,0,2024-01-07 11:00:00
u0823,imp0004628,A,0,2024-01-06 02:00:00
u0823,imp0004629,A,0,2024-01-06 15:00:00
u0823,imp0004630,A,0,2024-01-07 12:00:00
u0824,imp0004631,A,0,2024-01-01 17:00:00
u0824,imp0004632,A,0,2024-01-03 01:00:00
u0824,imp0004633,A,0,2024-01-06 21:00:00
u0824,imp0004634,A,0,2024-01-05 21:00:00
u0824,imp0004635,A,0,2024-01-06 16:00:00
u0825,imp0004636,A,0,2024-01-06 18:00:00
u0825,imp0004637,A,0,2024-01-05 11:00:00
u0825,imp0004638,A,0,2024-01-03 18:00:00
u0825,imp0004639,A,0,2024-01-07 22:00:00
u0825,imp0004640,A,0,2024-01-04 05:00:00
u0826,imp0004641,A,0,2024-01-02 14:00:00
u0826,imp0004642,A,0,2024-01-02 00:00:00
u0826,imp0004643,A,1,2024-01-01 20:00:00
u0826,imp0004644,A,0,2024-01-06 17:00:00
u0826,imp0004645,A,0,2024-01-01 14:00:00
u0826,imp0004646,A,0,2024-01-02 23:00:00
u0827,imp0004647,A,0,2024-01-07 04:00:00
u0827,imp0004648,A,0,2024-01-05 19:00:00
u0827,imp0004649,A,0,2024-01-03 01:00:00
u0827,imp0004650,A,0,2024-01-07 06:00:00
u0827,imp0004651,A,0,2024-01-06 20:00:00
u0827,imp0004652,A,0,2024-01-03 20:00:00
u0827,imp0004653,A,0,2024-01-01 03:00:00
u0827,imp0004654,A,0,2024-01-04 05:00:00
u0828,imp0004655,A,0,2024-01-06 00:00:00
u0828,imp0004656,A,0,2024-01-05 18:00:00
u0828,imp0004657,A,0,2024-01-07 18:00:00
u0829,imp0004658,A,0,2024-01-07 04:00:00
u0829,imp0004659,A,0,2024-01-07 01:00:00
u0829,imp0004660,A,0,2024-01-05 00:00:00
u0829,imp0004661,A,0,2024-01-04 08:00:00
u0829,imp0004662,A,0,2024-01-02 18:00:00
u0829,imp0004663,A,0,2024-01-04 22:00:00
u0829,imp0004664,A,0,2024-01-01 05:00:00
u0830,imp0004665,A,0,2024-01-03 18:00:00
u0830,imp0004666,A,0,2024-01-06 19:00:00
u0830,imp0004667,A,0,2024-01-05 03:00:00
u0830,imp0004668,A,0,2024-01-01 11:00:00
u0830,imp0004669,A,0,2024-01-03 17:00:00
u0830,imp0004670,A,0,2024-01-01 01:00:00
u0830,imp0004671,A,0,2024-01-06 22:00:00
u0830,imp0004672,A,0,2024-01-07 06:00:00
u0831,imp0004673,A,0,2024-01-04 08:00:00
u0831,imp0004674,A,0,2024-01-06 14:00:00
u0831,imp0004675,A,0,2024-01-07 11:00:00
u0831,imp0004676,A,0,2024-01-06 21:00:00
u0831,imp0004677,A,0,2024-01-07 13:00:00
u0831,imp0004678,A,0,2024-01-07 15:00:00
u0831,imp0004679,A,0,2024-01-03 21:00:00
u0832,imp0004680,A,0,2024-01-04 15:00:00
u0832,imp0004681,A,0,2024-01-01 05:00:00
u0832,imp0004682,A,0,2024-01-02 02:00:00
u0832,imp0004683,A,0,2024-01-04 09:00:00
u0832,imp0004684,A,0,2024-01-04 15:00:00
u0833,imp0004685,A,0,2024-01-05 23:00:00
u0833,imp0004686,A,0,2024-01-01 23:00:00
u0833,imp0004687,A,0,2024-01-05 05:00:00
u0833,imp0004688,A,0,2024-01-02 09:00:00
u0833,imp0004689,A,0,2024-01-07 23:00:00
u0833,imp0004690,A,0,2024-01-02 22:00:00
u0833,imp0004691,A,0,2024-01-01 23:00:00
u0834,imp0004692,A,0,2024-01-01 17:00:00
u0834,imp0004693,A,0,2024-01-02 19:00:00
u0834,imp0004694,A,0,2024-01-04 03:00:00
u0835,imp0004695,A,0,2024-01-05 10:00:00
u0835,imp0004696,A,0,2024-01-07 11:00:00
u0835,imp0004697,A,0,2024-01-06 03:00:00
u0836,imp0004698,A,0,2024-01-07 17:00:00
u0836,imp0004699,A,0,2024-01-06 18:00:00
u0836,imp0004700,A,0,2024-01-07 18:00:00
u0836,imp0004701,A,0,2024-01-05 19:00:00
u0836,imp0004702,A,0,2024-01-04 20:00:00
u0836,imp0004703,A,0,2024-01-02 17:00:00
u0836,imp0004704,A,0,2024-01-02 03:00:00
u0837,imp0004705,A,0,2024-01-01 23:00:00
u0837,imp0004706,A,1,2024-01-06 15:00:00
u0837,imp0004707,A,0,2024-01-05 09:00:00
u0837,imp0004708,A,0,2024-01-05 21:00:00
u0837,imp0004709,A,0,2024-01-03 04:00:00
u0838,imp0004710,A,0,2024-01-05 03:00:00
u0838,imp0004711,A,0,2024-01-01 04:00:00
u0838,imp0004712,A,0,2024-01-03 00:00:00
u0838,imp0004713,A,0,2024-01-05 01:00:00
u0838,imp0004714,A,0,2024-01-02 05:00:00
u0838,imp0004715,A,0,2024-01-03 23:00:00
u0839,imp0004716,A,0,2024-01-02 12:00:00
u0839,imp0004717,A,0,2024-01-01 06:00:00
u0839,imp0004718,A,0,2024-01-06 06:00:00
u0839,imp0004719,A,0,2024-01-07 23:00:00
u0840,imp0004720,A,0,2024-01-07 22:00:00
u0840,imp0004721,A,0,2024-01-05 06:00:00
u0840,imp0004722,A,0,2024-01-03 04:00:00
u0840,imp0004723,A,0,2024-01-06 11:00:00
u0840,imp0004724,A,0,2024-01-05 11:00:00
u0840,imp0004725,A,0,2024-01-05 15:00:00
u0841,imp0004726,A,0,2024-01-01 06:00:00
u0841,imp0004727,A,0,2024-01-07 11:00:00
u0841,imp0004728,A,0,2024-01-03 18:00:00
u0842,imp0004729,A,0,2024-01-05 14:00:00
u0842,imp0004730,A,0,2024-01-07 03:00:00
u0842,imp0004731,A,0,2024-01-04 10:00:00
u0842,imp0004732,A,0,2024-01-06 03:00:00
u0842,imp0004733,A,0,2024-01-06 18:00:00
u0842,imp0004734,A,0,2024-01-05 07:00:00
u0843,imp0004735,A,0,2024-01-01 06:00:00
u0843,imp0004736,A,0,2024-01-07 06:00:00
u0843,imp0004737,A,0,2024-01-05 13:00:00
u0843,imp0004738,A,0,2024-01-02 09:00:00
u0843,imp0004739,A,0,2024-01-05 09:00:00
u0844,imp0004740,A,0,2024-01-01 08:00:00
u0844,imp0004741,A,1,2024-01-02 23:00:00
u0844,imp0004742,A,0,2024-01-05 18:00:00
u0844,imp0004743,A,0,2024-01-02 16:00:00
u0844,imp0004744,A,0,2024-01-02 23:00:00
u0845,imp0004745,A,0,2024-01-02 00:00:00
u0845,imp0004746,A,0,2024-01-05 19:00:00
u0845,imp0004747,A,0,2024-01-04 05:00:00
u0845,imp0004748,A,0,2024-01-05 11:00:00
u0845,imp0004749,A,0,2024-01-02 00:00:00
u0845,imp0004750,A,0,2024-01-07 02:00:00
u0845,imp0004751,A,0,2024-01-02 14:00:00
u0846,imp0004752,A,0,2024-01-05 07:00:00
u0846,imp0004753,A,0,2024-01-04 01:00:00
u0846,imp0004754,A,0,2024-01-03 19:00:00
u0846,imp0004755,A,0,2024-01-07 02:00:00
u0846,imp0004756,A,0,2024-01-02 03:00:00
u0847,imp0004757,A,0,2024-01-06 02:00:00
u0847,imp0004758,A,0,2024-01-07 16:00:00
u0847,imp0004759,A,0,2024-01-06 17:00:00
u0847,imp0004760,A,0,2024-01-04 10:00:00
u0847,imp0004761,A,0,2024-01-02 05:00:00
u0847,imp0004762,A,0,2024-01-01 21:00:00
u0847,imp0004763,A,0,2024-01-01 02:00:00
u0848,imp0004764,A,1,2024-01-01 01:00:00
u0848,imp0004765,A,0,2024-01-03 05:00:00
u0848,imp0004766,A,0,2024-01-01 05:00:00
u0848,imp0004767,A,0,2024-01-05 10:00:00
u0848,imp0004768,A,0,2024-01-07 23:00:00
u0848,imp0004769,A,0,2024-01-06 02:00:00
u0848,imp0004770,A,0,2024-01-01 01:00:00
u0849,imp0004771,A,0,2024-01-05 14:00:00
u0849,imp0004772,A,0,2024-01-01 01:00:00
u0849,imp0004773,A,0,2024-01-04 20:00:00
u0850,imp0004774,A,0,2024-01-05 04:00:00
u0850,imp0004775,A,0,2024-01-05 00:00:00
u0850,imp0004776,A,0,2024-01-05 14:00:00
u0851,imp0004777,A,0,2024-01-06 06:00:00
u0851,imp0004778,A,0,2024-01-05 07:00:00
u0851,imp0004779,A,0,2024-01-07 02:00:00
u0851,imp0004780,A,0,2024-01-07 10:00:00
u0851,imp0004781,A,0,2024-01-01 00:00:00
u0851,imp0004782,A,0,2024-01-02 08:00:00
u0851,imp0004783,A,0,2024-01-02 15:00:00
u0851,imp0004784,A,0,2024-01-02 07:00:00
u0852,imp0004785,A,0,2024-01-01 16:00:00
u0852,imp0004786,A,0,2024-01-06 05:00:00
u0852,imp0004787,A,0,2024-01-01 07:00:00
u0852,imp0004788,A,0,2024-01-03 08:00:00
u0852,imp0004789,A,0,2024-01-02 17:00:00
u0852,imp0004790,A,0,2024-01-05 01:00:00
u0852,imp0004791,A,0,2024-01-06 16:00:00
u0853,imp0004792,A,0,2024-01-03 05:00:00
u0853,imp0004793,A,0,2024-01-04 11:00:00
u0853,imp0004794,A,0,2024-01-02 00:00:00
u0853,imp0004795,A,0,2024-01-03 18:00:00
u0853,imp0004796,A,0,2024-01-07 07:00:00
u0854,imp0004797,A,0,2024-01-02 21:00:00
u0854,imp0004798,A,0,2024-01-01 21:00:00
u0854,imp0004799,A,0,2024-01-06 18:00:00
u0854,imp0004800,A,0,2024-01-01 07:00:00
u0855,imp0004801,A,0,2024-01-07 18:00:00
u0855,imp0004802,A,0,2024-01-03 00:00:00
u0855,imp0004803,A,0,2024-01-02 21:00:00
u0855,imp0004804,A,0,2024-01-02 13:00:00
u0855,imp0004805,A,0,2024-01-06 15:00:00
u0856,imp0004806,A,0,2024-01-07 20:00:00
u0856,imp0004807,A,0,2024-01-04 19:00:00
u0856,imp0004808,A,0,2024-01-02 15:00:00
u0856,imp0004809,A,0,2024-01-02 09:00:00
u0856,imp0004810,A,0,2024-01-04 23:00:00
u0856,imp0004811,A,0,2024-01-04 06:00:00
u0856,imp0004812,A,0,2024-01-06 06:00:00
u0856,imp0004813,A,0,2024-01-01 16:00:00
u0857,imp0004814,A,0,2024-01-05 13:00:00
u0857,imp0004815,A,0,2024-01-03 03:00:00
u0857,imp0004816,A,0,2024-01-05 21:00:00
u0858,imp0004817,A,0,2024-01-01 08:00:00
u0858,imp0004818,A,0,2024-01-02 08:00:00
u0858,imp0004819,A,0,2024-01-05 16:00:00
u0858,imp0004820,A,0,2024-01-07 04:00:00
u0858,imp0004821,A,0,2024-01-04 12:00:00
u0858,imp0004822,A,0,2024-01-01 09:00:00
u0858,imp0004823,A,0,2024-01-01 05:00:00
u0859,imp0004824,A,0,2024-01-06 00:00:00
u0859,imp0004825,A,0,2024-01-06 20:00:00
u0859,imp0004826,A,0,2024-01-03 16:00:00
u0859,imp0004827,A,0,2024-01-01 19:00:00
u0859,imp0004828,A,0,2024-01-03 08:00:00
u0860,imp0004829,A,0,2024-01-06 15:00:00
u0860,imp0004830,A,0,2024-01-01 09:00:00
u0860,imp0004831,A,0,2024-01-05 16:00:00
u0860,imp0004832,A,0,2024-01-06 18:00:00
u0860,imp0004833,A,0,2024-01-01 11:00:00
u0860,imp0004834,A,0,2024-01-06 17:00:00
u0860,imp0004835,A,0,2024-01-07 08:00:00
u0860,imp0004836,A,0,2024-01-01 10:00:00
u0861,imp0004837,A,0,2024-01-05 21:00:00
u0861,imp0004838,A,0,2024-01-07 19:00:00
u0861,imp0004839,A,0,2024-01-02 14:00:00
u0861,imp0004840,A,0,2024-01-03 04:00:00
u0861,imp0004841,A,0,2024-01-03 07:00:00
u0861,imp0004842,A,0,2024-01-05 07:00:00
u0861,imp0004843,A,0,2024-01-06 08:00:00
u0861,imp0004844,A,0,2024-01-03 07:00:00
u0862,imp0004845,A,0,2024-01-06 11:00:00
u0862,imp0004846,A,0,2024-01-02 05:00:00
u0862,imp0004847,A,0,2024-01-01 11:00:00
u0862,imp0004848,A,0,2024-01-02 10:00:00
u0862,imp0004849,A,0,2024-01-04 04:00:00
u0862,imp0004850,A,0,2024-01-07 14:00:00
u0862,imp0004851,A,0,2024-01-05 05:00:00
u0862,imp0004852,A,0,2024-01-04 14:00:00
u0863,imp0004853,A,0,2024-01-03 03:00:00
u0863,imp0004854,A,0,2024-01-04 07:00:00
u0863,imp0004855,A,0,2024-01-06 14:00:00
u0863,imp0004856,A,0,2024-01-01 21:00:00
u0863,imp0004857,A,0,2024-01-04 02:00:00
u0863,imp0004858,A,0,2024-01-03 09:00:00
u0864,imp0004859,A,0,2024-01-05 06:00:00
u0864,imp0004860,A,0,2024-01-06 19:00:00
u0864,imp0004861,A,0,2024-01-01 06:00:00
u0864,imp0004862,A,0,2024-01-06 07:00:00
u0864,imp0004863,A,0,2024-01-03 06:00:00
u0864,imp0004864,A,0,2024-01-05 09:00:00
u0864,imp0004865,A,0,2024-01-03 13:00:00
u0865,imp0004866,A,0,2024-01-05 01:00:00
u0865,imp0004867,A,0,2024-01-04 04:00:00
u0865,imp0004868,A,0,2024-01-05 22:00:00
u0865,imp0004869,A,0,2024-01-02 11:00:00
u0866,imp0004870,A,0,2024-01-07 07:00:00
u0866,imp0004871,A,0,2024-01-07 00:00:00
u0866,imp0004872,A,0,2024-01-06 09:00:00
u0867,imp0004873,A,0,2024-01-07 14:00:00
u0867,imp0004874,A,0,2024-01-04 20:00:00
u0867,imp0004875,A,0,2024-01-05 17:00:00
u0867,imp0004876,A,0,2024-01-02 03:00:00
u0867,imp0004877,A,0,2024-01-07 10:00:00
u0867,imp0004878,A,0,2024-01-06 22:00:00
u0867,imp0004879,A,0,2024-01-02 08:00:00
u0868,imp0004880,A,0,2024-01-06 19:00:00
u0868,imp0004881,A,0,2024-01-05 04:00:00
u0868,imp0004882,A,0,2024-01-01 22:00:00
u0868,imp0004883,A,0,2024-01-05 15:00:00
u0868,imp0004884,A,0,2024-01-01 13:00:00
u0868,imp0004885,A,0,2024-01-04 18:00:00
u0869,imp0004886,A,0,2024-01-04 04:00:00
u0869,imp0004887,A,0,2024-01-04 12:00:00
u0869,imp0004888,A,0,2024-01-05 12:00:00
u0870,imp0004889,A,0,2024-01-05 10:00:00
u0870,imp0004890,A,1,2024-01-03 05:00:00
u0870,imp0004891,A,0,2024-01-06 12:00:00
u0870,imp0004892,A,0,2024-01-06 20:00:00
u0870,imp0004893,A,0,2024-01-07 11:00:00
u0870,imp0004894,A,0,2024-01-02 18:00:00
u0870,imp0004895,A,0,2024-01-04 16:00:00
u0871,imp0004896,A,0,2024-01-05 02:00:00
u0871,imp0004897,A,0,2024-01-02 22:00:00
u0871,imp0004898,A,0,2024-01-03 22:00:00
u0871,imp0004899,A,0,2024-01-07 21:00:00
u0871,imp0004900,A,0,2024-01-03 18:00:00
u0872,imp0004901,A,0,2024-01-05 12:00:00
u0872,imp0004902,A,0,2024-01-07 22:00:00
u0872,imp0004903,A,0,2024-01-02 12:00:00
u0872,imp0004904,A,0,2024-01-05 22:00:00
u0872,imp0004905,A,0,2024-01-04 13:00:00
u0872,imp0004906,A,0,2024-01-06 05:00:00
u0872,imp0004907,A,0,2024-01-06 15:00:00
u0872,imp0004908,A,0,2024-01-03 03:00:00
u0873,imp0004909,A,0,2024-01-02 08:00:00
u0873,imp0004910,A,0,2024-01-04 08:00:00
u0873,imp0004911,A,0,2024-01-02 17:00:00
u0873,imp0004912,A,0,2024-01-05 15:00:00
u0873,imp0004913,A,0,2024-01-06 05:00:00
u0874,imp0004914,A,0,2024-01-06 15:00:00
u0874,imp0004915,A,0,2024-01-07 06:00:00
u0874,imp0004916,A,0,2024-01-05 09:00:00
u0874,imp0004917,A,0,2024-01-06 04:00:00
u0874,imp0004918,A,0,2024-01-05 16:00:00
u0875,imp0004919,A,0,2024-01-05 17:00:00
u0875,imp0004920,A,0,2024-01-01 19:00:00
u0875,imp0004921,A,0,2024-01-01 15:00:00
u0875,imp0004922,A,0,2024-01-07 00:00:00
u0875,imp0004923,A,0,2024-01-01 18:00:00
u0876,imp0004924,A,0,2024-01-02 13:00:00
u0876,imp0004925,A,0,2024-01-04 20:00:00
u0876,imp0004926,A,0,2024-01-05 08:00:00
u0876,imp0004927,A,0,2024-01-05 03:00:00
u0876,imp0004928,A,0,2024-01-04 17:00:00
u0876,imp0004929,A,0,2024-01-07 14:00:00
u0876,imp0004930,A,0,2024-01-02 19:00:00
u0876,imp0004931,A,0,2024-01-04 03:00:00
u0877,imp0004932,A,0,2024-01-04 06:00:00
u0877,imp0004933,A,0,2024-01-04 00:00:00
u0877,imp0004934,A,0,2024-01-07 22:00:00
u0878,imp0004935,A,0,2024-01-06 19:00:00
u0878,imp0004936,A,0,2024-01-04 23:00:00
u0878,imp0004937,A,0,2024-01-04 16:00:00
u0878,imp0004938,A,0,2024-01-05 06:00:00
u0879,imp0004939,A,0,2024-01-01 05:00:00
u0879,imp0004940,A,0,2024-01-06 01:00:00
u0879,imp0004941,A,0,2024-01-05 19:00:00
u0879,imp0004942,A,0,2024-01-07 18:00:00
u0880,imp0004943,A,0,2024-01-03 13:00:00
u0880,imp0004944,A,0,2024-01-06 23:00:00
u0880,imp0004945,A,0,2024-01-06 15:00:00
u0880,imp0004946,A,0,2024-01-04 16:00:00
u0881,imp0004947,A,0,2024-01-04 17:00:00
u0881,imp0004948,A,0,2024-01-04 13:00:00
u0881,imp0004949,A,0,2024-01-07 14:00:00
u0881,imp0004950,A,0,2024-01-06 17:00:00
u0881,imp0004951,A,0,2024-01-06 00:00:00
u0881,imp0004952,A,0,2024-01-04 03:00:00
u0881,imp0004953,A,0,2024-01-04 19:00:00
u0881,imp0004954,A,0,2024-01-03 21:00:00
u0882,imp0004955,A,0,2024-01-07 03:00:00
u0882,imp0004956,A,0,2024-01-06 12:00:00
u0882,imp0004957,A,0,2024-01-01 22:00:00
u0882,imp0004958,A,0,2024-01-06 16:00:00
u0882,imp0004959,A,0,2024-01-03 09:00:00
u0883,imp0004960,A,0,2024-01-02 21:00:00
u0883,imp0004961,A,0,2024-01-01 21:00:00
u0883,imp0004962,A,0,2024-01-01 07:00:00
u0883,imp0004963,A,0,2024-01-06 02:00:00
u0883,imp0004964,A,0,2024-01-01 19:00:00
u0884,imp0004965,A,0,2024-01-04 05:00:00
u0884,imp0004966,A,0,2024-01-02 14:00:00
u0884,imp0004967,A,0,2024-01-02 12:00:00
u0884,imp0004968,A,0,2024-01-07 17:00:00
u0884,imp0004969,A,0,2024-01-04 02:00:00
u0885,imp0004970,A,0,2024-01-05 07:00:00
u0885,imp0004971,A,0,2024-01-07 16:00:00
u0885,imp0004972,A,0,2024-01-02 06:00:00
u0885,imp0004973,A,0,2024-01-06 02:00:00
u0885,imp0004974,A,0,2024-01-03 05:00:00
u0885,imp0004975,A,0,2024-01-02 09:00:00
u0885,imp0004976,A,0,2024-01-06 01:00:00
u0885,imp0004977,A,0,2024-01-05 16:00:00
u0886,imp0004978,A,0,2024-01-03 13:00:00
u0886,imp0004979,A,0,2024-01-01 22:00:00
u0886,imp0004980,A,0,2024-01-02 21:00:00
u0886,imp0004981,A,0,2024-01-03 07:00:00
u0886,imp0004982,A,0,2024-01-06 14:00:00
u0886,imp0004983,A,0,2024-01-05 21:00:00
u0886,imp0004984,A,0,2024-01-06 10:00:00
u0886,imp0004985,A,0,2024-01-07 21:00:00
u0887,imp0004986,A,0,2024-01-07 17:00:00
u0887,imp0004987,A,0,2024-01-05 16:00:00
u0887,imp0004988,A,0,2024-01-02 19:00:00
u0887,imp0004989,A,0,2024-01-06 07:00:00
u0887,imp0004990,A,0,2024-01-05 11:00:00
u0887,imp0004991,A,0,2024-01-07 13:00:00
u0888,imp0004992,A,0,2024-01-03 10:00:00
u0888,imp0004993,A,0,2024-01-06 17:00:00
u0888,imp0004994,A,0,2024-01-05 02:00:00
u0889,imp0004995,A,0,2024-01-07 01:00:00
u0889,imp0004996,A,0,2024-01-02 20:00:00
u0889,imp0004997,A,0,2024-01-05 11:00:00
u0889,imp0004998,A,0,2024-01-03 13:00:00
u0889,imp0004999,A,0,2024-01-03 10:00:00
u0889,imp0005000,A,0,2024-01-07 15:00:00
u0890,imp0005001,A,0,2024-01-01 10:00:00
u0890,imp0005002,A,0,2024-01-05 05:00:00
u0890,imp0005003,A,0,2024-01-03 21:00:00
u0890,imp0005004,A,0,2024-01-06 02:00:00
u0891,imp0005005,A,0,2024-01-02 09:00:00
u0891,imp0005006,A,0,2024-01-05 04:00:00
u0891,imp0005007,A,0,2024-01-07 00:00:00
u0892,imp0005008,A,0,2024-01-02 15:00:00
u0892,imp0005009,A,0,2024-01-01 18:00:00
u0892,imp0005010,A,0,2024-01-03 18:00:00
u0892,imp0005011,A,0,2024-01-04 09:00:00
u0892,imp0005012,A,0,2024-01-03 15:00:00
u0892,imp0005013,A,0,2024-01-04 10:00:00
u0892,imp0005014,A,0,2024-01-02 22:00:00
u0892,imp0005015,A,0,2024-01-01 05:00:00
u0893,imp0005016,A,0,2024-01-02 14:00:00
u0893,imp0005017,A,0,2024-01-05 16:00:00
u0893,imp0005018,A,0,2024-01-06 19:00:00
u0893,imp0005019,A,0,2024-01-06 17:00:00
u0894,imp0005020,A,0,2024-01-03 06:00:00
u0894,imp0005021,A,0,2024-01-06 08:00:00
u0894,imp0005022,A,0,2024-01-03 00:00:00
u0894,imp0005023,A,0,2024-01-07 19:00:00
u0894,imp0005024,A,0,2024-01-01 20:00:00
u0894,imp0005025,A,0,2024-01-02 12:00:00
u0894,imp0005026,A,0,2024-01-05 19:00:00
u0894,imp0005027,A,0,2024-01-01 23:00:00
u0895,imp0005028,A,0,2024-01-06 14:00:00
u0895,imp0005029,A,0,2024-01-06 06:00:00
u0895,imp0005030,A,0,2024-01-04 20:00:00
u0896,imp0005031,A,0,2024-01-03 22:00:00
u0896,imp0005032,A,0,2024-01-06 01:00:00
u0896,imp0005033,A,0,2024-01-01 23:00:00
u0896,imp0005034,A,0,2024-01-01 10:00:00
u0896,imp0005035,A,0,2024-01-04 00:00:00
u0896,imp0005036,A,0,2024-01-01 11:00:00
u0896,imp0005037,A,0,2024-01-02 10:00:00
u0896,imp0005038,A,0,2024-01-06 20:00:00
u0897,imp0005039,A,0,2024-01-07 22:00:00
u0897,imp0005040,A,0,2024-01-04 15:00:00
u0897,imp0005041,A,0,2024-01-04 07:00:00
u0897,imp0005042,A,0,2024-01-05 00:00:00
u0897,imp0005043,A,0,2024-01-06 19:00:00
u0898,imp0005044,A,0,2024-01-04 02:00:00
u0898,imp0005045,A,0,2024-01-07 14:00:00
u0898,imp0005046,A,0,2024-01-06 07:00:00
u0898,imp0005047,A,0,2024-01-06 20:00:00
u0899,imp0005048,A,0,2024-01-05 06:00:00
u0899,imp0005049,A,0,2024-01-01 14:00:00
u0899,imp0005050,A,0,2024-01-03 08:00:00
u0899,imp0005051,A,0,2024-01-04 02:00:00
u0900,imp0005052,A,0,2024-01-05 06:00:00
u0900,imp0005053,A,0,2024-01-04 02:00:00
u0900,imp0005054,A,0,2024-01-02 04:00:00
u0900,imp0005055,A,0,2024-01-01 15:00:00
u0901,imp0005056,A,0,2024-01-02 12:00:00
u0901,imp0005057,A,0,2024-01-04 08:00:00
u0901,imp0005058,A,0,2024-01-07 04:00:00
u0901,imp0005059,A,0,2024-01-06 03:00:00
u0901,imp0005060,A,0,2024-01-01 18:00:00
u0901,imp0005061,A,0,2024-01-05 05:00:00
u0901,imp0005062,A,0,2024-01-06 15:00:00
u0902,imp0005063,A,0,2024-01-02 16:00:00
u0902,imp0005064,A,0,2024-01-03 12:00:00
u0902,imp0005065,A,0,2024-01-02 01:00:00
u0902,imp0005066,A,0,2024-01-03 22:00:00
u0902,imp0005067,A,0,2024-01-05 06:00:00
u0902,imp0005068,A,0,2024-01-03 21:00:00
u0902,imp0005069,A,0,2024-01-05 10:00:00
u0903,imp0005070,A,0,2024-01-05 10:00:00
u0903,imp0005071,A,0,2024-01-05 06:00:00
u0903,imp0005072,A,0,2024-01-01 18:00:00
u0903,imp0005073,A,0,2024-01-03 19:00:00
u0903,imp0005074,A,0,2024-01-03 21:00:00
u0903,imp0005075,A,0,2024-01-05 16:00:00
u0903,imp0005076,A,0,2024-01-03 08:00:00
u0904,imp0005077,A,0,2024-01-03 12:00:00
u0904,imp0005078,A,0,2024-01-04 19:00:00
u0904,imp0005079,A,0,2024-01-02 05:00:00
u0904,imp0005080,A,0,2024-01-07 08:00:00
u0904,imp0005081,A,0,2024-01-06 06:00:00
u0904,imp0005082,A,0,2024-01-05 18:00:00
u0904,imp0005083,A,0,2024-01-01 05:00:00
u0905,imp0005084,A,0,2024-01-01 09:00:00
u0905,imp0005085,A,0,2024-01-04 19:00:00
u0905,imp0005086,A,0,2024-01-06 18:00:00
u0905,imp0005087,A,0,2024-01-04 04:00:00
u0906,imp0005088,A,0,2024-01-04 11:00:00
u0906,imp0005089,A,0,2024-01-03 03:00:00
u0906,imp0005090,A,0,2024-01-02 06:00:00
u0906,imp0005091,A,0,2024-01-07 00:00:00
u0906,imp0005092,A,0,2024-01-05 13:00:00
u0906,imp0005093,A,0,2024-01-04 20:00:00
u0906,imp0005094,A,0,2024-01-07 19:00:00
u0907,imp0005095,A,0,2024-01-07 09:00:00
u0907,imp0005096,A,0,2024-01-03 04:00:00
u0907,imp0005097,A,0,2024-01-07 00:00:00
u0907,imp0005098,A,0,2024-01-04 13:00:00
u0907,imp0005099,A,0,2024-01-07 08:00:00
u0907,imp0005100,A,0,2024-01-01 01:00:00
u0907,imp0005101,A,0,2024-01-04 13:00:00
u0908,imp0005102,A,0,2024-01-01 03:00:00
u0908,imp0005103,A,0,2024-01-07 19:00:00
u0908,imp0005104,A,0,2024-01-01 05:00:00
u0908,imp0005105,A,0,2024-01-07 04:00:00
u0908,imp0005106,A,0,2024-01-05 21:00:00
u0908,imp0005107,A,0,2024-01-04 16:00:00
u0908,imp0005108,A,0,2024-01-07 09:00:00
u0909,imp0005109,A,0,2024-01-07 16:00:00
u0909,imp0005110,A,0,2024-01-01 13:00:00
u0909,imp0005111,A,0,2024-01-03 07:00:00
u0909,imp0005112,A,0,2024-01-04 08:00:00
u0909,imp0005113,A,0,2024-01-07 04:00:00
u0909,imp0005114,A,0,2024-01-02 21:00:00
u0910,imp0005115,A,0,2024-01-01 15:00:00
u0910,imp0005116,A,0,2024-01-05 23:00:00
u0910,imp0005117,A,0,2024-01-04 11:00:00
u0910,imp0005118,A,0,2024-01-07 12:00:00
u0910,imp0005119,A,0,2024-01-01 07:00:00
u0910,imp0005120,A,0,2024-01-04 15:00:00
u0910,imp0005121,A,0,2024-01-06 10:00:00
u0910,imp0005122,A,0,2024-01-01 18:00:00
u0911,imp0005123,A,0,2024-01-03 17:00:00
u0911,imp0005124,A,0,2024-01-04 06:00:00
u0911,imp0005125,A,0,2024-01-04 13:00:00
u0912,imp0005126,A,0,2024-01-07 05:00:00
u0912,imp0005127,A,0,2024-01-02 21:00:00
u0912,imp0005128,A,0,2024-01-05 16:00:00
u0912,imp0005129,A,0,2024-01-04 18:00:00
u0912,imp0005130,A,0,2024-01-06 20:00:00
u0912,imp0005131,A,0,2024-01-02 08:00:00
u0913,imp0005132,A,0,2024-01-04 04:00:00
u0913,imp0005133,A,0,2024-01-07 10:00:00
u0913,imp0005134,A,0,2024-01-06 00:00:00
u0913,imp0005135,A,0,2024-01-06 07:00:00
u0913,imp0005136,A,0,2024-01-04 05:00:00
u0913,imp0005137,A,0,2024-01-07 07:00:00
u0913,imp0005138,A,0,2024-01-03 18:00:00
u0914,imp0005139,A,0,2024-01-03 14:00:00
u0914,imp0005140,A,0,2024-01-05 16:00:00
u0914,imp0005141,A,0,2024-01-04 21:00:00
u0914,imp0005142,A,0,2024-01-02 23:00:00
u0914,imp0005143,A,0,2024-01-01 11:00:00
u0915,imp0005144,A,0,2024-01-07 00:00:00
u0915,imp0005145,A,0,2024-01-02 15:00:00
u0915,imp0005146,A,0,2024-01-04 12:00:00
u0915,imp0005147,A,0,2024-01-03 08:00:00
u0915,imp0005148,A,0,2024-01-04 14:00:00
u0915,imp0005149,A,0,2024-01-04 11:00:00
u0916,imp0005150,A,0,2024-01-06 00:00:00
u0916,imp0005151,A,0,2024-01-04 01:00:00
u0916,imp0005152,A,0,2024-01-05 10:00:00
u0916,imp0005153,A,0,2024-01-06 03:00:00
u0916,imp0005154,A,0,2024-01-05 03:00:00
u0917,imp0005155,A,0,2024-01-02 18:00:00
u0917,imp0005156,A,0,2024-01-05 22:00:00
u0917,imp0005157,A,0,2024-01-01 22:00:00
u0917,imp0005158,A,0,2024-01-07 10:00:00
u0917,imp0005159,A,0,2024-01-02 12:00:00
u0917,imp0005160,A,0,2024-01-06 13:00:00
u0918,imp0005161,A,0,2024-01-01 21:00:00
u0918,imp0005162,A,1,2024-01-05 08:00:00
u0918,imp0005163,A,0,2024-01-04 15:00:00
u0919,imp0005164,A,0,2024-01-06 04:00:00
u0919,imp0005165,A,0,2024-01-04 06:00:00
u0919,imp0005166,A,0,2024-01-04 17:00:00
u0920,imp0005167,A,0,2024-01-05 05:00:00
u0920,imp0005168,A,0,2024-01-05 09:00:00
u0920,imp0005169,A,0,2024-01-03 11:00:00
u0920,imp0005170,A,0,2024-01-02 21:00:00
u0920,imp0005171,A,0,2024-01-02 11:00:00
u0921,imp0005172,A,0,2024-01-07 21:00:00
u0921,imp0005173,A,0,2024-01-01 10:00:00
u0921,imp0005174,A,0,2024-01-01 11:00:00
u0921,imp0005175,A,0,2024-01-02 14:00:00
u0922,imp0005176,A,0,2024-01-02 11:00:00
u0922,imp0005177,A,0,2024-01-03 03:00:00
u0922,imp0005178,A,0,2024-01-02 06:00:00
u0922,imp0005179,A,0,2024-01-02 08:00:00
u0922,imp0005180,A,0,2024-01-06 20:00:00
u0923,imp0005181,A,0,2024-01-03 09:00:00
u0923,imp0005182,A,0,2024-01-07 07:00:00
u0923,imp0005183,A,0,2024-01-06 07:00:00
u0923,imp0005184,A,0,2024-01-02 06:00:00
u0924,imp0005185,A,0,2024-01-01 09:00:00
u0924,imp0005186,A,0,2024-01-06 09:00:00
u0924,imp0005187,A,0,2024-01-01 14:00:00
u0924,imp0005188,A,0,2024-01-01 02:00:00
u0924,imp0005189,A,0,2024-01-02 18:00:00
u0924,imp0005190,A,0,2024-01-07 14:00:00
u0924,imp0005191,A,0,2024-01-03 18:00:00
u0925,imp0005192,A,0,2024-01-01 14:00:00
u0925,imp0005193,A,0,2024-01-05 12:00:00
u0925,imp0005194,A,0,2024-01-05 19:00:00
u0925,imp0005195,A,0,2024-01-04 19:00:00
u0925,imp0005196,A,0,2024-01-06 17:00:00
u0926,imp0005197,A,0,2024-01-02 22:00:00
u0926,imp0005198,A,0,2024-01-03 08:00:00
u0926,imp0005199,A,0,2024-01-03 01:00:00
u0926,imp0005200,A,0,2024-01-03 22:00:00
u0926,imp0005201,A,0,2024-01-06 22:00:00
u0926,imp0005202,A,0,2024-01-07 01:00:00
u0926,imp0005203,A,0,2024-01-04 09:00:00
u0926,imp0005204,A,0,2024-01-05 19:00:00
u0927,imp0005205,A,0,2024-01-04 15:00:00
u0927,imp0005206,A,0,2024-01-01 01:00:00
u0927,imp0005207,A,0,2024-01-05 07:00:00
u0928,imp0005208,A,0,2024-01-02 18:00:00
u0928,imp0005209,A,0,2024-01-07 09:00:00
u0928,imp0005210,A,0,2024-01-03 22:00:00
u0928,imp0005211,A,0,2024-01-07 21:00:00
u0928,imp0005212,A,0,2024-01-04 21:00:00
u0928,imp0005213,A,0,2024-01-02 17:00:00
u0929,imp0005214,A,0,2024-01-06 18:00:00
u0929,imp0005215,A,0,2024-01-03 16:00:00
u0929,imp0005216,A,0,2024-01-02 09:00:00
u0929,imp0005217,A,0,2024-01-05 23:00:00
u0929,imp0005218,A,0,2024-01-01 00:00:00
u0929,imp0005219,A,0,2024-01-06 09:00:00
u0929,imp0005220,A,0,2024-01-07 03:00:00
u0930,imp0005221,A,0,2024-01-07 04:00:00
u0930,imp0005222,A,0,2024-01-04 15:00:00
u0930,imp0005223,A,0,2024-01-03 19:00:00
u0930,imp0005224,A,0,2024-01-06 06:00:00
u0930,imp0005225,A,0,2024-01-06 19:00:00
u0930,imp0005226,A,0,2024-01-01 21:00:00
u0930,imp0005227,A,0,2024-01-07 03:00:00
u0931,imp0005228,A,0,2024-01-06 08:00:00
u0931,imp0005229,A,0,2024-01-02 05:00:00
u0931,imp0005230,A,0,2024-01-06 05:00:00
u0931,imp0005231,A,0,2024-01-05 00:00:00
u0932,imp0005232,A,0,2024-01-02 11:00:00
u0932,imp0005233,A,0,2024-01-01 23:00:00
u0932,imp0005234,A,0,2024-01-04 22:00:00
u0932,imp0005235,A,0,2024-01-03 06:00:00
u0932,imp0005236,A,0,2024-01-01 23:00:00
u0932,imp0005237,A,0,2024-01-07 07:00:00
u0932,imp0005238,A,0,2024-01-02 01:00:00
u0932,imp0005239,A,0,2024-01-04 07:00:00
u0933,imp0005240,A,0,2024-01-03 16:00:00
u0933,imp0005241,A,0,2024-01-04 02:00:00
u0933,imp0005242,A,0,2024-01-07 18:00:00
u0933,imp0005243,A,0,2024-01-02 18:00:00
u0933,imp0005244,A,0,2024-01-02 04:00:00
u0933,imp0005245,A,1,2024-01-07 20:00:00
u0933,imp0005246,A,0,2024-01-04 08:00:00
u0933,imp0005247,A,0,2024-01-03 05:00:00
u0934,imp0005248,A,0,2024-01-07 11:00:00
u0934,imp0005249,A,0,2024-01-02 04:00:00
u0934,imp0005250,A,0,2024-01-06 10:00:00
u0934,imp0005251,A,0,2024-01-06 17:00:00
u0935,imp0005252,A,0,2024-01-06 21:00:00
u0935,imp0005253,A,0,2024-01-02 17:00:00
u0935,imp0005254,A,0,2024-01-04 21:00:00
u0935,imp0005255,A,0,2024-01-07 15:00:00
u0935,imp0005256,A,0,2024-01-02 07:00:00
u0936,imp0005257,A,0,2024-01-07 15:00:00
u0936,imp0005258,A,0,2024-01-02 01:00:00
u0936,imp0005259,A,0,2024-01-05 18:00:00
u0936,imp0005260,A,0,2024-01-06 08:00:00
u0937,imp0005261,A,0,2024-01-06 01:00:00
u0937,imp0005262,A,0,2024-01-05 09:00:00
u0937,imp0005263,A,0,2024-01-06 09:00:00
u0937,imp0005264,A,0,2024-01-04 08:00:00
u0937,imp0005265,A,0,2024-01-07 13:00:00
u0937,imp0005266,A,0,2024-01-05 23:00:00
u0937,imp0005267,A,0,2024-01-03 03:00:00
u0938,imp0005268,A,1,2024-01-01 21:00:00
u0938,imp0005269,A,0,2024-01-02 09:00:00
u0938,imp0005270,A,0,2024-01-05 13:00:00
u0938,imp0005271,A,0,2024-01-03 00:00:00
u0938,imp0005272,A,0,2024-01-06 08:00:00
u0939,imp0005273,A,0,2024-01-04 11:00:00
u0939,imp0005274,A,0,2024-01-03 04:00:00
u0939,imp0005275,A,0,2024-01-05 03:00:00
u0940,imp0005276,A,0,2024-01-07 23:00:00
u0940,imp0005277,A,0,2024-01-02 20:00:00
u0940,imp0005278,A,0,2024-01-06 16:00:00
u0940,imp0005279,A,0,2024-01-05 08:00:00
u0940,imp0005280,A,0,2024-01-07 05:00:00
u0940,imp0005281,A,0,2024-01-07 01:00:00
u0941,imp0005282,A,0,2024-01-05 09:00:00
u0941,imp0005283,A,0,2024-01-02 18:00:00
u0941,imp0005284,A,0,2024-01-07 22:00:00
u0941,imp0005285,A,0,2024-01-06 13:00:00
u0941,imp0005286,A,0,2024-01-02 23:00:00
u0941,imp0005287,A,0,2024-01-06 05:00:00
u0942,imp0005288,A,0,2024-01-01 15:00:00
u0942,imp0005289,A,0,2024-01-06 08:00:00
u0942,imp0005290,A,0,2024-01-05 18:00:00
u0942,imp0005291,A,0,2024-01-02 12:00:00
u0942,imp0005292,A,0,2024-01-07 20:00:00
u0942,imp0005293,A,0,2024-01-06 04:00:00
u0942,imp0005294,A,0,2024-01-04 08:00:00
u0943,imp0005295,A,0,2024-01-03 13:00:00
u0943,imp0005296,A,0,2024-01-03 23:00:00
u0943,imp0005297,A,0,2024-01-06 04:00:00
u0943,imp0005298,A,0,2024-01-07 16:00:00
u0944,imp0005299,A,0,2024-01-02 05:00:00
u0944,imp0005300,A,0,2024-01-01 19:00:00
u0944,imp0005301,A,0,2024-01-04 09:00:00
u0944,imp0005302,A,0,2024-01-05 10:00:00
u0945,imp0005303,A,0,2024-01-07 07:00:00
u0945,imp0005304,A,0,2024-01-06 11:00:00
u0945,imp0005305,A,0,2024-01-02 12:00:00
u0946,imp0005306,A,0,2024-01-04 04:00:00
u0946,imp0005307,A,0,2024-01-04 16:00:00
u0946,imp0005308,A,0,2024-01-07 01:00:00
u0946,imp0005309,A,0,2024-01-04 15:00:00
u0946,imp0005310,A,0,2024-01-02 08:00:00
u0946,imp0005311,A,0,2024-01-03 09:00:00
u0947,imp0005312,A,0,2024-01-02 03:00:00
u0947,imp0005313,A,0,2024-01-02 10:00:00
u0947,imp0005314,A,0,2024-01-06 04:00:00
u0947,imp0005315,A,0,2024-01-06 17:00:00
u0947,imp0005316,A,0,2024-01-03 16:00:00
u0948,imp0005317,A,1,2024-01-06 16:00:00
u0948,imp0005318,A,0,2024-01-05 14:00:00
u0948,imp0005319,A,0,2024-01-01 14:00:00
u0948,imp0005320,A,0,2024-01-03 20:00:00
u0949,imp0005321,A,0,2024-01-07 05:00:00
u0949,imp0005322,A,0,2024-01-03 15:00:00
u0949,imp0005323,A,0,2024-01-02 16:00:00
u0950,imp0005324,A,0,2024-01-02 00:00:00
u0950,imp0005325,A,0,2024-01-05 08:00:00
u0950,imp0005326,A,0,2024-01-06 13:00:00
u0950,imp0005327,A,0,2024-01-05 22:00:00
u0950,imp0005328,A,0,2024-01-07 17:00:00
u0950,imp0005329,A,0,2024-01-01 08:00:00
u0951,imp0005330,A,0,2024-01-06 04:00:00
u0951,imp0005331,A,0,2024-01-03 00:00:00
u0951,imp0005332,A,0,2024-01-03 02:00:00
u0951,imp0005333,A,0,2024-01-03 21:00:00
u0951,imp0005334,A,0,2024-01-02 12:00:00
u0951,imp0005335,A,0,2024-01-02 06:00:00
u0952,imp0005336,A,0,2024-01-03 13:00:00
u0952,imp0005337,A,0,2024-01-04 20:00:00
u0952,imp0005338,A,0,2024-01-01 13:00:00
u0952,imp0005339,A,0,2024-01-07 19:00:00
u0953,imp0005340,A,0,2024-01-04 06:00:00
u0953,imp0005341,A,0,2024-01-01 07:00:00
u0953,imp0005342,A,0,2024-01-07 09:00:00
u0953,imp0005343,A,0,2024-01-02 11:00:00
u0953,imp0005344,A,0,2024-01-02 23:00:00
u0953,imp0005345,A,0,2024-01-04 12:00:00
u0954,imp0005346,A,0,2024-01-03 02:00:00
u0954,imp0005347,A,0,2024-01-05 07:00:00
u0954,imp0005348,A,0,2024-01-05 04:00:00
u0954,imp0005349,A,1,2024-01-02 04:00:00
u0954,imp0005350,A,0,2024-01-06 06:00:00
u0954,imp0005351,A,0,2024-01-04 09:00:00
u0955,imp0005352,A,0,2024-01-05 09:00:00
u0955,imp0005353,A,0,2024-01-07 22:00:00
u0955,imp0005354,A,0,2024-01-01 00:00:00
u0955,imp0005355,A,0,2024-01-02 14:00:00
u0956,imp0005356,A,0,2024-01-03 16:00:00
u0956,imp0005357,A,0,2024-01-01 14:00:00
u0956,imp0005358,A,0,2024-01-06 11:00:00
u0956,imp0005359,A,0,2024-01-03 12:00:00
u0956,imp0005360,A,0,2024-01-07 03:00:00
u0956,imp0005361,A,0,2024-01-06 17:00:00
u0956,imp0005362,A,0,2024-01-04 14:00:00
u0957,imp0005363,A,0,2024-01-02 09:00:00
u0957,imp0005364,A,0,2024-01-06 03:00:00
u0957,imp0005365,A,0,2024-01-05 13:00:00
u0958,imp0005366,A,0,2024-01-05 01:00:00
u0958,imp0005367,A,0,2024-01-03 12:00:00
u0958,imp0005368,A,0,2024-01-01 09:00:00
u0959,imp0005369,A,0,2024-01-04 11:00:00
u0959,imp0005370,A,0,2024-01-03 16:00:00
u0959,imp0005371,A,0,2024-01-04 04:00:00
u0959,imp0005372,A,0,2024-01-01 00:00:00
u0959,imp0005373,A,0,2024-01-06 12:00:00
u0959,imp0005374,A,0,2024-01-04 07:00:00
u0959,imp0005375,A,0,2024-01-01 14:00:00
u0959,imp0005376,A,0,2024-01-02 03:00:00
u0960,imp0005377,A,0,2024-01-05 10:00:00
u0960,imp0005378,A,0,2024-01-07 00:00:00
u0960,imp0005379,A,0,2024-01-05 16:00:00
u0960,imp0005380,A,0,2024-01-05 01:00:00
u0960,imp0005381,A,0,2024-01-06 20:00:00
u0960,imp0005382,A,0,2024-01-06 21:00:00
u0960,imp0005383,A,0,2024-01-06 18:00:00
u0961,imp0005384,A,0,2024-01-02 17:00:00
u0961,imp0005385,A,0,2024-01-05 02:00:00
u0961,imp0005386,A,0,2024-01-03 12:00:00
u0961,imp0005387,A,0,2024-01-06 02:00:00
u0961,imp0005388,A,0,2024-01-03 15:00:00
u0961,imp0005389,A,0,2024-01-02 06:00:00
u0962,imp0005390,A,0,2024-01-01 09:00:00
u0962,imp0005391,A,0,2024-01-01 07:00:00
u0962,imp0005392,A,0,2024-01-07 04:00:00
u0963,imp0005393,A,0,2024-01-03 10:00:00
u0963,imp0005394,A,0,2024-01-02 05:00:00
u0963,imp0005395,A,0,2024-01-07 00:00:00
u0963,imp0005396,A,0,2024-01-01 19:00:00
u0963,imp0005397,A,0,2024-01-02 23:00:00
u0963,imp0005398,A,0,2024-01-06 09:00:00
u0963,imp0005399,A,0,2024-01-02 12:00:00
u0964,imp0005400,A,0,2024-01-06 11:00:00
u0964,imp0005401,A,0,2024-01-05 03:00:00
u0964,imp0005402,A,0,2024-01-03 05:00:00
u0965,imp0005403,A,0,2024-01-02 00:00:00
u0965,imp0005404,A,0,2024-01-06 10:00:00
u0965,imp0005405,A,0,2024-01-01 08:00:00
u0965,imp0005406,A,0,2024-01-02 09:00:00
u0966,imp0005407,A,0,2024-01-04 01:00:00
u0966,imp0005408,A,0,2024-01-04 21:00:00
u0966,imp0005409,A,0,2024-01-01 21:00:00
u0966,imp0005410,A,0,2024-01-03 21:00:00
u0966,imp0005411,A,0,2024-01-06 09:00:00
u0967,imp0005412,A,0,2024-01-02 07:00:00
u0967,imp0005413,A,0,2024-01-05 09:00:00
u0967,imp0005414,A,0,2024-01-06 23:00:00
u0967,imp0005415,A,0,2024-01-01 00:00:00
u0967,imp0005416,A,0,2024-01-03 23:00:00
u0967,imp0005417,A,0,2024-01-03 01:00:00
u0967,imp0005418,A,0,2024-01-06 20:00:00
u0967,imp0005419,A,0,2024-01-01 14:00:00
u0968,imp0005420,A,0,2024-01-01 07:00:00
u0968,imp0005421,A,0,2024-01-04 01:00:00
u0968,imp0005422,A,0,2024-01-02 21:00:00
u0968,imp0005423,A,0,2024-01-03 20:00:00
u0968,imp0005424,A,0,2024-01-05 17:00:00
u0968,imp0005425,A,0,2024-01-07 02:00:00
u0968,imp0005426,A,0,2024-01-07 21:00:00
u0969,imp0005427,A,0,2024-01-06 18:00:00
u0969,imp0005428,A,0,2024-01-05 20:00:00
u0969,imp0005429,A,0,2024-01-02 18:00:00
u0969,imp0005430,A,0,2024-01-01 19:00:00
u0969,imp0005431,A,0,2024-01-07 03:00:00
u0970,imp0005432,A,0,2024-01-04 09:00:00
u0970,imp0005433,A,0,2024-01-03 08:00:00
u0970,imp0005434,A,0,2024-01-04 01:00:00
u0970,imp0005435,A,0,2024-01-05 01:00:00
u0970,imp0005436,A,0,2024-01-07 09:00:00
u0970,imp0005437,A,0,2024-01-07 13:00:00
u0970,imp0005438,A,0,2024-01-05 13:00:00
u0971,imp0005439,A,0,2024-01-07 14:00:00
u0971,imp0005440,A,0,2024-01-02 17:00:00
u0971,imp0005441,A,0,2024-01-03 19:00:00
u0971,imp0005442,A,0,2024-01-03 21:00:00
u0971,imp0005443,A,0,2024-01-04 05:00:00
u0972,imp0005444,A,0,2024-01-05 14:00:00
u0972,imp0005445,A,1,2024-01-05 15:00:00
u0972,imp0005446,A,0,2024-01-05 06:00:00
u0972,imp0005447,A,0,2024-01-07 00:00:00
u0972,imp0005448,A,0,2024-01-01 18:00:00
u0972,imp0005449,A,0,2024-01-03 21:00:00
u0973,imp0005450,A,0,2024-01-04 02:00:00
u0973,imp0005451,A,0,2024-01-07 13:00:00
u0973,imp0005452,A,0,2024-01-07 08:00:00
u0973,imp0005453,A,0,2024-01-05 07:00:00
u0973,imp0005454,A,0,2024-01-04 02:00:00
u0973,imp0005455,A,0,2024-01-06 07:00:00
u0973,imp0005456,A,0,2024-01-07 09:00:00
u0974,imp0005457,A,0,2024-01-04 16:00:00
u0974,imp0005458,A,0,2024-01-01 18:00:00
u0974,imp0005459,A,0,2024-01-07 14:00:00
u0974,imp0005460,A,0,2024-01-02 01:00:00
u0974,imp0005461,A,0,2024-01-01 22:00:00
u0974,imp0005462,A,0,2024-01-02 22:00:00
u0974,imp0005463,A,0,2024-01-01 12:00:00
u0974,imp0005464,A,0,2024-01-03 17:00:00
u0975,imp0005465,A,0,2024-01-06 23:00:00
u0975,imp0005466,A,0,2024-01-04 00:00:00
u0975,imp0005467,A,0,2024-01-07 11:00:00
u0975,imp0005468,A,0,2024-01-04 04:00:00
u0976,imp0005469,A,0,2024-01-02 06:00:00
u0976,imp0005470,A,0,2024-01-04 12:00:00
u0976,imp0005471,A,0,2024-01-07 15:00:00
u0976,imp0005472,A,0,2024-01-03 10:00:00
u0976,imp0005473,A,0,2024-01-02 16:00:00
u0977,imp0005474,A,0,2024-01-04 23:00:00
u0977,imp0005475,A,0,2024-01-07 23:00:00
u0977,imp0005476,A,0,2024-01-06 01:00:00
u0977,imp0005477,A,0,2024-01-07 11:00:00
u0978,imp0005478,A,0,2024-01-05 08:00:00
u0978,imp0005479,A,0,2024-01-04 01:00:00
u0978,imp0005480,A,0,2024-01-06 11:00:00
u0978,imp0005481,A,0,2024-01-05 02:00:00
u0978,imp0005482,A,0,2024-01-06 05:00:00
u0978,imp0005483,A,0,2024-01-06 17:00:00
u0978,imp0005484,A,0,2024-01-04 02:00:00
u0979,imp0005485,A,0,2024-01-02 13:00:00
u0979,imp0005486,A,0,2024-01-06 19:00:00
u0979,imp0005487,A,0,2024-01-02 20:00:00
u0979,imp0005488,A,0,2024-01-07 00:00:00
u0979,imp0005489,A,0,2024-01-07 18:00:00
u0979,imp0005490,A,0,2024-01-04 02:00:00
u0979,imp0005491,A,0,2024-01-02 04:00:00
u0979,imp0005492,A,0,2024-01-01 17:00:00
u0980,imp0005493,A,0,2024-01-01 13:00:00
u0980,imp0005494,A,0,2024-01-07 17:00:00
u0980,imp0005495,A,0,2024-01-03 05:00:00
u0980,imp0005496,A,0,2024-01-02 06:00:00
u0980,imp0005497,A,0,2024-01-03 09:00:00
u0980,imp0005498,A,0,2024-01-05 07:00:00
u0981,imp0005499,A,0,2024-01-06 07:00:00
u0981,imp0005500,A,0,2024-01-07 13:00:00
u0981,imp0005501,A,0,2024-01-02 00:00:00
u0981,imp0005502,A,0,2024-01-01 18:00:00
u0982,imp0005503,A,0,2024-01-06 15:00:00
u0982,imp0005504,A,0,2024-01-01 02:00:00
u0982,imp0005505,A,0,2024-01-04 13:00:00
u0982,imp0005506,A,0,2024-01-07 00:00:00
u0982,imp0005507,A,0,2024-01-06 21:00:00
u0982,imp0005508,A,0,2024-01-01 08:00:00
u0983,imp0005509,A,0,2024-01-04 21:00:00
u0983,imp0005510,A,0,2024-01-07 04:00:00
u0983,imp0005511,A,0,2024-01-07 20:00:00
u0983,imp0005512,A,0,2024-01-06 18:00:00
u0983,imp0005513,A,0,2024-01-01 19:00:00
u0983,imp0005514,A,0,2024-01-02 10:00:00
u0983,imp0005515,A,0,2024-01-03 04:00:00
u0983,imp0005516,A,0,2024-01-05 13:00:00
u0984,imp0005517,A,0,2024-01-06 15:00:00
u0984,imp0005518,A,0,2024-01-01 03:00:00
u0984,imp0005519,A,0,2024-01-07 10:00:00
u0984,imp0005520,A,0,2024-01-07 23:00:00
u0984,imp0005521,A,0,2024-01-05 05:00:00
u0985,imp0005522,A,0,2024-01-02 23:00:00
u0985,imp0005523,A,0,2024-01-04 18:00:00
u0985,imp0005524,A,0,2024-01-04 11:00:00
u0985,imp0005525,A,0,2024-01-03 19:00:00
u0985,imp0005526,A,0,2024-01-06 18:00:00
u0985,imp0005527,A,0,2024-01-06 04:00:00
u0985,imp0005528,A,0,2024-01-04 00:00:00
u0985,imp0005529,A,0,2024-01-01 03:00:00
u0986,imp0005530,A,0,2024-01-04 00:00:00
u0986,imp0005531,A,0,2024-01-04 04:00:00
u0986,imp0005532,A,0,2024-01-02 23:00:00
u0986,imp0005533,A,0,2024-01-07 09:00:00
u0986,imp0005534,A,0,2024-01-05 05:00:00
u0986,imp0005535,A,0,2024-01-05 09:00:00
u0987,imp0005536,A,0,2024-01-02 14:00:00
u0987,imp0005537,A,0,2024-01-03 09:00:00
u0987,imp0005538,A,0,2024-01-01 18:00:00
u0987,imp0005539,A,0,2024-01-04 15:00:00
u0987,imp0005540,A,0,2024-01-05 16:00:00
u0987,imp0005541,A,0,2024-01-04 04:00:00
u0987,imp0005542,A,0,2024-01-04 04:00:00
u0988,imp0005543,A,0,2024-01-02 03:00:00
u0988,imp0005544,A,0,2024-01-03 17:00:00
u0988,imp0005545,A,0,2024-01-01 09:00:00
u0988,imp0005546,A,0,2024-01-06 05:00:00
u0989,imp0005547,A,0,2024-01-03 09:00:00
u0989,imp0005548,A,0,2024-01-06 21:00:00
u0989,imp0005549,A,0,2024-01-06 04:00:00
u0989,imp0005550,A,0,2024-01-05 15:00:00
u0989,imp0005551,A,0,2024-01-04 11:00:00
u0989,imp0005552,A,0,2024-01-06 22:00:00
u0989,imp0005553,A,0,2024-01-04 23:00:00
u0989,imp0005554,A,0,2024-01-02 08:00:00
u0990,imp0005555,A,0,2024-01-07 07:00:00
u0990,imp0005556,A,0,2024-01-07 13:00:00
u0990,imp0005557,A,0,2024-01-06 20:00:00
u0991,imp0005558,A,0,2024-01-02 22:00:00
u0991,imp0005559,A,0,2024-01-05 15:00:00
u0991,imp0005560,A,0,2024-01-06 23:00:00
u0991,imp0005561,A,0,2024-01-02 18:00:00
u0991,imp0005562,A,0,2024-01-01 07:00:00
u0991,imp0005563,A,0,2024-01-01 02:00:00
u0991,imp0005564,A,0,2024-01-06 04:00:00
u0991,imp0005565,A,0,2024-01-01 11:00:00
u0992,imp0005566,A,0,2024-01-01 15:00:00
u0992,imp0005567,A,0,2024-01-04 05:00:00
u0992,imp0005568,A,0,2024-01-03 10:00:00
u0992,imp0005569,A,0,2024-01-03 14:00:00
u0992,imp0005570,A,0,2024-01-03 00:00:00
u0992,imp0005571,A,0,2024-01-03 02:00:00
u0993,imp0005572,A,0,2024-01-02 08:00:00
u0993,imp0005573,A,0,2024-01-02 05:00:00
u0993,imp0005574,A,0,2024-01-04 03:00:00
u0993,imp0005575,A,0,2024-01-01 14:00:00
u0993,imp0005576,A,0,2024-01-04 09:00:00
u0993,imp0005577,A,0,2024-01-04 19:00:00
u0993,imp0005578,A,0,2024-01-01 22:00:00
u0993,imp0005579,A,0,2024-01-04 21:00:00
u0994,imp0005580,A,0,2024-01-02 20:00:00
u0994,imp0005581,A,0,2024-01-03 13:00:00
u0994,imp0005582,A,0,2024-01-01 14:00:00
u0995,imp0005583,A,0,2024-01-02 21:00:00
u0995,imp0005584,A,0,2024-01-03 15:00:00
u0995,imp0005585,A,0,2024-01-04 02:00:00
u0995,imp0005586,A,0,2024-01-07 12:00:00
u0995,imp0005587,A,0,2024-01-03 03:00:00
u0995,imp0005588,A,0,2024-01-04 15:00:00
u0996,imp0005589,A,0,2024-01-04 10:00:00
u0996,imp0005590,A,0,2024-01-03 17:00:00
u0996,imp0005591,A,0,2024-01-07 05:00:00
u0997,imp0005592,A,1,2024-01-03 23:00:00
u0997,imp0005593,A,0,2024-01-02 00:00:00
u0997,imp0005594,A,0,2024-01-02 21:00:00
u0997,imp0005595,A,0,2024-01-04 00:00:00
u0997,imp0005596,A,0,2024-01-05 01:00:00
u0997,imp0005597,A,0,2024-01-03 08:00:00
u0998,imp0005598,A,0,2024-01-03 06:00:00
u0998,imp0005599,A,0,2024-01-03 12:00:00
u0998,imp0005600,A,0,2024-01-04 16:00:00
u0998,imp0005601,A,0,2024-01-01 07:00:00
u0998,imp0005602,A,0,2024-01-01 15:00:00
u0998,imp0005603,A,0,2024-01-05 19:00:00
u0998,imp0005604,A,0,2024-01-03 12:00:00
u0999,imp0005605,A,0,2024-01-06 10:00:00
u0999,imp0005606,A,1,2024-01-05 05:00:00
u0999,imp0005607,A,0,2024-01-03 05:00:00
u1000,imp0005608,A,0,2024-01-02 11:00:00
u1000,imp0005609,A,0,2024-01-05 08:00:00
u1000,imp0005610,A,0,2024-01-04 09:00:00
u1000,imp0005611,A,0,2024-01-03 18:00:00
u1000,imp0005612,A,0,2024-01-01 09:00:00
u1000,imp0005613,A,0,2024-01-03 00:00:00
u1000,imp0005614,A,0,2024-01-05 14:00:00
u1000,imp0005615,A,0,2024-01-03 16:00:00
u1001,imp0005616,B,0,2024-01-03 08:00:00
u1001,imp0005617,B,0,2024-01-02 02:00:00
u1001,imp0005618,B,0,2024-01-05 16:00:00
u1001,imp0005619,B,0,2024-01-06 12:00:00
u1001,imp0005620,B,0,2024-01-03 22:00:00
u1002,imp0005621,B,0,2024-01-03 08:00:00
u1002,imp0005622,B,0,2024-01-05 23:00:00
u1002,imp0005623,B,0,2024-01-04 20:00:00
u1002,imp0005624,B,0,2024-01-01 14:00:00
u1002,imp0005625,B,0,2024-01-05 14:00:00
u1003,imp0005626,B,0,2024-01-05 22:00:00
u1003,imp0005627,B,0,2024-01-04 03:00:00
u1003,imp0005628,B,0,2024-01-07 13:00:00
u1003,imp0005629,B,0,2024-01-01 19:00:00
u1003,imp0005630,B,0,2024-01-07 20:00:00
u1003,imp0005631,B,0,2024-01-06 10:00:00
u1003,imp0005632,B,0,2024-01-04 00:00:00
u1004,imp0005633,B,0,2024-01-02 16:00:00
u1004,imp0005634,B,0,2024-01-07 22:00:00
u1004,imp0005635,B,0,2024-01-07 09:00:00
u1004,imp0005636,B,0,2024-01-06 09:00:00
u1005,imp0005637,B,0,2024-01-06 23:00:00
u1005,imp0005638,B,0,2024-01-01 08:00:00
u1005,imp0005639,B,0,2024-01-01 12:00:00
u1005,imp0005640,B,0,2024-01-07 11:00:00
u1005,imp0005641,B,0,2024-01-07 10:00:00
u1006,imp0005642,B,0,2024-01-03 15:00:00
u1006,imp0005643,B,0,2024-01-03 03:00:00
u1006,imp0005644,B,0,2024-01-02 13:00:00
u1006,imp0005645,B,0,2024-01-05 03:00:00
u1006,imp0005646,B,0,2024-01-07 01:00:00
u1007,imp0005647,B,0,2024-01-06 16:00:00
u1007,imp0005648,B,0,2024-01-06 20:00:00
u1007,imp0005649,B,0,2024-01-07 23:00:00
u1007,imp0005650,B,0,2024-01-03 06:00:00
u1007,imp0005651,B,0,2024-01-05 12:00:00
u1008,imp0005652,B,0,2024-01-02 19:00:00
u1008,imp0005653,B,0,2024-01-05 13:00:00
u1008,imp0005654,B,0,2024-01-07 16:00:00
u1008,imp0005655,B,0,2024-01-07 07:00:00
u1008,imp0005656,B,0,2024-01-07 19:00:00
u1009,imp0005657,B,0,2024-01-06 07:00:00
u1009,imp0005658,B,0,2024-01-05 08:00:00
u1009,imp0005659,B,0,2024-01-01 09:00:00
u1009,imp0005660,B,0,2024-01-05 03:00:00
u1009,imp0005661,B,0,2024-01-07 03:00:00
u1010,imp0005662,B,0,2024-01-05 12:00:00
u1010,imp0005663,B,0,2024-01-05 11:00:00
u1010,imp0005664,B,0,2024-01-06 19:00:00
u1010,imp0005665,B,0,2024-01-07 01:00:00
u1010,imp0005666,B,0,2024-01-04 21:00:00
u1010,imp0005667,B,0,2024-01-03 14:00:00
u1010,imp0005668,B,0,2024-01-04 11:00:00
u1010,imp0005669,B,0,2024-01-02 00:00:00
u1011,imp0005670,B,0,2024-01-07 04:00:00
u1011,imp0005671,B,0,2024-01-02 00:00:00
u1011,imp0005672,B,0,2024-01-01 10:00:00
u1011,imp0005673,B,0,2024-01-03 15:00:00
u1011,imp0005674,B,0,2024-01-06 05:00:00
u1011,imp0005675,B,0,2024-01-03 01:00:00
u1012,imp0005676,B,0,2024-01-04 16:00:00
u1012,imp0005677,B,0,2024-01-05 02:00:00
u1012,imp0005678,B,0,2024-01-05 19:00:00
u1012,imp0005679,B,0,2024-01-04 23:00:00
u1012,imp0005680,B,0,2024-01-01 13:00:00
u1012,imp0005681,B,0,2024-01-01 00:00:00
u1012,imp0005682,B,1,2024-01-02 00:00:00
u1012,imp0005683,B,0,2024-01-03 23:00:00
u1013,imp0005684,B,0,2024-01-05 08:00:00
u1013,imp0005685,B,0,2024-01-07 02:00:00
u1013,imp0005686,B,0,2024-01-01 22:00:00
u1013,imp0005687,B,0,2024-01-01 08:00:00
u1013,imp0005688,B,1,2024-01-05 21:00:00
u1013,imp0005689,B,0,2024-01-04 21:00:00
u1013,imp0005690,B,0,2024-01-06 23:00:00
u1014,imp0005691,B,0,2024-01-06 09:00:00
u1014,imp0005692,B,0,2024-01-01 13:00:00
u1014,imp0005693,B,0,2024-01-01 00:00:00
u1015,imp0005694,B,0,2024-01-04 16:00:00
u1015,imp0005695,B,0,2024-01-06 23:00:00
u1015,imp0005696,B,0,2024-01-04 17:00:00
u1015,imp0005697,B,0,2024-01-01 13:00:00
u1016,imp0005698,B,0,2024-01-06 22:00:00
u1016,imp0005699,B,0,2024-01-04 10:00:00
u1016,imp0005700,B,0,2024-01-03 23:00:00
u1016,imp0005701,B,0,2024-01-07 17:00:00
u1016,imp0005702,B,0,2024-01-06 09:00:00
u1016,imp0005703,B,0,2024-01-02 02:00:00
u1016,imp0005704,B,1,2024-01-04 01:00:00
u1017,imp0005705,B,0,2024-01-03 23:00:00
u1017,imp0005706,B,0,2024-01-01 22:00:00
u1017,imp0005707,B,0,2024-01-03 19:00:00
u1017,imp0005708,B,0,2024-01-06 21:00:00
u1017,imp0005709,B,0,2024-01-05 20:00:00
u1018,imp0005710,B,0,2024-01-04 20:00:00
u1018,imp0005711,B,0,2024-01-03 16:00:00
u1018,imp0005712,B,0,2024-01-03 19:00:00
u1018,imp0005713,B,0,2024-01-06 07:00:00
u1019,imp0005714,B,1,2024-01-04 17:00:00
u1019,imp0005715,B,0,2024-01-04 08:00:00
u1019,imp0005716,B,0,2024-01-05 06:00:00
u1020,imp0005717,B,0,2024-01-01 12:00:00
u1020,imp0005718,B,0,2024-01-06 03:00:00
u1020,imp0005719,B,0,2024-01-07 02:00:00
u1020,imp0005720,B,0,2024-01-07 07:00:00
u1020,imp0005721,B,0,2024-01-04 15:00:00
u1020,imp0005722,B,0,2024-01-01 10:00:00
u1021,imp0005723,B,0,2024-01-01 14:00:00
u1021,imp0005724,B,0,2024-01-01 09:00:00
u1021,imp0005725,B,0,2024-01-02 16:00:00
u1021,imp0005726,B,0,2024-01-07 10:00:00
u1021,imp0005727,B,0,2024-01-04 00:00:00
u1022,imp0005728,B,0,2024-01-06 07:00:00
u1022,imp0005729,B,0,2024-01-02 03:00:00
u1022,imp0005730,B,0,2024-01-03 16:00:00
u1022,imp0005731,B,0,2024-01-01 16:00:00
u1022,imp0005732,B,0,2024-01-04 22:00:00
u1022,imp0005733,B,0,2024-01-06 17:00:00
u1023,imp0005734,B,0,2024-01-02 13:00:00
u1023,imp0005735,B,0,2024-01-03 21:00:00
u1023,imp0005736,B,0,2024-01-05 07:00:00
u1023,imp0005737,B,0,2024-01-03 04:00:00
u1023,imp0005738,B,0,2024-01-05 22:00:00
u1023,imp0005739,B,1,2024-01-04 01:00:00
u1023,imp0005740,B,0,2024-01-03 05:00:00
u1024,imp0005741,B,0,2024-01-05 08:00:00
u1024,imp0005742,B,1,2024-01-01 09:00:00
u1024,imp0005743,B,0,2024-01-01 09:00:00
u1024,imp0005744,B,0,2024-01-02 14:00:00
u1024,imp0005745,B,0,2024-01-07 11:00:00
u1024,imp0005746,B,0,2024-01-07 13:00:00
u1025,imp0005747,B,0,2024-01-03 18:00:00
u1025,imp0005748,B,0,2024-01-02 18:00:00
u1025,imp0005749,B,0,2024-01-03 03:00:00
u1025,imp0005750,B,0,2024-01-05 04:00:00
u1025,imp0005751,B,0,2024-01-03 07:00:00
u1025,imp0005752,B,0,2024-01-04 03:00:00
u1025,imp0005753,B,1,2024-01-03 19:00:00
u1026,imp0005754,B,0,2024-01-05 09:00:00
u1026,imp0005755,B,0,2024-01-06 04:00:00
u1026,imp0005756,B,0,2024-01-04 19:00:00
u1027,imp0005757,B,0,2024-01-03 12:00:00
u1027,imp0005758,B,0,2024-01-07 23:00:00
u1027,imp0005759,B,0,2024-01-02 19:00:00
u1027,imp0005760,B,0,2024-01-07 07:00:00
u1027,imp0005761,B,0,2024-01-07 16:00:00
u1027,imp0005762,B,0,2024-01-01 15:00:00
u1027,imp0005763,B,0,2024-01-01 21:00:00
u1028,imp0005764,B,0,2024-01-03 08:00:00
u1028,imp0005765,B,0,2024-01-03 13:00:00
u1028,imp0005766,B,0,2024-01-05 10:00:00
u1029,imp0005767,B,0,2024-01-03 22:00:00
u1029,imp0005768,B,0,2024-01-04 17:00:00
u1029,imp0005769,B,0,2024-01-03 23:00:00
u1029,imp0005770,B,0,2024-01-03 21:00:00
u1030,imp0005771,B,0,2024-01-05 06:00:00
u1030,imp0005772,B,0,2024-01-07 06:00:00
u1030,imp0005773,B,0,2024-01-02 07:00:00
u1030,imp0005774,B,0,2024-01-04 13:00:00
u1030,imp0005775,B,0,2024-01-03 08:00:00
u1030,imp0005776,B,0,2024-01-05 12:00:00
u1030,imp0005777,B,0,2024-01-01 08:00:00
u1030,imp0005778,B,0,2024-01-02 06:00:00
u1031,imp0005779,B,0,2024-01-01 12:00:00
u1031,imp0005780,B,0,2024-01-06 10:00:00
u1031,imp0005781,B,0,2024-01-02 10:00:00
u1032,imp0005782,B,0,2024-01-01 20:00:00
u1032,imp0005783,B,0,2024-01-03 15:00:00
u1032,imp0005784,B,0,2024-01-04 22:00:00
u1033,imp0005785,B,0,2024-01-02 09:00:00
u1033,imp0005786,B,0,2024-01-06 00:00:00
u1033,imp0005787,B,0,2024-01-07 18:00:00
u1033,imp0005788,B,0,2024-01-01 14:00:00
u1033,imp0005789,B,0,2024-01-05 23:00:00
u1033,imp0005790,B,0,2024-01-04 23:00:00
u1034,imp0005791,B,0,2024-01-05 12:00:00
u1034,imp0005792,B,0,2024-01-05 00:00:00
u1034,imp0005793,B,0,2024-01-02 07:00:00
u1034,imp0005794,B,0,2024-01-04 10:00:00
u1034,imp0005795,B,0,2024-01-07 11:00:00
u1034,imp0005796,B,0,2024-01-05 21:00:00
u1034,imp0005797,B,0,2024-01-04 06:00:00
u1034,imp0005798,B,0,2024-01-04 05:00:00
u1035,imp0005799,B,0,2024-01-05 10:00:00
u1035,imp0005800,B,0,2024-01-06 05:00:00
u1035,imp0005801,B,0,2024-01-01 14:00:00
u1035,imp0005802,B,0,2024-01-06 13:00:00
u1035,imp0005803,B,0,2024-01-04 00:00:00
u1036,imp0005804,B,0,2024-01-05 01:00:00
u1036,imp0005805,B,0,2024-01-07 21:00:00
u1036,imp0005806,B,0,2024-01-02 01:00:00
u1036,imp0005807,B,0,2024-01-04 19:00:00
u1036,imp0005808,B,0,2024-01-06 04:00:00
u1036,imp0005809,B,0,2024-01-04 00:00:00
u1036,imp0005810,B,0,2024-01-06 02:00:00
u1037,imp0005811,B,0,2024-01-04 05:00:00
u1037,imp0005812,B,0,2024-01-04 19:00:00
u1037,imp0005813,B,0,2024-01-04 15:00:00
u1037,imp0005814,B,0,2024-01-01 12:00:00
u1037,imp0005815,B,0,2024-01-02 18:00:00
u1037,imp0005816,B,0,2024-01-04 03:00:00
u1037,imp0005817,B,0,2024-01-03 02:00:00
u1038,imp0005818,B,0,2024-01-07 04:00:00
u1038,imp0005819,B,0,2024-01-06 01:00:00
u1038,imp0005820,B,0,2024-01-01 23:00:00
u1038,imp0005821,B,0,2024-01-02 01:00:00
u1038,imp0005822,B,0,2024-01-07 11:00:00
u1039,imp0005823,B,0,2024-01-05 23:00:00
u1039,imp0005824,B,0,2024-01-04 09:00:00
u1039,imp0005825,B,0,2024-01-05 03:00:00
u1039,imp0005826,B,0,2024-01-07 12:00:00
u1039,imp0005827,B,0,2024-01-01 16:00:00
u1039,imp0005828,B,0,2024-01-03 19:00:00
u1039,imp0005829,B,0,2024-01-02 19:00:00
u1039,imp0005830,B,0,2024-01-03 12:00:00
u1040,imp0005831,B,0,2024-01-04 20:00:00
u1040,imp0005832,B,0,2024-01-04 01:00:00
u1040,imp0005833,B,0,2024-01-07 08:00:00
u1040,imp0005834,B,0,2024-01-03 18:00:00
u1040,imp0005835,B,0,2024-01-05 14:00:00
u1041,imp0005836,B,0,2024-01-04 16:00:00
u1041,imp0005837,B,0,2024-01-02 01:00:00
u1041,imp0005838,B,0,2024-01-05 02:00:00
u1041,imp0005839,B,0,2024-01-02 02:00:00
u1042,imp0005840,B,0,2024-01-07 01:00:00
u1042,imp0005841,B,0,2024-01-01 00:00:00
u1042,imp0005842,B,0,2024-01-05 06:00:00
u1043,imp0005843,B,0,2024-01-02 16:00:00
u1043,imp0005844,B,0,2024-01-07 20:00:00
u1043,imp0005845,B,0,2024-01-03 02:00:00
u1043,imp0005846,B,0,2024-01-01 14:00:00
u1043,imp0005847,B,0,2024-01-01 07:00:00
u1044,imp0005848,B,0,2024-01-05 17:00:00
u1044,imp0005849,B,0,2024-01-04 10:00:00
u1044,imp0005850,B,0,2024-01-03 07:00:00
u1044,imp0005851,B,0,2024-01-05 06:00:00
u1044,imp0005852,B,0,2024-01-06 17:00:00
u1044,imp0005853,B,0,2024-01-05 05:00:00
u1044,imp0005854,B,0,2024-01-04 05:00:00
u1044,imp0005855,B,0,2024-01-04 10:00:00
u1045,imp0005856,B,0,2024-01-05 22:00:00
u1045,imp0005857,B,0,2024-01-02 06:00:00
u1045,imp0005858,B,0,2024-01-01 22:00:00
u1045,imp0005859,B,0,2024-01-02 23:00:00
u1045,imp0005860,B,1,2024-01-05 12:00:00
u1045,imp0005861,B,0,2024-01-02 15:00:00
u1045,imp0005862,B,0,2024-01-01 05:00:00
u1045,imp0005863,B,0,2024-01-02 13:00:00
u1046,imp0005864,B,0,2024-01-05 03:00:00
u1046,imp0005865,B,0,2024-01-02 02:00:00
u1046,imp0005866,B,0,2024-01-03 20:00:00
u1047,imp0005867,B,0,2024-01-01 16:00:00
u1047,imp0005868,B,0,2024-01-03 22:00:00
u1047,imp0005869,B,0,2024-01-02 22:00:00
u1048,imp0005870,B,0,2024-01-04 06:00:00
u1048,imp0005871,B,0,2024-01-05 13:00:00
u1048,imp0005872,B,0,2024-01-01 12:00:00
u1049,imp0005873,B,0,2024-01-06 03:00:00
u1049,imp0005874,B,0,2024-01-05 12:00:00
u1049,imp0005875,B,0,2024-01-04 17:00:00
u1049,imp0005876,B,0,2024-01-04 13:00:00
u1049,imp0005877,B,0,2024-01-04 19:00:00
u1050,imp0005878,B,0,2024-01-04 00:00:00
u1050,imp0005879,B,0,2024-01-01 03:00:00
u1050,imp0005880,B,0,2024-01-05 16:00:00
u1050,imp0005881,B,0,2024-01-02 21:00:00
u1050,imp0005882,B,0,2024-01-01 17:00:00
u1050,imp0005883,B,0,2024-01-02 18:00:00
u1050,imp0005884,B,0,2024-01-07 16:00:00
u1051,imp0005885,B,0,2024-01-05 06:00:00
u1051,imp0005886,B,0,2024-01-06 03:00:00
u1051,imp0005887,B,0,2024-01-01 09:00:00
u1051,imp0005888,B,0,2024-01-04 00:00:00
u1051,imp0005889,B,0,2024-01-02 06:00:00
u1051,imp0005890,B,0,2024-01-07 11:00:00
u1051,imp0005891,B,0,2024-01-03 11:00:00
u1052,imp0005892,B,0,2024-01-06 10:00:00
u1052,imp0005893,B,0,2024-01-05 21:00:00
u1052,imp0005894,B,0,2024-01-01 13:00:00
u1053,imp0005895,B,1,2024-01-06 22:00:00
u1053,imp0005896,B,0,2024-01-01 01:00:00
u1053,imp0005897,B,0,2024-01-01 23:00:00
u1053,imp0005898,B,0,2024-01-03 15:00:00
u1054,imp0005899,B,0,2024-01-05 17:00:00
u1054,imp0005900,B,0,2024-01-01 23:00:00
u1054,imp0005901,B,0,2024-01-07 10:00:00
u1054,imp0005902,B,0,2024-01-07 20:00:00
u1054,imp0005903,B,0,2024-01-04 18:00:00
u1054,imp0005904,B,0,2024-01-07 22:00:00
u1055,imp0005905,B,1,2024-01-05 23:00:00
u1055,imp0005906,B,0,2024-01-01 03:00:00
u1055,imp0005907,B,0,2024-01-07 12:00:00
u1055,imp0005908,B,0,2024-01-01 00:00:00
u1056,imp0005909,B,0,2024-01-03 01:00:00
u1056,imp0005910,B,0,2024-01-05 13:00:00
u1056,imp0005911,B,0,2024-01-06 18:00:00
u1056,imp0005912,B,0,2024-01-04 01:00:00
u1056,imp0005913,B,0,2024-01-03 13:00:00
u1057,imp0005914,B,0,2024-01-07 19:00:00
u1057,imp0005915,B,0,2024-01-03 07:00:00
u1057,imp0005916,B,0,2024-01-05 14:00:00
u1058,imp0005917,B,0,2024-01-01 20:00:00
u1058,imp0005918,B,0,2024-01-06 20:00:00
u1058,imp0005919,B,0,2024-01-01 08:00:00
u1058,imp0005920,B,0,2024-01-06 18:00:00
u1059,imp0005921,B,0,2024-01-03 21:00:00
u1059,imp0005922,B,0,2024-01-06 08:00:00
u1059,imp0005923,B,0,2024-01-05 21:00:00
u1059,imp0005924,B,0,2024-01-03 07:00:00
u1059,imp0005925,B,0,2024-01-02 06:00:00
u1060,imp0005926,B,0,2024-01-02 12:00:00
u1060,imp0005927,B,0,2024-01-04 18:00:00
u1060,imp0005928,B,0,2024-01-05 17:00:00
u1060,imp0005929,B,0,2024-01-06 07:00:00
u1060,imp0005930,B,0,2024-01-06 01:00:00
u1060,imp0005931,B,0,2024-01-03 20:00:00
u1060,imp0005932,B,0,2024-01-02 11:00:00
u1060,imp0005933,B,0,2024-01-02 07:00:00
u1061,imp0005934,B,0,2024-01-03 15:00:00
u1061,imp0005935,B,0,2024-01-02 23:00:00
u1061,imp0005936,B,0,2024-01-04 08:00:00
u1061,imp0005937,B,0,2024-01-07 13:00:00
u1062,imp0005938,B,0,2024-01-06 20:00:00
u1062,imp0005939,B,0,2024-01-01 00:00:00
u1062,imp0005940,B,0,2024-01-03 16:00:00
u1062,imp0005941,B,1,2024-01-02 08:00:00
u1062,imp0005942,B,0,2024-01-02 13:00:00
u1062,imp0005943,B,0,2024-01-02 00:00:00
u1062,imp0005944,B,0,2024-01-07 09:00:00
u1063,imp0005945,B,0,2024-01-03 10:00:00
u1063,imp0005946,B,0,2024-01-07 16:00:00
u1063,imp0005947,B,0,2024-01-05 04:00:00
u1063,imp0005948,B,0,2024-01-06 06:00:00
u1063,imp0005949,B,0,2024-01-02 16:00:00
u1063,imp0005950,B,0,2024-01-07 13:00:00
u1063,imp0005951,B,0,2024-01-03 08:00:00
u1064,imp0005952,B,0,2024-01-02 23:00:00
u1064,imp0005953,B,0,2024-01-03 23:00:00
u1064,imp0005954,B,0,2024-01-03 07:00:00
u1065,imp0005955,B,0,2024-01-01 11:00:00
u1065,imp0005956,B,0,2024-01-03 20:00:00
u1065,imp0005957,B,0,2024-01-06 13:00:00
u1066,imp0005958,B,0,2024-01-02 00:00:00
u1066,imp0005959,B,0,2024-01-01 00:00:00
u1066,imp0005960,B,0,2024-01-07 15:00:00
u1067,imp0005961,B,0,2024-01-06 10:00:00
u1067,imp0005962,B,0,2024-01-03 00:00:00
u1067,imp0005963,B,0,2024-01-07 02:00:00
u1067,imp0005964,B,0,2024-01-03 11:00:00
u1068,imp0005965,B,0,2024-01-07 12:00:00
u1068,imp0005966,B,0,2024-01-01 01:00:00
u1068,imp0005967,B,0,2024-01-04 00:00:00
u1068,imp0005968,B,0,2024-01-07 00:00:00
u1068,imp0005969,B,0,2024-01-05 13:00:00
u1069,imp0005970,B,0,2024-01-03 12:00:00
u1069,imp0005971,B,0,2024-01-01 16:00:00
u1069,imp0005972,B,0,2024-01-03 00:00:00
u1069,imp0005973,B,0,2024-01-04 03:00:00
u1069,imp0005974,B,0,2024-01-07 03:00:00
u1069,imp0005975,B,0,2024-01-06 10:00:00
u1070,imp0005976,B,0,2024-01-03 08:00:00
u1070,imp0005977,B,0,2024-01-03 01:00:00
u1070,imp0005978,B,0,2024-01-02 12:00:00
u1070,imp0005979,B,0,2024-01-02 21:00:00
u1070,imp0005980,B,0,2024-01-01 14:00:00
u1071,imp0005981,B,0,2024-01-04 07:00:00
u1071,imp0005982,B,0,2024-01-06 18:00:00
u1071,imp0005983,B,0,2024-01-07 03:00:00
u1072,imp0005984,B,0,2024-01-01 23:00:00
u1072,imp0005985,B,0,2024-01-06 04:00:00
u1072,imp0005986,B,0,2024-01-05 21:00:00
u1072,imp0005987,B,0,2024-01-04 07:00:00
u1072,imp0005988,B,0,2024-01-04 21:00:00
u1072,imp0005989,B,0,2024-01-03 16:00:00
u1072,imp0005990,B,0,2024-01-04 15:00:00
u1072,imp0005991,B,0,2024-01-04 15:00:00
u1073,imp0005992,B,0,2024-01-07 00:00:00
u1073,imp0005993,B,0,2024-01-06 05:00:00
u1073,imp0005994,B,0,2024-01-04 16:00:00
u1074,imp0005995,B,0,2024-01-03 12:00:00
u1074,imp0005996,B,0,2024-01-01 14:00:00
u1074,imp0005997,B,0,2024-01-04 21:00:00
u1074,imp0005998,B,0,2024-01-03 02:00:00
u1074,imp0005999,B,0,2024-01-02 02:00:00
u1074,imp0006000,B,0,2024-01-04 01:00:00
u1075,imp0006001,B,0,2024-01-02 06:00:00
u1075,imp0006002,B,1,2024-01-01 11:00:00
u1075,imp0006003,B,0,2024-01-02 21:00:00
u1075,imp0006004,B,0,2024-01-07 14:00:00
u1075,imp0006005,B,0,2024-01-02 07:00:00
u1075,imp0006006,B,0,2024-01-07 15:00:00
u1075,imp0006007,B,0,2024-01-03 12:00:00
u1076,imp0006008,B,0,2024-01-04 12:00:00
u1076,imp0006009,B,0,2024-01-04 07:00:00
u1076,imp0006010,B,0,2024-01-06 14:00:00
u1076,imp0006011,B,0,2024-01-01 03:00:00
u1076,imp0006012,B,0,2024-01-03 03:00:00
u1076,imp0006013,B,0,2024-01-07 14:00:00
u1076,imp0006014,B,0,2024-01-05 15:00:00
u1076,imp0006015,B,0,2024-01-02 11:00:00
u1077,imp0006016,B,0,2024-01-03 05:00:00
u1077,imp0006017,B,0,2024-01-05 22:00:00
u1077,imp0006018,B,0,2024-01-06 06:00:00
u1077,imp0006019,B,0,2024-01-01 16:00:00
u1077,imp0006020,B,0,2024-01-04 02:00:00
u1077,imp0006021,B,0,2024-01-07 13:00:00
u1077,imp0006022,B,0,2024-01-05 08:00:00
u1077,imp0006023,B,0,2024-01-07 05:00:00
u1078,imp0006024,B,0,2024-01-02 18:00:00
u1078,imp0006025,B,0,2024-01-05 15:00:00
u1078,imp0006026,B,0,2024-01-05 18:00:00
u1078,imp0006027,B,0,2024-01-02 02:00:00
u1078,imp0006028,B,0,2024-01-02 12:00:00
u1078,imp0006029,B,0,2024-01-02 21:00:00
u1078,imp0006030,B,0,2024-01-05 16:00:00
u1079,imp0006031,B,0,2024-01-06 11:00:00
u1079,imp0006032,B,0,2024-01-04 07:00:00
u1079,imp0006033,B,0,2024-01-04 07:00:00
u1079,imp0006034,B,0,2024-01-07 09:00:00
u1079,imp0006035,B,0,2024-01-06 00:00:00
u1080,imp0006036,B,0,2024-01-06 01:00:00
u1080,imp0006037,B,0,2024-01-04 08:00:00
u1080,imp0006038,B,1,2024-01-07 09:00:00
u1080,imp0006039,B,0,2024-01-07 05:00:00
u1080,imp0006040,B,0,2024-01-05 22:00:00
u1080,imp0006041,B,0,2024-01-03 09:00:00
u1081,imp0006042,B,0,2024-01-05 03:00:00
u1081,imp0006043,B,0,2024-01-07 20:00:00
u1081,imp0006044,B,0,2024-01-03 17:00:00
u1081,imp0006045,B,0,2024-01-07 00:00:00
u1081,imp0006046,B,0,2024-01-07 23:00:00
u1081,imp0006047,B,0,2024-01-07 21:00:00
u1082,imp0006048,B,0,2024-01-06 16:00:00
u1082,imp0006049,B,0,2024-01-06 23:00:00
u1082,imp0006050,B,0,2024-01-06 02:00:00
u1082,imp0006051,B,0,2024-01-01 01:00:00
u1082,imp0006052,B,0,2024-01-05 09:00:00
u1082,imp0006053,B,0,2024-01-05 11:00:00
u1082,imp0006054,B,0,2024-01-03 23:00:00
u1083,imp0006055,B,0,2024-01-06 05:00:00
u1083,imp0006056,B,0,2024-01-03 08:00:00
u1083,imp0006057,B,0,2024-01-04 08:00:00
u1083,imp0006058,B,0,2024-01-07 13:00:00
u1083,imp0006059,B,0,2024-01-06 20:00:00
u1084,imp0006060,B,0,2024-01-01 06:00:00
u1084,imp0006061,B,0,2024-01-06 16:00:00
u1084,imp0006062,B,0,2024-01-03 05:00:00
u1084,imp0006063,B,0,2024-01-05 07:00:00
u1084,imp0006064,B,0,2024-01-04 13:00:00
u1085,imp0006065,B,1,2024-01-04 14:00:00
u1085,imp0006066,B,0,2024-01-01 01:00:00
u1085,imp0006067,B,0,2024-01-02 06:00:00
u1085,imp0006068,B,0,2024-01-02 08:00:00
u1086,imp0006069,B,0,2024-01-04 07:00:00
u1086,imp0006070,B,0,2024-01-01 10:00:00
u1086,imp0006071,B,0,2024-01-07 16:00:00
u1086,imp0006072,B,0,2024-01-06 07:00:00
u1086,imp0006073,B,0,2024-01-06 14:00:00
u1086,imp0006074,B,0,2024-01-06 07:00:00
u1086,imp0006075,B,0,2024-01-02 06:00:00
u1086,imp0006076,B,0,2024-01-06 05:00:00
u1087,imp0006077,B,0,2024-01-02 22:00:00
u1087,imp0006078,B,0,2024-01-05 10:00:00
u1087,imp0006079,B,0,2024-01-01 18:00:00
u1087,imp0006080,B,0,2024-01-04 08:00:00
u1087,imp0006081,B,0,2024-01-06 02:00:00
u1087,imp0006082,B,0,2024-01-06 13:00:00
u1087,imp0006083,B,0,2024-01-05 10:00:00
u1087,imp0006084,B,0,2024-01-03 00:00:00
u1088,imp0006085,B,0,2024-01-03 01:00:00
u1088,imp0006086,B,0,2024-01-04 08:00:00
u1088,imp0006087,B,0,2024-01-04 22:00:00
u1089,imp0006088,B,0,2024-01-05 21:00:00
u1089,imp0006089,B,0,2024-01-03 10:00:00
u1089,imp0006090,B,0,2024-01-07 19:00:00
u1089,imp0006091,B,0,2024-01-01 02:00:00
u1089,imp0006092,B,0,2024-01-03 09:00:00
u1089,imp0006093,B,1,2024-01-03 08:00:00
u1090,imp0006094,B,0,2024-01-07 22:00:00
u1090,imp0006095,B,0,2024-01-04 17:00:00
u1090,imp0006096,B,0,2024-01-03 06:00:00
u1091,imp0006097,B,0,2024-01-01 00:00:00
u1091,imp0006098,B,0,2024-01-01 20:00:00
u1091,imp0006099,B,0,2024-01-01 20:00:00
u1091,imp0006100,B,1,2024-01-03 03:00:00
u1091,imp0006101,B,0,2024-01-04 09:00:00
u1091,imp0006102,B,0,2024-01-03 18:00:00
u1091,imp0006103,B,0,2024-01-05 16:00:00
u1092,imp0006104,B,0,2024-01-07 15:00:00
u1092,imp0006105,B,0,2024-01-01 09:00:00
u1092,imp0006106,B,0,2024-01-03 15:00:00
u1092,imp0006107,B,0,2024-01-03 20:00:00
u1092,imp0006108,B,0,2024-01-03 19:00:00
u1092,imp0006109,B,0,2024-01-02 03:00:00
u1093,imp0006110,B,0,2024-01-05 19:00:00
u1093,imp0006111,B,0,2024-01-03 02:00:00
u1093,imp0006112,B,0,2024-01-01 03:00:00
u1093,imp0006113,B,0,2024-01-04 06:00:00
u1093,imp0006114,B,0,2024-01-01 16:00:00
u1093,imp0006115,B,0,2024-01-05 11:00:00
u1093,imp0006116,B,0,2024-01-04 01:00:00
u1094,imp0006117,B,0,2024-01-01 22:00:00
u1094,imp0006118,B,0,2024-01-01 17:00:00
u1094,imp0006119,B,0,2024-01-06 08:00:00
u1094,imp0006120,B,0,2024-01-02 10:00:00
u1095,imp0006121,B,0,2024-01-03 10:00:00
u1095,imp0006122,B,0,2024-01-01 00:00:00
u1095,imp0006123,B,0,2024-01-06 10:00:00
u1095,imp0006124,B,0,2024-01-03 18:00:00
u1095,imp0006125,B,0,2024-01-02 12:00:00
u1095,imp0006126,B,0,2024-01-02 04:00:00
u1095,imp0006127,B,0,2024-01-04 16:00:00
u1096,imp0006128,B,0,2024-01-05 03:00:00
u1096,imp0006129,B,0,2024-01-06 01:00:00
u1096,imp0006130,B,0,2024-01-04 17:00:00
u1097,imp0006131,B,0,2024-01-01 13:00:00
u1097,imp0006132,B,0,2024-01-07 16:00:00
u1097,imp0006133,B,0,2024-01-07 05:00:00
u1097,imp0006134,B,0,2024-01-06 10:00:00
u1097,imp0006135,B,0,2024-01-04 12:00:00
u1097,imp0006136,B,0,2024-01-07 06:00:00
u1098,imp0006137,B,0,2024-01-01 20:00:00
u1098,imp0006138,B,0,2024-01-02 01:00:00
u1098,imp0006139,B,0,2024-01-02 16:00:00
u1098,imp0006140,B,0,2024-01-06 01:00:00
u1098,imp0006141,B,0,2024-01-02 13:00:00
u1098,imp0006142,B,0,2024-01-04 15:00:00
u1099,imp0006143,B,0,2024-01-02 04:00:00
u1099,imp0006144,B,0,2024-01-03 11:00:00
u1099,imp0006145,B,0,2024-01-03 12:00:00
u1099,imp0006146,B,0,2024-01-07 02:00:00
u1099,imp0006147,B,0,2024-01-01 21:00:00
u1100,imp0006148,B,0,2024-01-05 16:00:00
u1100,imp0006149,B,0,2024-01-06 02:00:00
u1100,imp0006150,B,0,2024-01-06 21:00:00
u1100,imp0006151,B,0,2024-01-02 19:00:00
u1100,imp0006152,B,0,2024-01-06 23:00:00
u1100,imp0006153,B,0,2024-01-05 00:00:00
u1100,imp0006154,B,0,2024-01-04 04:00:00
u1100,imp0006155,B,0,2024-01-06 19:00:00
u1101,imp0006156,B,0,2024-01-05 05:00:00
u1101,imp0006157,B,0,2024-01-07 22:00:00
u1101,imp0006158,B,0,2024-01-07 16:00:00
u1101,imp0006159,B,0,2024-01-07 16:00:00
u1101,imp0006160,B,0,2024-01-02 04:00:00
u1102,imp0006161,B,0,2024-01-07 14:00:00
u1102,imp0006162,B,0,2024-01-04 07:00:00
u1102,imp0006163,B,0,2024-01-02 06:00:00
u1102,imp0006164,B,0,2024-01-05 15:00:00
u1102,imp0006165,B,0,2024-01-02 21:00:00
u1102,imp0006166,B,1,2024-01-05 00:00:00
u1102,imp0006167,B,0,2024-01-03 03:00:00
u1103,imp0006168,B,0,2024-01-04 01:00:00
u1103,imp0006169,B,0,2024-01-02 16:00:00
u1103,imp0006170,B,0,2024-01-04 04:00:00
u1103,imp0006171,B,1,2024-01-06 10:00:00
u1104,imp0006172,B,0,2024-01-03 03:00:00
u1104,imp0006173,B,1,2024-01-07 17:00:00
u1104,imp0006174,B,0,2024-01-07 11:00:00
u1104,imp0006175,B,0,2024-01-04 14:00:00
u1104,imp0006176,B,0,2024-01-05 12:00:00
u1105,imp0006177,B,1,2024-01-03 20:00:00
u1105,imp0006178,B,0,2024-01-05 23:00:00
u1105,imp0006179,B,0,2024-01-03 18:00:00
u1105,imp0006180,B,0,2024-01-03 12:00:00
u1105,imp0006181,B,0,2024-01-03 22:00:00
u1105,imp0006182,B,0,2024-01-07 07:00:00
u1105,imp0006183,B,0,2024-01-07 06:00:00
u1106,imp0006184,B,0,2024-01-07 01:00:00
u1106,imp0006185,B,0,2024-01-04 23:00:00
u1106,imp0006186,B,0,2024-01-03 07:00:00
u1106,imp0006187,B,0,2024-01-03 04:00:00
u1106,imp0006188,B,0,2024-01-01 06:00:00
u1106,imp0006189,B,0,2024-01-05 00:00:00
u1106,imp0006190,B,0,2024-01-05 16:00:00
u1106,imp0006191,B,0,2024-01-06 04:00:00
u1107,imp0006192,B,0,2024-01-06 11:00:00
u1107,imp0006193,B,0,2024-01-07 17:00:00
u1107,imp0006194,B,0,2024-01-07 16:00:00
u1107,imp0006195,B,0,2024-01-06 00:00:00
u1107,imp0006196,B,0,2024-01-02 13:00:00
u1107,imp0006197,B,0,2024-01-06 01:00:00
u1108,imp0006198,B,0,2024-01-06 08:00:00
u1108,imp0006199,B,0,2024-01-01 03:00:00
u1108,imp0006200,B,0,2024-01-02 14:00:00
u1108,imp0006201,B,0,2024-01-03 05:00:00
u1109,imp0006202,B,0,2024-01-07 16:00:00
u1109,imp0006203,B,0,2024-01-02 08:00:00
u1109,imp0006204,B,0,2024-01-01 19:00:00
u1109,imp0006205,B,0,2024-01-01 15:00:00
u1110,imp0006206,B,0,2024-01-06 06:00:00
u1110,imp0006207,B,0,2024-01-04 14:00:00
u1110,imp0006208,B,0,2024-01-04 09:00:00
u1110,imp0006209,B,0,2024-01-03 13:00:00
u1110,imp0006210,B,0,2024-01-02 06:00:00
u1110,imp0006211,B,0,2024-01-02 17:00:00
u1110,imp0006212,B,0,2024-01-01 11:00:00
u1111,imp0006213,B,0,2024-01-04 00:00:00
u1111,imp0006214,B,0,2024-01-06 10:00:00
u1111,imp0006215,B,0,2024-01-05 18:00:00
u1112,imp0006216,B,0,2024-01-06 16:00:00
u1112,imp0006217,B,0,2024-01-05 09:00:00
u1112,imp0006218,B,0,2024-01-01 15:00:00
u1112,imp0006219,B,0,2024-01-04 05:00:00
u1113,imp0006220,B,0,2024-01-06 10:00:00
u1113,imp0006221,B,0,2024-01-07 07:00:00
u1113,imp0006222,B,0,2024-01-06 20:00:00
u1113,imp0006223,B,0,2024-01-06 09:00:00
u1113,imp0006224,B,0,2024-01-05 15:00:00
u1113,imp0006225,B,0,2024-01-06 06:00:00
u1113,imp0006226,B,0,2024-01-01 20:00:00
u1114,imp0006227,B,0,2024-01-04 16:00:00
u1114,imp0006228,B,0,2024-01-02 22:00:00
u1114,imp0006229,B,0,2024-01-07 05:00:00
u1114,imp0006230,B,0,2024-01-07 16:00:00
u1114,imp0006231,B,0,2024-01-07 15:00:00
u1115,imp0006232,B,0,2024-01-07 22:00:00
u1115,imp0006233,B,0,2024-01-06 07:00:00
u1115,imp0006234,B,0,2024-01-03 23:00:00
u1115,imp0006235,B,0,2024-01-02 17:00:00
u1115,imp0006236,B,0,2024-01-01 08:00:00
u1115,imp0006237,B,0,2024-01-02 00:00:00
u1115,imp0006238,B,0,2024-01-01 01:00:00
u1116,imp0006239,B,0,2024-01-01 19:00:00
u1116,imp0006240,B,0,2024-01-03 21:00:00
u1116,imp0006241,B,0,2024-01-01 16:00:00
u1116,imp0006242,B,0,2024-01-06 03:00:00
u1116,imp0006243,B,0,2024-01-04 16:00:00
u1117,imp0006244,B,0,2024-01-04 21:00:00
u1117,imp0006245,B,0,2024-01-04 11:00:00
u1117,imp0006246,B,0,2024-01-06 10:00:00
u1117,imp0006247,B,0,2024-01-04 14:00:00
u1117,imp0006248,B,0,2024-01-03 02:00:00
u1117,imp0006249,B,0,2024-01-04 09:00:00
u1117,imp0006250,B,0,2024-01-07 09:00:00
u1117,imp0006251,B,0,2024-01-01 07:00:00
u1118,imp0006252,B,0,2024-01-07 20:00:00
u1118,imp0006253,B,0,2024-01-06 00:00:00
u1118,imp0006254,B,0,2024-01-07 10:00:00
u1119,imp0006255,B,0,2024-01-01 03:00:00
u1119,imp0006256,B,0,2024-01-04 13:00:00
u1119,imp0006257,B,0,2024-01-06 07:00:00
u1119,imp0006258,B,0,2024-01-05 13:00:00
u1119,imp0006259,B,0,2024-01-05 02:00:00
u1119,imp0006260,B,0,2024-01-02 12:00:00
u1119,imp0006261,B,0,2024-01-03 22:00:00
u1120,imp0006262,B,0,2024-01-02 06:00:00
u1120,imp0006263,B,0,2024-01-06 04:00:00
u1120,imp0006264,B,0,2024-01-01 11:00:00
u1121,imp0006265,B,1,2024-01-07 21:00:00
u1121,imp0006266,B,0,2024-01-04 13:00:00
u1121,imp0006267,B,0,2024-01-01 18:00:00
u1121,imp0006268,B,0,2024-01-05 19:00:00
u1121,imp0006269,B,0,2024-01-01 13:00:00
u1122,imp0006270,B,0,2024-01-04 07:00:00
u1122,imp0006271,B,1,2024-01-03 15:00:00
u1122,imp0006272,B,0,2024-01-03 19:00:00
u1123,imp0006273,B,0,2024-01-04 19:00:00
u1123,imp0006274,B,0,2024-01-06 04:00:00
u1123,imp0006275,B,0,2024-01-04 07:00:00
u1123,imp0006276,B,0,2024-01-03 10:00:00
u1123,imp0006277,B,0,2024-01-05 00:00:00
u1124,imp0006278,B,0,2024-01-07 04:00:00
u1124,imp0006279,B,0,2024-01-01 21:00:00
u1124,imp0006280,B,0,2024-01-01 08:00:00
u1124,imp0006281,B,0,2024-01-01 08:00:00
u1124,imp0006282,B,0,2024-01-02 02:00:00
u1125,imp0006283,B,0,2024-01-02 20:00:00
u1125,imp0006284,B,0,2024-01-01 07:00:00
u1125,imp0006285,B,0,2024-01-07 01:00:00
u1126,imp0006286,B,0,2024-01-06 02:00:00
u1126,imp0006287,B,0,2024-01-02 08:00:00
u1126,imp0006288,B,0,2024-01-01 00:00:00
u1126,imp0006289,B,0,2024-01-01 05:00:00
u1126,imp0006290,B,0,2024-01-02 16:00:00
u1126,imp0006291,B,0,2024-01-01 04:00:00
u1126,imp0006292,B,0,2024-01-04 07:00:00
u1127,imp0006293,B,0,2024-01-04 09:00:00
u1127,imp0006294,B,0,2024-01-03 16:00:00
u1127,imp0006295,B,0,2024-01-04 10:00:00
u1127,imp0006296,B,0,2024-01-06 15:00:00
u1128,imp0006297,B,0,2024-01-02 00:00:00
u1128,imp0006298,B,0,2024-01-03 20:00:00
u1128,imp0006299,B,0,2024-01-07 23:00:00
u1128,imp0006300,B,0,2024-01-04 09:00:00
u1128,imp0006301,B,0,2024-01-05 20:00:00
u1129,imp0006302,B,0,2024-01-05 14:00:00
u1129,imp0006303,B,0,2024-01-07 01:00:00
u1129,imp0006304,B,0,2024-01-06 04:00:00
u1130,imp0006305,B,0,2024-01-01 15:00:00
u1130,imp0006306,B,0,2024-01-04 07:00:00
u1130,imp0006307,B,0,2024-01-02 13:00:00
u1131,imp0006308,B,0,2024-01-06 14:00:00
u1131,imp0006309,B,0,2024-01-04 05:00:00
u1131,imp0006310,B,0,2024-01-03 14:00:00
u1132,imp0006311,B,0,2024-01-07 15:00:00
u1132,imp0006312,B,0,2024-01-02 13:00:00
u1132,imp0006313,B,0,2024-01-07 05:00:00
u1133,imp0006314,B,0,2024-01-06 23:00:00
u1133,imp0006315,B,0,2024-01-03 03:00:00
u1133,imp0006316,B,0,2024-01-02 04:00:00
u1133,imp0006317,B,0,2024-01-06 23:00:00
u1133,imp0006318,B,0,2024-01-04 03:00:00
u1134,imp0006319,B,0,2024-01-03 15:00:00
u1134,imp0006320,B,0,2024-01-04 18:00:00
u1134,imp0006321,B,0,2024-01-04 16:00:00
u1135,imp0006322,B,0,2024-01-03 23:00:00
u1135,imp0006323,B,0,2024-01-01 04:00:00
u1135,imp0006324,B,0,2024-01-01 11:00:00
u1135,imp0006325,B,0,2024-01-01 02:00:00
u1135,imp0006326,B,0,2024-01-02 08:00:00
u1135,imp0006327,B,0,2024-01-06 00:00:00
u1135,imp0006328,B,0,2024-01-03 01:00:00
u1136,imp0006329,B,0,2024-01-06 16:00:00
u1136,imp0006330,B,0,2024-01-02 04:00:00
u1136,imp0006331,B,0,2024-01-02 14:00:00
u1136,imp0006332,B,0,2024-01-04 18:00:00
u1136,imp0006333,B,0,2024-01-05 03:00:00
u1136,imp0006334,B,0,2024-01-01 16:00:00
u1137,imp0006335,B,0,2024-01-02 21:00:00
u1137,imp0006336,B,0,2024-01-03 18:00:00
u1137,imp0006337,B,0,2024-01-06 21:00:00
u1137,imp0006338,B,0,2024-01-03 18:00:00
u1138,imp0006339,B,0,2024-01-07 06:00:00
u1138,imp0006340,B,0,2024-01-07 10:00:00
u1138,imp0006341,B,0,2024-01-03 05:00:00
u1138,imp0006342,B,0,2024-01-06 17:00:00
u1138,imp0006343,B,0,2024-01-04 04:00:00
u1138,imp0006344,B,0,2024-01-01 15:00:00
u1138,imp0006345,B,0,2024-01-02 16:00:00
u1138,imp0006346,B,0,2024-01-05 01:00:00
u1139,imp0006347,B,0,2024-01-03 12:00:00
u1139,imp0006348,B,0,2024-01-04 13:00:00
u1139,imp0006349,B,0,2024-01-05 21:00:00
u1139,imp0006350,B,0,2024-01-05 03:00:00
u1139,imp0006351,B,0,2024-01-03 00:00:00
u1139,imp0006352,B,0,2024-01-01 01:00:00
u1139,imp0006353,B,0,2024-01-05 23:00:00
u1140,imp0006354,B,0,2024-01-06 02:00:00
u1140,imp0006355,B,0,2024-01-04 13:00:00
u1140,imp0006356,B,0,2024-01-04 04:00:00
u1140,imp0006357,B,0,2024-01-06 15:00:00
u1141,imp0006358,B,0,2024-01-01 11:00:00
u1141,imp0006359,B,0,2024-01-01 03:00:00
u1141,imp0006360,B,0,2024-01-05 20:00:00
u1141,imp0006361,B,0,2024-01-04 22:00:00
u1141,imp0006362,B,0,2024-01-06 04:00:00
u1142,imp0006363,B,0,2024-01-06 02:00:00
u1142,imp0006364,B,0,2024-01-01 06:00:00
u1142,imp0006365,B,0,2024-01-03 20:00:00
u1143,imp0006366,B,0,2024-01-04 08:00:00
u1143,imp0006367,B,0,2024-01-02 05:00:00
u1143,imp0006368,B,0,2024-01-04 00:00:00
u1143,imp0006369,B,0,2024-01-01 05:00:00
u1143,imp0006370,B,0,2024-01-04 16:00:00
u1143,imp0006371,B,0,2024-01-07 02:00:00
u1143,imp0006372,B,0,2024-01-03 17:00:00
u1144,imp0006373,B,0,2024-01-06 23:00:00
u1144,imp0006374,B,0,2024-01-02 12:00:00
u1144,imp0006375,B,0,2024-01-04 04:00:00
u1144,imp0006376,B,0,2024-01-04 04:00:00
u1145,imp0006377,B,0,2024-01-02 22:00:00
u1145,imp0006378,B,0,2024-01-05 13:00:00
u1145,imp0006379,B,0,2024-01-05 23:00:00
u1145,imp0006380,B,0,2024-01-07 19:00:00
u1145,imp0006381,B,0,2024-01-07 09:00:00
u1145,imp0006382,B,0,2024-01-01 09:00:00
u1145,imp0006383,B,0,2024-01-07 14:00:00
u1146,imp0006384,B,0,2024-01-07 12:00:00
u1146,imp0006385,B,0,2024-01-01 04:00:00
u1146,imp0006386,B,0,2024-01-04 04:00:00
u1147,imp0006387,B,0,2024-01-06 10:00:00
u1147,imp0006388,B,0,2024-01-03 18:00:00
u1147,imp0006389,B,0,2024-01-07 18:00:00
u1148,imp0006390,B,0,2024-01-04 20:00:00
u1148,imp0006391,B,0,2024-01-02 05:00:00
u1148,imp0006392,B,0,2024-01-05 06:00:00
u1148,imp0006393,B,0,2024-01-04 09:00:00
u1148,imp0006394,B,0,2024-01-04 02:00:00
u1149,imp0006395,B,0,2024-01-03 11:00:00
u1149,imp0006396,B,0,2024-01-02 15:00:00
u1149,imp0006397,B,0,2024-01-07 12:00:00
u1149,imp0006398,B,0,2024-01-04 01:00:00
u1149,imp0006399,B,0,2024-01-06 00:00:00
u1150,imp0006400,B,0,2024-01-01 02:00:00
u1150,imp0006401,B,0,2024-01-02 11:00:00
u1150,imp0006402,B,0,2024-01-02 18:00:00
u1150,imp0006403,B,0,2024-01-06 22:00:00
u1150,imp0006404,B,0,2024-01-05 18:00:00
u1151,imp0006405,B,0,2024-01-04 17:00:00
u1151,imp0006406,B,0,2024-01-07 19:00:00
u1151,imp0006407,B,0,2024-01-04 11:00:00
u1151,imp0006408,B,0,2024-01-04 04:00:00
u1151,imp0006409,B,0,2024-01-07 16:00:00
u1151,imp0006410,B,0,2024-01-01 04:00:00
u1151,imp0006411,B,0,2024-01-04 05:00:00
u1152,imp0006412,B,0,2024-01-04 14:00:00
u1152,imp0006413,B,0,2024-01-01 13:00:00
u1152,imp0006414,B,0,2024-01-05 07:00:00
u1152,imp0006415,B,0,2024-01-04 10:00:00
u1152,imp0006416,B,0,2024-01-03 05:00:00
u1153,imp0006417,B,0,2024-01-04 22:00:00
u1153,imp0006418,B,0,2024-01-01 08:00:00
u1153,imp0006419,B,0,2024-01-03 04:00:00
u1153,imp0006420,B,0,2024-01-04 04:00:00
u1153,imp0006421,B,0,2024-01-03 11:00:00
u1153,imp0006422,B,0,2024-01-02 21:00:00
u1154,imp0006423,B,0,2024-01-04 01:00:00
u1154,imp0006424,B,0,2024-01-05 15:00:00
u1154,imp0006425,B,0,2024-01-04 22:00:00
u1154,imp0006426,B,0,2024-01-07 20:00:00
u1154,imp0006427,B,0,2024-01-01 22:00:00
u1154,imp0006428,B,0,2024-01-02 02:00:00
u1154,imp0006429,B,0,2024-01-03 21:00:00
u1154,imp0006430,B,0,2024-01-05 12:00:00
u1155,imp0006431,B,0,2024-01-04 04:00:00
u1155,imp0006432,B,0,2024-01-03 01:00:00
u1155,imp0006433,B,0,2024-01-06 03:00:00
u1155,imp0006434,B,0,2024-01-01 18:00:00
u1155,imp0006435,B,0,2024-01-01 00:00:00
u1155,imp0006436,B,0,2024-01-02 15:00:00
u1155,imp0006437,B,0,2024-01-07 15:00:00
u1156,imp0006438,B,0,2024-01-05 15:00:00
u1156,imp0006439,B,0,2024-01-02 15:00:00
u1156,imp0006440,B,0,2024-01-02 13:00:00
u1156,imp0006441,B,0,2024-01-02 23:00:00
u1156,imp0006442,B,0,2024-01-04 02:00:00
u1156,imp0006443,B,0,2024-01-05 10:00:00
u1156,imp0006444,B,0,2024-01-01 07:00:00
u1156,imp0006445,B,0,2024-01-04 13:00:00
u1157,imp0006446,B,0,2024-01-04 02:00:00
u1157,imp0006447,B,0,2024-01-06 16:00:00
u1157,imp0006448,B,0,2024-01-04 17:00:00
u1157,imp0006449,B,0,2024-01-06 09:00:00
u1157,imp0006450,B,0,2024-01-04 07:00:00
u1157,imp0006451,B,0,2024-01-04 22:00:00
u1158,imp0006452,B,0,2024-01-04 17:00:00
u1158,imp0006453,B,0,2024-01-03 10:00:00
u1158,imp0006454,B,0,2024-01-07 02:00:00
u1158,imp0006455,B,0,2024-01-02 03:00:00
u1158,imp0006456,B,1,2024-01-03 23:00:00
u1158,imp0006457,B,0,2024-01-01 13:00:00
u1158,imp0006458,B,0,2024-01-01 23:00:00
u1158,imp0006459,B,0,2024-01-05 15:00:00
u1159,imp0006460,B,0,2024-01-03 07:00:00
u1159,imp0006461,B,0,2024-01-05 23:00:00
u1159,imp0006462,B,0,2024-01-02 07:00:00
u1159,imp0006463,B,0,2024-01-02 00:00:00
u1159,imp0006464,B,0,2024-01-05 19:00:00
u1159,imp0006465,B,0,2024-01-03 17:00:00
u1160,imp0006466,B,0,2024-01-07 19:00:00
u1160,imp0006467,B,0,2024-01-04 03:00:00
u1160,imp0006468,B,0,2024-01-06 16:00:00
u1160,imp0006469,B,0,2024-01-07 19:00:00
u1161,imp0006470,B,0,2024-01-02 13:00:00
u1161,imp0006471,B,0,2024-01-07 16:00:00
u1161,imp0006472,B,0,2024-01-03 12:00:00
u1162,imp0006473,B,0,2024-01-04 16:00:00
u1162,imp0006474,B,0,2024-01-01 17:00:00
u1162,imp0006475,B,0,2024-01-03 21:00:00
u1162,imp0006476,B,0,2024-01-04 09:00:00
u1162,imp0006477,B,0,2024-01-05 19:00:00
u1162,imp0006478,B,0,2024-01-04 07:00:00
u1162,imp0006479,B,0,2024-01-01 14:00:00
u1162,imp0006480,B,0,2024-01-01 12:00:00
u1163,imp0006481,B,0,2024-01-03 08:00:00
u1163,imp0006482,B,0,2024-01-01 16:00:00
u1163,imp0006483,B,0,2024-01-02 07:00:00
u1163,imp0006484,B,0,2024-01-07 05:00:00
u1163,imp0006485,B,0,2024-01-03 06:00:00
u1164,imp0006486,B,0,2024-01-01 12:00:00
u1164,imp0006487,B,0,2024-01-02 22:00:00
u1164,imp0006488,B,0,2024-01-04 14:00:00
u1164,imp0006489,B,0,2024-01-03 13:00:00
u1164,imp0006490,B,0,2024-01-02 04:00:00
u1165,imp0006491,B,0,2024-01-03 16:00:00
u1165,imp0006492,B,0,2024-01-02 04:00:00
u1165,imp0006493,B,0,2024-01-02 23:00:00
u1165,imp0006494,B,0,2024-01-01 04:00:00
u1165,imp0006495,B,0,2024-01-07 18:00:00
u1165,imp0006496,B,0,2024-01-05 04:00:00
u1165,imp0006497,B,0,2024-01-03 22:00:00
u1165,imp0006498,B,0,2024-01-07 18:00:00
u1166,imp0006499,B,0,2024-01-06 20:00:00
u1166,imp0006500,B,0,2024-01-06 17:00:00
u1166,imp0006501,B,0,2024-01-03 17:00:00
u1166,imp0006502,B,0,2024-01-03 23:00:00
u1166,imp0006503,B,0,2024-01-02 00:00:00
u1166,imp0006504,B,0,2024-01-03 11:00:00
u1166,imp0006505,B,0,2024-01-02 15:00:00
u1167,imp0006506,B,0,2024-01-07 06:00:00
u1167,imp0006507,B,0,2024-01-02 21:00:00
u1167,imp0006508,B,0,2024-01-04 13:00:00
u1167,imp0006509,B,0,2024-01-06 20:00:00
u1167,imp0006510,B,0,2024-01-01 20:00:00
u1167,imp0006511,B,0,2024-01-01 00:00:00
u1167,imp0006512,B,0,2024-01-06 02:00:00
u1167,imp0006513,B,0,2024-01-07 02:00:00
u1168,imp0006514,B,0,2024-01-02 08:00:00
u1168,imp0006515,B,0,2024-01-01 03:00:00
u1168,imp0006516,B,0,2024-01-01 02:00:00
u1168,imp0006517,B,0,2024-01-04 18:00:00
u1168,imp0006518,B,0,2024-01-03 03:00:00
u1168,imp0006519,B,0,2024-01-02 03:00:00
u1168,imp0006520,B,0,2024-01-03 21:00:00
u1169,imp0006521,B,0,2024-01-03 08:00:00
u1169,imp0006522,B,0,2024-01-05 11:00:00
u1169,imp0006523,B,0,2024-01-06 23:00:00
u1169,imp0006524,B,0,2024-01-01 23:00:00
u1169,imp0006525,B,0,2024-01-04 04:00:00
u1169,imp0006526,B,0,2024-01-04 03:00:00
u1169,imp0006527,B,0,2024-01-03 20:00:00
u1169,imp0006528,B,0,2024-01-05 04:00:00
u1170,imp0006529,B,0,2024-01-04 19:00:00
u1170,imp0006530,B,0,2024-01-02 05:00:00
u1170,imp0006531,B,0,2024-01-01 17:00:00
u1170,imp0006532,B,0,2024-01-02 19:00:00
u1170,imp0006533,B,0,2024-01-07 10:00:00
u1170,imp0006534,B,0,2024-01-05 02:00:00
u1171,imp0006535,B,0,2024-01-06 00:00:00
u1171,imp0006536,B,0,2024-01-05 18:00:00
u1171,imp0006537,B,0,2024-01-03 11:00:00
u1171,imp0006538,B,0,2024-01-07 01:00:00
u1172,imp0006539,B,1,2024-01-03 07:00:00
u1172,imp0006540,B,0,2024-01-02 06:00:00
u1172,imp0006541,B,0,2024-01-05 04:00:00
u1173,imp0006542,B,0,2024-01-06 03:00:00
u1173,imp0006543,B,0,2024-01-06 09:00:00
u1173,imp0006544,B,0,2024-01-05 00:00:00
u1173,imp0006545,B,0,2024-01-07 22:00:00
u1173,imp0006546,B,0,2024-01-05 10:00:00
u1174,imp0006547,B,0,2024-01-07 00:00:00
u1174,imp0006548,B,0,2024-01-07 22:00:00
u1174,imp0006549,B,0,2024-01-03 22:00:00
u1174,imp0006550,B,0,2024-01-05 09:00:00
u1175,imp0006551,B,0,2024-01-04 21:00:00
u1175,imp0006552,B,0,2024-01-04 03:00:00
u1175,imp0006553,B,0,2024-01-02 10:00:00
u1175,imp0006554,B,0,2024-01-01 10:00:00
u1175,imp0006555,B,0,2024-01-03 12:00:00
u1175,imp0006556,B,0,2024-01-02 19:00:00
u1175,imp0006557,B,0,2024-01-06 00:00:00
u1175,imp0006558,B,0,2024-01-03 19:00:00
u1176,imp0006559,B,0,2024-01-07 15:00:00
u1176,imp0006560,B,0,2024-01-04 11:00:00
u1176,imp0006561,B,0,2024-01-05 17:00:00
u1177,imp0006562,B,0,2024-01-07 21:00:00
u1177,imp0006563,B,0,2024-01-01 00:00:00
u1177,imp0006564,B,0,2024-01-06 10:00:00
u1177,imp0006565,B,0,2024-01-04 13:00:00
u1177,imp0006566,B,0,2024-01-03 13:00:00
u1177,imp0006567,B,0,2024-01-03 15:00:00
u1178,imp0006568,B,0,2024-01-06 05:00:00
u1178,imp0006569,B,0,2024-01-05 08:00:00
u1178,imp0006570,B,0,2024-01-03 13:00:00
u1179,imp0006571,B,0,2024-01-01 12:00:00
u1179,imp0006572,B,0,2024-01-07 18:00:00
u1179,imp0006573,B,0,2024-01-02 18:00:00
u1179,imp0006574,B,0,2024-01-06 09:00:00
u1179,imp0006575,B,0,2024-01-05 14:00:00
u1180,imp0006576,B,0,2024-01-06 07:00:00
u1180,imp0006577,B,0,2024-01-03 02:00:00
u1180,imp0006578,B,0,2024-01-06 23:00:00
u1180,imp0006579,B,0,2024-01-07 01:00:00
u1180,imp0006580,B,0,2024-01-06 14:00:00
u1180,imp0006581,B,0,2024-01-02 20:00:00
u1180,imp0006582,B,0,2024-01-07 19:00:00
u1181,imp0006583,B,0,2024-01-02 17:00:00
u1181,imp0006584,B,1,2024-01-06 14:00:00
u1181,imp0006585,B,0,2024-01-01 14:00:00
u1182,imp0006586,B,0,2024-01-02 15:00:00
u1182,imp0006587,B,0,2024-01-07 20:00:00
u1182,imp0006588,B,0,2024-01-05 15:00:00
u1182,imp0006589,B,0,2024-01-04 04:00:00
u1182,imp0006590,B,0,2024-01-05 08:00:00
u1182,imp0006591,B,0,2024-01-05 10:00:00
u1183,imp0006592,B,0,2024-01-04 07:00:00
u1183,imp0006593,B,0,2024-01-06 04:00:00
u1183,imp0006594,B,0,2024-01-06 13:00:00
u1183,imp0006595,B,0,2024-01-02 07:00:00
u1184,imp0006596,B,0,2024-01-05 17:00:00
u1184,imp0006597,B,1,2024-01-07 01:00:00
u1184,imp0006598,B,0,2024-01-03 19:00:00
u1184,imp0006599,B,0,2024-01-06 06:00:00
u1184,imp0006600,B,0,2024-01-06 14:00:00
u1184,imp0006601,B,0,2024-01-05 17:00:00
u1185,imp0006602,B,0,2024-01-06 14:00:00
u1185,imp0006603,B,0,2024-01-02 16:00:00
u1185,imp0006604,B,0,2024-01-02 15:00:00
u1185,imp0006605,B,0,2024-01-01 02:00:00
u1185,imp0006606,B,0,2024-01-07 00:00:00
u1186,imp0006607,B,0,2024-01-05 13:00:00
u1186,imp0006608,B,0,2024-01-05 17:00:00
u1186,imp0006609,B,1,2024-01-05 15:00:00
u1186,imp0006610,B,0,2024-01-07 05:00:00
u1187,imp0006611,B,0,2024-01-06 13:00:00
u1187,imp0006612,B,0,2024-01-07 21:00:00
u1187,imp0006613,B,0,2024-01-02 01:00:00
u1187,imp0006614,B,0,2024-01-06 18:00:00
u1187,imp0006615,B,0,2024-01-01 16:00:00
u1187,imp0006616,B,0,2024-01-04 19:00:00
u1188,imp0006617,B,0,2024-01-02 06:00:00
u1188,imp0006618,B,0,2024-01-07 18:00:00
u1188,imp0006619,B,0,2024-01-06 23:00:00
u1188,imp0006620,B,0,2024-01-05 10:00:00
u1188,imp0006621,B,0,2024-01-07 01:00:00
u1189,imp0006622,B,0,2024-01-05 15:00:00
u1189,imp0006623,B,0,2024-01-03 13:00:00
u1189,imp0006624,B,0,2024-01-05 15:00:00
u1189,imp0006625,B,0,2024-01-07 10:00:00
u1189,imp0006626,B,0,2024-01-07 18:00:00
u1189,imp0006627,B,0,2024-01-05 19:00:00
u1189,imp0006628,B,0,2024-01-02 10:00:00
u1190,imp0006629,B,0,2024-01-05 06:00:00
u1190,imp0006630,B,0,2024-01-06 04:00:00
u1190,imp0006631,B,0,2024-01-05 05:00:00
u1190,imp0006632,B,0,2024-01-06 16:00:00
u1190,imp0006633,B,0,2024-01-06 22:00:00
u1190,imp0006634,B,0,2024-01-01 20:00:00
u1191,imp0006635,B,0,2024-01-07 18:00:00
u1191,imp0006636,B,0,2024-01-05 00:00:00
u1191,imp0006637,B,0,2024-01-03 02:00:00
u1191,imp0006638,B,0,2024-01-04 10:00:00
u1191,imp0006639,B,0,2024-01-03 06:00:00
u1191,imp0006640,B,0,2024-01-04 04:00:00
u1192,imp0006641,B,0,2024-01-04 20:00:00
u1192,imp0006642,B,0,2024-01-04 15:00:00
u1192,imp0006643,B,0,2024-01-04 07:00:00
u1192,imp0006644,B,0,2024-01-07 08:00:00
u1192,imp0006645,B,0,2024-01-04 19:00:00
u1192,imp0006646,B,0,2024-01-02 22:00:00
u1193,imp0006647,B,0,2024-01-02 13:00:00
u1193,imp0006648,B,0,2024-01-06 18:00:00
u1193,imp0006649,B,0,2024-01-01 14:00:00
u1193,imp0006650,B,0,2024-01-01 00:00:00
u1193,imp0006651,B,0,2024-01-06 14:00:00
u1194,imp0006652,B,0,2024-01-03 00:00:00
u1194,imp0006653,B,0,2024-01-04 23:00:00
u1194,imp0006654,B,0,2024-01-07 12:00:00
u1195,imp0006655,B,0,2024-01-04 14:00:00
u1195,imp0006656,B,0,2024-01-04 20:00:00
u1195,imp0006657,B,0,2024-01-05 05:00:00
u1195,imp0006658,B,0,2024-01-03 22:00:00
u1196,imp0006659,B,0,2024-01-04 22:00:00
u1196,imp0006660,B,0,2024-01-07 15:00:00
u1196,imp0006661,B,0,2024-01-05 21:00:00
u1196,imp0006662,B,0,2024-01-07 03:00:00
u1196,imp0006663,B,0,2024-01-05 22:00:00
u1196,imp0006664,B,0,2024-01-03 02:00:00
u1197,imp0006665,B,0,2024-01-06 08:00:00
u1197,imp0006666,B,0,2024-01-05 17:00:00
u1197,imp0006667,B,1,2024-01-07 10:00:00
u1198,imp0006668,B,0,2024-01-07 23:00:00
u1198,imp0006669,B,0,2024-01-06 21:00:00
u1198,imp0006670,B,0,2024-01-05 03:00:00
u1198,imp0006671,B,0,2024-01-05 12:00:00
u1198,imp0006672,B,0,2024-01-05 23:00:00
u1198,imp0006673,B,0,2024-01-04 06:00:00
u1198,imp0006674,B,1,2024-01-06 13:00:00
u1199,imp0006675,B,0,2024-01-01 18:00:00
u1199,imp0006676,B,0,2024-01-06 06:00:00
u1199,imp0006677,B,0,2024-01-02 04:00:00
u1200,imp0006678,B,0,2024-01-01 23:00:00
u1200,imp0006679,B,0,2024-01-07 06:00:00
u1200,imp0006680,B,0,2024-01-01 09:00:00
u1200,imp0006681,B,0,2024-01-05 08:00:00
u1200,imp0006682,B,0,2024-01-07 00:00:00
u1200,imp0006683,B,0,2024-01-07 13:00:00
u1200,imp0006684,B,0,2024-01-03 06:00:00
u1201,imp0006685,B,0,2024-01-07 12:00:00
u1201,imp0006686,B,0,2024-01-01 01:00:00
u1201,imp0006687,B,0,2024-01-07 19:00:00
u1201,imp0006688,B,0,2024-01-07 02:00:00
u1201,imp0006689,B,0,2024-01-06 14:00:00
u1202,imp0006690,B,0,2024-01-05 14:00:00
u1202,imp0006691,B,0,2024-01-02 13:00:00
u1202,imp0006692,B,0,2024-01-06 10:00:00
u1202,imp0006693,B,0,2024-01-05 05:00:00
u1203,imp0006694,B,0,2024-01-04 22:00:00
u1203,imp0006695,B,0,2024-01-04 19:00:00
u1203,imp0006696,B,0,2024-01-03 22:00:00
u1203,imp0006697,B,0,2024-01-01 23:00:00
u1204,imp0006698,B,0,2024-01-07 22:00:00
u1204,imp0006699,B,0,2024-01-03 19:00:00
u1204,imp0006700,B,0,2024-01-06 07:00:00
u1204,imp0006701,B,0,2024-01-04 20:00:00
u1204,imp0006702,B,0,2024-01-02 19:00:00
u1204,imp0006703,B,0,2024-01-06 12:00:00
u1205,imp0006704,B,0,2024-01-07 13:00:00
u1205,imp0006705,B,0,2024-01-02 04:00:00
u1205,imp0006706,B,0,2024-01-07 09:00:00
u1205,imp0006707,B,0,2024-01-07 09:00:00
u1205,imp0006708,B,0,2024-01-02 12:00:00
u1205,imp0006709,B,0,2024-01-05 18:00:00
u1205,imp0006710,B,0,2024-01-07 13:00:00
u1206,imp0006711,B,0,2024-01-06 01:00:00
u1206,imp0006712,B,0,2024-01-02 18:00:00
u1206,imp0006713,B,0,2024-01-01 06:00:00
u1206,imp0006714,B,0,2024-01-06 04:00:00
u1206,imp0006715,B,0,2024-01-03 00:00:00
u1207,imp0006716,B,0,2024-01-04 00:00:00
u1207,imp0006717,B,0,2024-01-02 16:00:00
u1207,imp0006718,B,0,2024-01-05 09:00:00
u1208,imp0006719,B,0,2024-01-06 06:00:00
u1208,imp0006720,B,0,2024-01-04 18:00:00
u1208,imp0006721,B,0,2024-01-07 10:00:00
u1208,imp0006722,B,0,2024-01-01 07:00:00
u1208,imp0006723,B,0,2024-01-02 07:00:00
u1208,imp0006724,B,0,2024-01-03 15:00:00
u1208,imp0006725,B,0,2024-01-06 17:00:00
u1209,imp0006726,B,0,2024-01-04 20:00:00
u1209,imp0006727,B,0,2024-01-07 18:00:00
u1209,imp0006728,B,0,2024-01-03 12:00:00
u1209,imp0006729,B,0,2024-01-01 07:00:00
u1209,imp0006730,B,0,2024-01-02 04:00:00
u1209,imp0006731,B,0,2024-01-04 22:00:00
u1209,imp0006732,B,0,2024-01-02 16:00:00
u1210,imp0006733,B,0,2024-01-07 04:00:00
u1210,imp0006734,B,0,2024-01-01 10:00:00
u1210,imp0006735,B,0,2024-01-01 01:00:00
u1210,imp0006736,B,0,2024-01-06 10:00:00
u1210,imp0006737,B,0,2024-01-04 07:00:00
u1210,imp0006738,B,1,2024-01-04 14:00:00
u1210,imp0006739,B,0,2024-01-07 08:00:00
u1210,imp0006740,B,0,2024-01-07 13:00:00
u1211,imp0006741,B,0,2024-01-05 09:00:00
u1211,imp0006742,B,0,2024-01-06 18:00:00
u1211,imp0006743,B,0,2024-01-01 16:00:00
u1211,imp0006744,B,0,2024-01-07 09:00:00
u1212,imp0006745,B,0,2024-01-01 22:00:00
u1212,imp0006746,B,0,2024-01-02 23:00:00
u1212,imp0006747,B,0,2024-01-01 19:00:00
u1213,imp0006748,B,0,2024-01-01 01:00:00
u1213,imp0006749,B,0,2024-01-04 15:00:00
u1213,imp0006750,B,0,2024-01-02 06:00:00
u1213,imp0006751,B,0,2024-01-07 10:00:00
u1213,imp0006752,B,0,2024-01-06 09:00:00
u1213,imp0006753,B,0,2024-01-04 05:00:00
u1213,imp0006754,B,0,2024-01-01 03:00:00
u1214,imp0006755,B,0,2024-01-06 20:00:00
u1214,imp0006756,B,0,2024-01-07 18:00:00
u1214,imp0006757,B,0,2024-01-06 07:00:00
u1215,imp0006758,B,0,2024-01-06 13:00:00
u1215,imp0006759,B,0,2024-01-02 06:00:00
u1215,imp0006760,B,0,2024-01-06 17:00:00
u1215,imp0006761,B,0,2024-01-01 20:00:00
u1216,imp0006762,B,0,2024-01-01 22:00:00
u1216,imp0006763,B,0,2024-01-06 10:00:00
u1216,imp0006764,B,0,2024-01-07 15:00:00
u1216,imp0006765,B,0,2024-01-07 03:00:00
u1217,imp0006766,B,0,2024-01-02 04:00:00
u1217,imp0006767,B,0,2024-01-05 08:00:00
u1217,imp0006768,B,0,2024-01-03 03:00:00
u1217,imp0006769,B,0,2024-01-05 18:00:00
u1218,imp0006770,B,0,2024-01-07 17:00:00
u1218,imp0006771,B,0,2024-01-05 04:00:00
u1218,imp0006772,B,0,2024-01-04 11:00:00
u1218,imp0006773,B,0,2024-01-03 12:00:00
u1218,imp0006774,B,0,2024-01-06 04:00:00
u1218,imp0006775,B,0,2024-01-03 22:00:00
u1218,imp0006776,B,0,2024-01-03 21:00:00
u1218,imp0006777,B,0,2024-01-06 18:00:00
u1219,imp0006778,B,0,2024-01-01 20:00:00
u1219,imp0006779,B,0,2024-01-06 10:00:00
u1219,imp0006780,B,0,2024-01-04 09:00:00
u1219,imp0006781,B,0,2024-01-04 15:00:00
u1219,imp0006782,B,0,2024-01-05 14:00:00
u1219,imp0006783,B,0,2024-01-01 09:00:00
u1220,imp0006784,B,0,2024-01-01 11:00:00
u1220,imp0006785,B,0,2024-01-01 06:00:00
u1220,imp0006786,B,0,2024-01-07 00:00:00
u1220,imp0006787,B,0,2024-01-05 17:00:00
u1220,imp0006788,B,0,2024-01-02 01:00:00
u1221,imp0006789,B,0,2024-01-02 08:00:00
u1221,imp0006790,B,0,2024-01-03 13:00:00
u1221,imp0006791,B,0,2024-01-02 22:00:00
u1221,imp0006792,B,1,2024-01-04 22:00:00
u1221,imp0006793,B,0,2024-01-02 10:00:00
u1222,imp0006794,B,0,2024-01-04 03:00:00
u1222,imp0006795,B,0,2024-01-06 02:00:00
u1222,imp0006796,B,0,2024-01-04 10:00:00
u1223,imp0006797,B,0,2024-01-03 08:00:00
u1223,imp0006798,B,0,2024-01-02 07:00:00
u1223,imp0006799,B,0,2024-01-03 14:00:00
u1224,imp0006800,B,0,2024-01-04 19:00:00
u1224,imp0006801,B,0,2024-01-01 00:00:00
u1224,imp0006802,B,0,2024-01-03 21:00:00
u1224,imp0006803,B,0,2024-01-06 15:00:00
u1224,imp0006804,B,1,2024-01-06 12:00:00
u1224,imp0006805,B,0,2024-01-04 13:00:00
u1225,imp0006806,B,0,2024-01-02 14:00:00
u1225,imp0006807,B,0,2024-01-01 22:00:00
u1225,imp0006808,B,0,2024-01-03 19:00:00
u1225,imp0006809,B,0,2024-01-01 03:00:00
u1225,imp0006810,B,0,2024-01-06 05:00:00
u1225,imp0006811,B,0,2024-01-01 20:00:00
u1226,imp0006812,B,0,2024-01-05 08:00:00
u1226,imp0006813,B,0,2024-01-03 17:00:00
u1226,imp0006814,B,0,2024-01-01 06:00:00
u1226,imp0006815,B,0,2024-01-03 00:00:00
u1226,imp0006816,B,0,2024-01-01 15:00:00
u1226,imp0006817,B,0,2024-01-07 00:00:00
u1226,imp0006818,B,0,2024-01-04 11:00:00
u1227,imp0006819,B,0,2024-01-04 14:00:00
u1227,imp0006820,B,0,2024-01-05 01:00:00
u1227,imp0006821,B,0,2024-01-04 02:00:00
u1227,imp0006822,B,0,2024-01-02 09:00:00
u1228,imp0006823,B,0,2024-01-02 01:00:00
u1228,imp0006824,B,0,2024-01-03 17:00:00
u1228,imp0006825,B,0,2024-01-06 04:00:00
u1229,imp0006826,B,0,2024-01-05 01:00:00
u1229,imp0006827,B,1,2024-01-06 03:00:00
u1229,imp0006828,B,0,2024-01-04 06:00:00
u1230,imp0006829,B,0,2024-01-01 14:00:00
u1230,imp0006830,B,0,2024-01-02 17:00:00
u1230,imp0006831,B,0,2024-01-04 20:00:00
u1230,imp0006832,B,0,2024-01-01 16:00:00
u1231,imp0006833,B,1,2024-01-05 17:00:00
u1231,imp0006834,B,0,2024-01-02 11:00:00
u1231,imp0006835,B,0,2024-01-02 11:00:00
u1231,imp0006836,B,0,2024-01-02 23:00:00
u1231,imp0006837,B,0,2024-01-03 02:00:00
u1231,imp0006838,B,0,2024-01-05 00:00:00
u1232,imp0006839,B,0,2024-01-04 01:00:00
u1232,imp0006840,B,0,2024-01-04 07:00:00
u1232,imp0006841,B,0,2024-01-03 19:00:00
u1232,imp0006842,B,0,2024-01-07 05:00:00
u1232,imp0006843,B,0,2024-01-04 04:00:00
u1232,imp0006844,B,0,2024-01-05 19:00:00
u1232,imp0006845,B,0,2024-01-01 05:00:00
u1232,imp0006846,B,0,2024-01-07 09:00:00
u1233,imp0006847,B,0,2024-01-04 15:00:00
u1233,imp0006848,B,0,2024-01-01 02:00:00
u1233,imp0006849,B,0,2024-01-03 03:00:00
u1233,imp0006850,B,0,2024-01-04 01:00:00
u1233,imp0006851,B,0,2024-01-06 04:00:00
u1234,imp0006852,B,0,2024-01-03 16:00:00
u1234,imp0006853,B,0,2024-01-03 03:00:00
u1234,imp0006854,B,0,2024-01-04 03:00:00
u1234,imp0006855,B,0,2024-01-06 21:00:00
u1234,imp0006856,B,0,2024-01-04 16:00:00
u1234,imp0006857,B,0,2024-01-03 23:00:00
u1235,imp0006858,B,0,2024-01-03 19:00:00
u1235,imp0006859,B,0,2024-01-07 11:00:00
u1235,imp0006860,B,0,2024-01-06 17:00:00
u1235,imp0006861,B,0,2024-01-05 18:00:00
u1235,imp0006862,B,0,2024-01-03 08:00:00
u1236,imp0006863,B,0,2024-01-03 17:00:00
u1236,imp0006864,B,0,2024-01-04 17:00:00
u1236,imp0006865,B,0,2024-01-03 01:00:00
u1236,imp0006866,B,0,2024-01-01 13:00:00
u1237,imp0006867,B,0,2024-01-01 15:00:00
u1237,imp0006868,B,0,2024-01-02 17:00:00
u1237,imp0006869,B,0,2024-01-05 13:00:00
u1237,imp0006870,B,0,2024-01-01 21:00:00
u1238,imp0006871,B,0,2024-01-01 18:00:00
u1238,imp0006872,B,0,2024-01-03 17:00:00
u1238,imp0006873,B,0,2024-01-07 22:00:00
u1238,imp0006874,B,0,2024-01-04 00:00:00
u1238,imp0006875,B,0,2024-01-07 02:00:00
u1238,imp0006876,B,0,2024-01-06 23:00:00
u1239,imp0006877,B,1,2024-01-05 15:00:00
u1239,imp0006878,B,0,2024-01-01 17:00:00
u1239,imp0006879,B,0,2024-01-07 06:00:00
u1239,imp0006880,B,0,2024-01-05 20:00:00
u1239,imp0006881,B,0,2024-01-04 12:00:00
u1239,imp0006882,B,0,2024-01-06 18:00:00
u1239,imp0006883,B,0,2024-01-02 14:00:00
u1239,imp0006884,B,0,2024-01-05 08:00:00
u1240,imp0006885,B,0,2024-01-02 00:00:00
u1240,imp0006886,B,0,2024-01-07 13:00:00
u1240,imp0006887,B,0,2024-01-06 02:00:00
u1240,imp0006888,B,0,2024-01-06 00:00:00
u1240,imp0006889,B,0,2024-01-03 12:00:00
u1240,imp0006890,B,0,2024-01-05 03:00:00
u1241,imp0006891,B,0,2024-01-05 01:00:00
u1241,imp0006892,B,0,2024-01-06 16:00:00
u1241,imp0006893,B,0,2024-01-01 01:00:00
u1241,imp0006894,B,0,2024-01-01 04:00:00
u1241,imp0006895,B,0,2024-01-04 13:00:00
u1242,imp0006896,B,0,2024-01-03 19:00:00
u1242,imp0006897,B,0,2024-01-01 08:00:00
u1242,imp0006898,B,0,2024-01-04 20:00:00
u1242,imp0006899,B,0,2024-01-07 05:00:00
u1242,imp0006900,B,0,2024-01-07 10:00:00
u1242,imp0006901,B,0,2024-01-06 17:00:00
u1242,imp0006902,B,0,2024-01-06 04:00:00
u1243,imp0006903,B,0,2024-01-03 12:00:00
u1243,imp0006904,B,0,2024-01-03 02:00:00
u1243,imp0006905,B,0,2024-01-01 09:00:00
u1243,imp0006906,B,0,2024-01-06 13:00:00
u1244,imp0006907,B,0,2024-01-05 16:00:00
u1244,imp0006908,B,0,2024-01-06 12:00:00
u1244,imp0006909,B,0,2024-01-06 01:00:00
u1244,imp0006910,B,0,2024-01-06 02:00:00
u1244,imp0006911,B,0,2024-01-03 14:00:00
u1244,imp0006912,B,0,2024-01-05 14:00:00
u1244,imp0006913,B,0,2024-01-04 16:00:00
u1244,imp0006914,B,0,2024-01-03 02:00:00
u1245,imp0006915,B,0,2024-01-06 11:00:00
u1245,imp0006916,B,0,2024-01-05 07:00:00
u1245,imp0006917,B,0,2024-01-06 02:00:00
u1245,imp0006918,B,0,2024-01-02 23:00:00
u1246,imp0006919,B,0,2024-01-05 02:00:00
u1246,imp0006920,B,0,2024-01-04 01:00:00
u1246,imp0006921,B,0,2024-01-02 09:00:00
u1246,imp0006922,B,0,2024-01-07 19:00:00
u1246,imp0006923,B,0,2024-01-03 21:00:00
u1247,imp0006924,B,0,2024-01-05 13:00:00
u1247,imp0006925,B,0,2024-01-01 15:00:00
u1247,imp0006926,B,0,2024-01-03 10:00:00
u1247,imp0006927,B,0,2024-01-01 18:00:00
u1247,imp0006928,B,0,2024-01-04 22:00:00
u1248,imp0006929,B,0,2024-01-02 16:00:00
u1248,imp0006930,B,0,2024-01-04 08:00:00
u1248,imp0006931,B,0,2024-01-05 06:00:00
u1249,imp0006932,B,0,2024-01-04 22:00:00
u1249,imp0006933,B,0,2024-01-07 02:00:00
u1249,imp0006934,B,0,2024-01-03 13:00:00
u1249,imp0006935,B,0,2024-01-05 02:00:00
u1249,imp0006936,B,0,2024-01-04 20:00:00
u1249,imp0006937,B,0,2024-01-03 16:00:00
u1249,imp0006938,B,1,2024-01-03 19:00:00
u1249,imp0006939,B,0,2024-01-02 03:00:00
u1250,imp0006940,B,0,2024-01-02 01:00:00
u1250,imp0006941,B,0,2024-01-05 07:00:00
u1250,imp0006942,B,0,2024-01-07 02:00:00
u1250,imp0006943,B,0,2024-01-03 06:00:00
u1251,imp0006944,B,0,2024-01-06 13:00:00
u1251,imp0006945,B,0,2024-01-06 08:00:00
u1251,imp0006946,B,0,2024-01-01 07:00:00
u1251,imp0006947,B,0,2024-01-03 02:00:00
u1251,imp0006948,B,0,2024-01-04 12:00:00
u1251,imp0006949,B,0,2024-01-02 00:00:00
u1252,imp0006950,B,0,2024-01-04 10:00:00
u1252,imp0006951,B,0,2024-01-04 20:00:00
u1252,imp0006952,B,0,2024-01-05 20:00:00
u1253,imp0006953,B,0,2024-01-03 07:00:00
u1253,imp0006954,B,0,2024-01-01 11:00:00
u1253,imp0006955,B,0,2024-01-07 16:00:00
u1253,imp0006956,B,0,2024-01-05 23:00:00
u1254,imp0006957,B,0,2024-01-06 01:00:00
u1254,imp0006958,B,0,2024-01-06 03:00:00
u1254,imp0006959,B,0,2024-01-01 09:00:00
u1255,imp0006960,B,0,2024-01-03 21:00:00
u1255,imp0006961,B,0,2024-01-01 16:00:00
u1255,imp0006962,B,0,2024-01-03 01:00:00
u1255,imp0006963,B,0,2024-01-02 12:00:00
u1255,imp0006964,B,0,2024-01-05 21:00:00
u1255,imp0006965,B,0,2024-01-07 12:00:00
u1256,imp0006966,B,0,2024-01-06 13:00:00
u1256,imp0006967,B,0,2024-01-06 02:00:00
u1256,imp0006968,B,0,2024-01-02 10:00:00
u1256,imp0006969,B,0,2024-01-02 08:00:00
u1256,imp0006970,B,0,2024-01-01 17:00:00
u1257,imp0006971,B,0,2024-01-01 12:00:00
u1257,imp0006972,B,0,2024-01-04 17:00:00
u1257,imp0006973,B,0,2024-01-05 13:00:00
u1257,imp0006974,B,0,2024-01-01 00:00:00
u1257,imp0006975,B,0,2024-01-03 14:00:00
u1257,imp0006976,B,0,2024-01-02 09:00:00
u1257,imp0006977,B,0,2024-01-05 06:00:00
u1258,imp0006978,B,0,2024-01-06 07:00:00
u1258,imp0006979,B,0,2024-01-01 06:00:00
u1258,imp0006980,B,0,2024-01-03 07:00:00
u1258,imp0006981,B,0,2024-01-04 07:00:00
u1259,imp0006982,B,0,2024-01-07 12:00:00
u1259,imp0006983,B,0,2024-01-01 11:00:00
u1259,imp0006984,B,0,2024-01-07 00:00:00
u1259,imp0006985,B,0,2024-01-02 23:00:00
u1259,imp0006986,B,0,2024-01-02 01:00:00
u1259,imp0006987,B,0,2024-01-05 15:00:00
u1259,imp0006988,B,0,2024-01-06 01:00:00
u1260,imp0006989,B,0,2024-01-07 04:00:00
u1260,imp0006990,B,0,2024-01-02 17:00:00
u1260,imp0006991,B,0,2024-01-03 12:00:00
u1260,imp0006992,B,0,2024-01-03 09:00:00
u1260,imp0006993,B,0,2024-01-02 09:00:00
u1260,imp0006994,B,0,2024-01-01 06:00:00
u1261,imp0006995,B,0,2024-01-02 10:00:00
u1261,imp0006996,B,0,2024-01-01 14:00:00
u1261,imp0006997,B,0,2024-01-02 00:00:00
u1261,imp0006998,B,0,2024-01-03 10:00:00
u1261,imp0006999,B,0,2024-01-04 06:00:00
u1261,imp0007000,B,0,2024-01-04 13:00:00
u1261,imp0007001,B,0,2024-01-06 13:00:00
u1262,imp0007002,B,0,2024-01-04 15:00:00
u1262,imp0007003,B,0,2024-01-07 04:00:00
u1262,imp0007004,B,0,2024-01-03 22:00:00
u1262,imp0007005,B,0,2024-01-06 00:00:00
u1262,imp0007006,B,0,2024-01-04 20:00:00
u1262,imp0007007,B,0,2024-01-04 23:00:00
u1263,imp0007008,B,0,2024-01-03 10:00:00
u1263,imp0007009,B,0,2024-01-03 20:00:00
u1263,imp0007010,B,0,2024-01-06 11:00:00
u1263,imp0007011,B,0,2024-01-04 13:00:00
u1263,imp0007012,B,0,2024-01-01 17:00:00
u1263,imp0007013,B,0,2024-01-04 08:00:00
u1263,imp0007014,B,0,2024-01-05 17:00:00
u1264,imp0007015,B,0,2024-01-06 20:00:00
u1264,imp0007016,B,0,2024-01-03 13:00:00
u1264,imp0007017,B,0,2024-01-03 05:00:00
u1264,imp0007018,B,0,2024-01-06 22:00:00
u1265,imp0007019,B,0,2024-01-06 10:00:00
u1265,imp0007020,B,0,2024-01-02 12:00:00
u1265,imp0007021,B,0,2024-01-02 12:00:00
u1265,imp0007022,B,0,2024-01-06 10:00:00
u1265,imp0007023,B,0,2024-01-02 10:00:00
u1265,imp0007024,B,0,2024-01-06 03:00:00
u1265,imp0007025,B,0,2024-01-07 11:00:00
u1266,imp0007026,B,0,2024-01-01 17:00:00
u1266,imp0007027,B,0,2024-01-06 01:00:00
u1266,imp0007028,B,0,2024-01-07 19:00:00
u1266,imp0007029,B,0,2024-01-07 16:00:00
u1266,imp0007030,B,0,2024-01-07 09:00:00
u1266,imp0007031,B,0,2024-01-02 23:00:00
u1267,imp0007032,B,0,2024-01-07 23:00:00
u1267,imp0007033,B,0,2024-01-06 14:00:00
u1267,imp0007034,B,0,2024-01-03 08:00:00
u1268,imp0007035,B,0,2024-01-03 07:00:00
u1268,imp0007036,B,0,2024-01-06 05:00:00
u1268,imp0007037,B,0,2024-01-07 14:00:00
u1268,imp0007038,B,0,2024-01-03 10:00:00
u1268,imp0007039,B,0,2024-01-03 09:00:00
u1268,imp0007040,B,0,2024-01-06 19:00:00
u1268,imp0007041,B,0,2024-01-07 14:00:00
u1269,imp0007042,B,0,2024-01-04 01:00:00
u1269,imp0007043,B,0,2024-01-07 22:00:00
u1269,imp0007044,B,0,2024-01-07 03:00:00
u1269,imp0007045,B,0,2024-01-05 04:00:00
u1269,imp0007046,B,0,2024-01-02 23:00:00
u1269,imp0007047,B,0,2024-01-03 22:00:00
u1270,imp0007048,B,0,2024-01-06 01:00:00
u1270,imp0007049,B,0,2024-01-04 05:00:00
u1270,imp0007050,B,0,2024-01-02 04:00:00
u1270,imp0007051,B,0,2024-01-04 20:00:00
u1270,imp0007052,B,0,2024-01-04 00:00:00
u1270,imp0007053,B,0,2024-01-05 03:00:00
u1271,imp0007054,B,0,2024-01-04 22:00:00
u1271,imp0007055,B,0,2024-01-01 16:00:00
u1271,imp0007056,B,0,2024-01-06 16:00:00
u1271,imp0007057,B,0,2024-01-05 00:00:00
u1272,imp0007058,B,0,2024-01-01 08:00:00
u1272,imp0007059,B,0,2024-01-06 14:00:00
u1272,imp0007060,B,0,2024-01-06 23:00:00
u1272,imp0007061,B,0,2024-01-01 18:00:00
u1273,imp0007062,B,0,2024-01-05 17:00:00
u1273,imp0007063,B,0,2024-01-06 18:00:00
u1273,imp0007064,B,0,2024-01-06 04:00:00
u1273,imp0007065,B,0,2024-01-03 12:00:00
u1273,imp0007066,B,0,2024-01-02 17:00:00
u1273,imp0007067,B,0,2024-01-01 12:00:00
u1273,imp0007068,B,0,2024-01-06 19:00:00
u1273,imp0007069,B,0,2024-01-04 12:00:00
u1274,imp0007070,B,0,2024-01-01 19:00:00
u1274,imp0007071,B,0,2024-01-03 01:00:00
u1274,imp0007072,B,0,2024-01-07 19:00:00
u1274,imp0007073,B,0,2024-01-04 19:00:00
u1275,imp0007074,B,0,2024-01-02 12:00:00
u1275,imp0007075,B,0,2024-01-06 19:00:00
u1275,imp0007076,B,0,2024-01-05 02:00:00
u1275,imp0007077,B,0,2024-01-06 04:00:00
u1275,imp0007078,B,0,2024-01-07 23:00:00
u1275,imp0007079,B,0,2024-01-03 05:00:00
u1275,imp0007080,B,0,2024-01-06 09:00:00
u1276,imp0007081,B,0,2024-01-02 16:00:00
u1276,imp0007082,B,0,2024-01-02 20:00:00
u1276,imp0007083,B,0,2024-01-05 06:00:00
u1276,imp0007084,B,0,2024-01-05 09:00:00
u1277,imp0007085,B,0,2024-01-06 07:00:00
u1277,imp0007086,B,0,2024-01-04 13:00:00
u1277,imp0007087,B,0,2024-01-02 22:00:00
u1278,imp0007088,B,0,2024-01-01 00:00:00
u1278,imp0007089,B,0,2024-01-02 19:00:00
u1278,imp0007090,B,0,2024-01-07 05:00:00
u1278,imp0007091,B,1,2024-01-02 13:00:00
u1278,imp0007092,B,0,2024-01-01 18:00:00
u1278,imp0007093,B,0,2024-01-07 14:00:00
u1278,imp0007094,B,0,2024-01-05 18:00:00
u1279,imp0007095,B,0,2024-01-04 14:00:00
u1279,imp0007096,B,0,2024-01-06 02:00:00
u1279,imp0007097,B,0,2024-01-04 09:00:00
u1279,imp0007098,B,0,2024-01-07 09:00:00
u1279,imp0007099,B,0,2024-01-06 20:00:00
u1280,imp0007100,B,0,2024-01-07 01:00:00
u1280,imp0007101,B,0,2024-01-03 18:00:00
u1280,imp0007102,B,0,2024-01-06 01:00:00
u1280,imp0007103,B,0,2024-01-04 14:00:00
u1281,imp0007104,B,0,2024-01-03 06:00:00
u1281,imp0007105,B,0,2024-01-04 16:00:00
u1281,imp0007106,B,0,2024-01-03 09:00:00
u1281,imp0007107,B,0,2024-01-03 14:00:00
u1281,imp0007108,B,0,2024-01-04 18:00:00
u1282,imp0007109,B,0,2024-01-06 05:00:00
u1282,imp0007110,B,0,2024-01-01 23:00:00
u1282,imp0007111,B,0,2024-01-03 23:00:00
u1282,imp0007112,B,0,2024-01-01 08:00:00
u1282,imp0007113,B,0,2024-01-05 13:00:00
u1282,imp0007114,B,0,2024-01-07 20:00:00
u1283,imp0007115,B,0,2024-01-05 20:00:00
u1283,imp0007116,B,0,2024-01-04 10:00:00
u1283,imp0007117,B,0,2024-01-04 07:00:00
u1283,imp0007118,B,0,2024-01-07 07:00:00
u1283,imp0007119,B,0,2024-01-07 04:00:00
u1283,imp0007120,B,0,2024-01-05 03:00:00
u1283,imp0007121,B,0,2024-01-02 15:00:00
u1283,imp0007122,B,0,2024-01-05 06:00:00
u1284,imp0007123,B,0,2024-01-03 20:00:00
u1284,imp0007124,B,0,2024-01-06 21:00:00
u1284,imp0007125,B,0,2024-01-05 12:00:00
u1284,imp0007126,B,0,2024-01-01 03:00:00
u1284,imp0007127,B,0,2024-01-03 23:00:00
u1284,imp0007128,B,0,2024-01-01 16:00:00
u1284,imp0007129,B,0,2024-01-05 17:00:00
u1284,imp0007130,B,0,2024-01-04 12:00:00
u1285,imp0007131,B,0,2024-01-05 10:00:00
u1285,imp0007132,B,0,2024-01-02 23:00:00
u1285,imp0007133,B,0,2024-01-05 20:00:00
u1286,imp0007134,B,0,2024-01-02 06:00:00
u1286,imp0007135,B,0,2024-01-05 15:00:00
u1286,imp0007136,B,0,2024-01-02 22:00:00
u1287,imp0007137,B,0,2024-01-05 11:00:00
u1287,imp0007138,B,0,2024-01-03 23:00:00
u1287,imp0007139,B,0,2024-01-03 22:00:00
u1287,imp0007140,B,0,2024-01-07 17:00:00
u1287,imp0007141,B,0,2024-01-05 11:00:00
u1287,imp0007142,B,0,2024-01-03 04:00:00
u1287,imp0007143,B,0,2024-01-06 21:00:00
u1287,imp0007144,B,0,2024-01-01 15:00:00
u1288,imp0007145,B,0,2024-01-05 19:00:00
u1288,imp0007146,B,0,2024-01-04 00:00:00
u1288,imp0007147,B,0,2024-01-04 01:00:00
u1288,imp0007148,B,0,2024-01-04 08:00:00
u1288,imp0007149,B,0,2024-01-01 11:00:00
u1289,imp0007150,B,0,2024-01-07 02:00:00
u1289,imp0007151,B,0,2024-01-02 16:00:00
u1289,imp0007152,B,0,2024-01-07 12:00:00
u1289,imp0007153,B,0,2024-01-03 10:00:00
u1289,imp0007154,B,0,2024-01-04 16:00:00
u1289,imp0007155,B,0,2024-01-01 23:00:00
u1289,imp0007156,B,0,2024-01-06 23:00:00
u1289,imp0007157,B,0,2024-01-04 07:00:00
u1290,imp0007158,B,0,2024-01-07 20:00:00
u1290,imp0007159,B,0,2024-01-06 11:00:00
u1290,imp0007160,B,0,2024-01-04 19:00:00
u1290,imp0007161,B,0,2024-01-07 21:00:00
u1290,imp0007162,B,0,2024-01-04 19:00:00
u1290,imp0007163,B,0,2024-01-04 08:00:00
u1290,imp0007164,B,0,2024-01-06 21:00:00
u1290,imp0007165,B,0,2024-01-03 22:00:00
u1291,imp0007166,B,0,2024-01-03 16:00:00
u1291,imp0007167,B,0,2024-01-03 03:00:00
u1291,imp0007168,B,0,2024-01-02 05:00:00
u1291,imp0007169,B,0,2024-01-05 02:00:00
u1291,imp0007170,B,0,2024-01-07 13:00:00
u1291,imp0007171,B,0,2024-01-05 01:00:00
u1291,imp0007172,B,0,2024-01-02 17:00:00
u1291,imp0007173,B,0,2024-01-06 18:00:00
u1292,imp0007174,B,0,2024-01-07 07:00:00
u1292,imp0007175,B,0,2024-01-07 22:00:00
u1292,imp0007176,B,0,2024-01-03 23:00:00
u1292,imp0007177,B,0,2024-01-01 17:00:00
u1292,imp0007178,B,0,2024-01-04 04:00:00
u1293,imp0007179,B,0,2024-01-05 18:00:00
u1293,imp0007180,B,0,2024-01-04 14:00:00
u1293,imp0007181,B,0,2024-01-06 19:00:00
u1293,imp0007182,B,0,2024-01-07 14:00:00
u1293,imp0007183,B,0,2024-01-04 19:00:00
u1293,imp0007184,B,0,2024-01-01 21:00:00
u1293,imp0007185,B,0,2024-01-04 19:00:00
u1294,imp0007186,B,0,2024-01-02 00:00:00
u1294,imp0007187,B,0,2024-01-05 11:00:00
u1294,imp0007188,B,0,2024-01-06 14:00:00
u1294,imp0007189,B,0,2024-01-05 12:00:00
u1294,imp0007190,B,0,2024-01-06 13:00:00
u1294,imp0007191,B,0,2024-01-01 23:00:00
u1294,imp0007192,B,0,2024-01-01 18:00:00
u1295,imp0007193,B,0,2024-01-05 18:00:00
u1295,imp0007194,B,0,2024-01-01 08:00:00
u1295,imp0007195,B,0,2024-01-05 15:00:00
u1295,imp0007196,B,0,2024-01-07 19:00:00
u1295,imp0007197,B,0,2024-01-05 05:00:00
u1296,imp0007198,B,0,2024-01-07 07:00:00
u1296,imp0007199,B,0,2024-01-02 23:00:00
u1296,imp0007200,B,0,2024-01-03 20:00:00
u1296,imp0007201,B,0,2024-01-05 22:00:00
u1296,imp0007202,B,0,2024-01-02 20:00:00
u1297,imp0007203,B,0,2024-01-01 13:00:00
u1297,imp0007204,B,0,2024-01-07 12:00:00
u1297,imp0007205,B,0,2024-01-06 13:00:00
u1297,imp0007206,B,0,2024-01-06 14:00:00
u1297,imp0007207,B,0,2024-01-02 12:00:00
u1297,imp0007208,B,0,2024-01-03 04:00:00
u1297,imp0007209,B,0,2024-01-01 17:00:00
u1298,imp0007210,B,0,2024-01-02 13:00:00
u1298,imp0007211,B,0,2024-01-06 08:00:00
u1298,imp0007212,B,0,2024-01-02 19:00:00
u1298,imp0007213,B,0,2024-01-02 22:00:00
u1298,imp0007214,B,0,2024-01-02 10:00:00
u1298,imp0007215,B,0,2024-01-03 11:00:00
u1299,imp0007216,B,0,2024-01-03 03:00:00
u1299,imp0007217,B,0,2024-01-01 07:00:00
u1299,imp0007218,B,0,2024-01-05 10:00:00
u1299,imp0007219,B,0,2024-01-06 10:00:00
u1300,imp0007220,B,0,2024-01-06 21:00:00
u1300,imp0007221,B,0,2024-01-04 23:00:00
u1300,imp0007222,B,0,2024-01-02 01:00:00
u1300,imp0007223,B,0,2024-01-05 14:00:00
u1300,imp0007224,B,0,2024-01-06 02:00:00
u1300,imp0007225,B,0,2024-01-07 23:00:00
u1300,imp0007226,B,0,2024-01-03 02:00:00
u1301,imp0007227,B,0,2024-01-01 04:00:00
u1301,imp0007228,B,0,2024-01-04 04:00:00
u1301,imp0007229,B,0,2024-01-07 15:00:00
u1301,imp0007230,B,0,2024-01-01 00:00:00
u1301,imp0007231,B,0,2024-01-01 10:00:00
u1302,imp0007232,B,1,2024-01-07 23:00:00
u1302,imp0007233,B,0,2024-01-02 07:00:00
u1302,imp0007234,B,0,2024-01-02 03:00:00
u1302,imp0007235,B,0,2024-01-06 10:00:00
u1302,imp0007236,B,0,2024-01-06 07:00:00
u1302,imp0007237,B,0,2024-01-03 13:00:00
u1302,imp0007238,B,0,2024-01-02 02:00:00
u1303,imp0007239,B,0,2024-01-02 20:00:00
u1303,imp0007240,B,0,2024-01-05 08:00:00
u1303,imp0007241,B,0,2024-01-04 19:00:00
u1303,imp0007242,B,0,2024-01-02 00:00:00
u1303,imp0007243,B,0,2024-01-02 19:00:00
u1303,imp0007244,B,0,2024-01-06 21:00:00
u1303,imp0007245,B,0,2024-01-06 15:00:00
u1304,imp0007246,B,0,2024-01-04 07:00:00
u1304,imp0007247,B,0,2024-01-04 09:00:00
u1304,imp0007248,B,0,2024-01-06 14:00:00
u1304,imp0007249,B,0,2024-01-04 15:00:00
u1304,imp0007250,B,0,2024-01-06 06:00:00
u1304,imp0007251,B,0,2024-01-03 06:00:00
u1304,imp0007252,B,0,2024-01-06 20:00:00
u1304,imp0007253,B,0,2024-01-03 07:00:00
u1305,imp0007254,B,0,2024-01-03 09:00:00
u1305,imp0007255,B,0,2024-01-07 18:00:00
u1305,imp0007256,B,0,2024-01-04 15:00:00
u1306,imp0007257,B,0,2024-01-06 23:00:00
u1306,imp0007258,B,0,2024-01-01 07:00:00
u1306,imp0007259,B,0,2024-01-02 15:00:00
u1307,imp0007260,B,0,2024-01-01 13:00:00
u1307,imp0007261,B,0,2024-01-03 04:00:00
u1307,imp0007262,B,0,2024-01-06 06:00:00
u1308,imp0007263,B,0,2024-01-04 07:00:00
u1308,imp0007264,B,0,2024-01-05 18:00:00
u1308,imp0007265,B,0,2024-01-06 13:00:00
u1308,imp0007266,B,0,2024-01-03 06:00:00
u1308,imp0007267,B,0,2024-01-02 19:00:00
u1309,imp0007268,B,0,2024-01-01 15:00:00
u1309,imp0007269,B,0,2024-01-01 11:00:00
u1309,imp0007270,B,0,2024-01-07 03:00:00
u1309,imp0007271,B,0,2024-01-02 20:00:00
u1310,imp0007272,B,0,2024-01-04 20:00:00
u1310,imp0007273,B,0,2024-01-01 21:00:00
u1310,imp0007274,B,0,2024-01-05 00:00:00
u1310,imp0007275,B,0,2024-01-02 22:00:00
u1310,imp0007276,B,0,2024-01-02 04:00:00
u1311,imp0007277,B,0,2024-01-02 20:00:00
u1311,imp0007278,B,0,2024-01-04 04:00:00
u1311,imp0007279,B,0,2024-01-01 08:00:00
u1311,imp0007280,B,0,2024-01-01 23:00:00
u1311,imp0007281,B,0,2024-01-01 14:00:00
u1311,imp0007282,B,0,2024-01-07 19:00:00
u1311,imp0007283,B,0,2024-01-01 12:00:00
u1311,imp0007284,B,0,2024-01-04 18:00:00
u1312,imp0007285,B,0,2024-01-03 22:00:00
u1312,imp0007286,B,0,2024-01-06 01:00:00
u1312,imp0007287,B,0,2024-01-04 03:00:00
u1312,imp0007288,B,0,2024-01-07 19:00:00
u1312,imp0007289,B,1,2024-01-05 19:00:00
u1312,imp0007290,B,0,2024-01-03 12:00:00
u1313,imp0007291,B,0,2024-01-07 23:00:00
u1313,imp0007292,B,0,2024-01-06 05:00:00
u1313,imp0007293,B,0,2024-01-07 10:00:00
u1314,imp0007294,B,0,2024-01-07 17:00:00
u1314,imp0007295,B,0,2024-01-03 19:00:00
u1314,imp0007296,B,0,2024-01-04 15:00:00
u1315,imp0007297,B,0,2024-01-07 16:00:00
u1315,imp0007298,B,0,2024-01-06 14:00:00
u1315,imp0007299,B,0,2024-01-01 02:00:00
u1315,imp0007300,B,0,2024-01-03 02:00:00
u1315,imp0007301,B,0,2024-01-04 06:00:00
u1315,imp0007302,B,0,2024-01-04 22:00:00
u1315,imp0007303,B,0,2024-01-06 02:00:00
u1316,imp0007304,B,0,2024-01-01 05:00:00
u1316,imp0007305,B,0,2024-01-07 12:00:00
u1316,imp0007306,B,0,2024-01-01 16:00:00
u1316,imp0007307,B,0,2024-01-05 20:00:00
u1316,imp0007308,B,0,2024-01-03 11:00:00
u1317,imp0007309,B,0,2024-01-07 07:00:00
u1317,imp0007310,B,0,2024-01-06 04:00:00
u1317,imp0007311,B,0,2024-01-04 08:00:00
u1317,imp0007312,B,0,2024-01-04 12:00:00
u1317,imp0007313,B,0,2024-01-03 02:00:00
u1317,imp0007314,B,0,2024-01-06 18:00:00
u1317,imp0007315,B,0,2024-01-03 22:00:00
u1317,imp0007316,B,0,2024-01-02 14:00:00
u1318,imp0007317,B,0,2024-01-02 23:00:00
u1318,imp0007318,B,0,2024-01-06 04:00:00
u1318,imp0007319,B,0,2024-01-03 08:00:00
u1318,imp0007320,B,0,2024-01-01 20:00:00
u1318,imp0007321,B,0,2024-01-04 09:00:00
u1318,imp0007322,B,0,2024-01-05 02:00:00
u1318,imp0007323,B,0,2024-01-07 03:00:00
u1319,imp0007324,B,0,2024-01-04 03:00:00
u1319,imp0007325,B,0,2024-01-03 13:00:00
u1319,imp0007326,B,0,2024-01-05 22:00:00
u1319,imp0007327,B,0,2024-01-02 12:00:00
u1319,imp0007328,B,0,2024-01-06 13:00:00
u1319,imp0007329,B,0,2024-01-02 01:00:00
u1319,imp0007330,B,0,2024-01-01 07:00:00
u1320,imp0007331,B,0,2024-01-01 03:00:00
u1320,imp0007332,B,0,2024-01-01 20:00:00
u1320,imp0007333,B,0,2024-01-07 14:00:00
u1321,imp0007334,B,0,2024-01-02 00:00:00
u1321,imp0007335,B,0,2024-01-06 22:00:00
u1321,imp0007336,B,0,2024-01-07 18:00:00
u1321,imp0007337,B,0,2024-01-02 18:00:00
u1321,imp0007338,B,0,2024-01-02 12:00:00
u1321,imp0007339,B,0,2024-01-02 17:00:00
u1321,imp0007340,B,0,2024-01-04 19:00:00
u1322,imp0007341,B,0,2024-01-06 21:00:00
u1322,imp0007342,B,0,2024-01-03 19:00:00
u1322,imp0007343,B,0,2024-01-03 04:00:00
u1322,imp0007344,B,0,2024-01-04 11:00:00
u1322,imp0007345,B,0,2024-01-02 09:00:00
u1322,imp0007346,B,0,2024-01-04 03:00:00
u1322,imp0007347,B,0,2024-01-05 00:00:00
u1323,imp0007348,B,0,2024-01-02 05:00:00
u1323,imp0007349,B,0,2024-01-04 15:00:00
u1323,imp0007350,B,0,2024-01-01 06:00:00
u1323,imp0007351,B,0,2024-01-02 11:00:00
u1323,imp0007352,B,0,2024-01-02 13:00:00
u1323,imp0007353,B,0,2024-01-03 03:00:00
u1324,imp0007354,B,0,2024-01-07 06:00:00
u1324,imp0007355,B,0,2024-01-06 19:00:00
u1324,imp0007356,B,0,2024-01-06 22:00:00
u1324,imp0007357,B,0,2024-01-04 20:00:00
u1324,imp0007358,B,0,2024-01-05 10:00:00
u1324,imp0007359,B,0,2024-01-06 05:00:00
u1324,imp0007360,B,0,2024-01-03 00:00:00
u1324,imp0007361,B,0,2024-01-01 20:00:00
u1325,imp0007362,B,0,2024-01-01 14:00:00
u1325,imp0007363,B,1,2024-01-03 14:00:00
u1325,imp0007364,B,0,2024-01-02 02:00:00
u1325,imp0007365,B,0,2024-01-04 20:00:00
u1325,imp0007366,B,0,2024-01-05 08:00:00
u1325,imp0007367,B,0,2024-01-03 04:00:00
u1325,imp0007368,B,0,2024-01-03 03:00:00
u1325,imp0007369,B,0,2024-01-03 14:00:00
u1326,imp0007370,B,0,2024-01-03 08:00:00
u1326,imp0007371,B,0,2024-01-05 23:00:00
u1326,imp0007372,B,0,2024-01-03 03:00:00
u1327,imp0007373,B,0,2024-01-02 18:00:00
u1327,imp0007374,B,0,2024-01-06 14:00:00
u1327,imp0007375,B,0,2024-01-05 20:00:00
u1327,imp0007376,B,0,2024-01-01 03:00:00
u1327,imp0007377,B,0,2024-01-06 12:00:00
u1328,imp0007378,B,0,2024-01-04 07:00:00
u1328,imp0007379,B,0,2024-01-02 16:00:00
u1328,imp0007380,B,0,2024-01-06 11:00:00
u1328,imp0007381,B,0,2024-01-01 01:00:00
u1328,imp0007382,B,0,2024-01-07 04:00:00
u1329,imp0007383,B,0,2024-01-02 18:00:00
u1329,imp0007384,B,0,2024-01-04 09:00:00
u1329,imp0007385,B,0,2024-01-05 11:00:00
u1329,imp0007386,B,0,2024-01-06 16:00:00
u1329,imp0007387,B,0,2024-01-07 11:00:00
u1329,imp0007388,B,0,2024-01-02 01:00:00
u1329,imp0007389,B,0,2024-01-04 09:00:00
u1329,imp0007390,B,0,2024-01-04 10:00:00
u1330,imp0007391,B,0,2024-01-04 00:00:00
u1330,imp0007392,B,0,2024-01-05 03:00:00
u1330,imp0007393,B,0,2024-01-03 00:00:00
u1330,imp0007394,B,0,2024-01-07 00:00:00
u1330,imp0007395,B,0,2024-01-03 14:00:00
u1331,imp0007396,B,0,2024-01-05 08:00:00
u1331,imp0007397,B,0,2024-01-05 08:00:00
u1331,imp0007398,B,0,2024-01-03 20:00:00
u1331,imp0007399,B,0,2024-01-01 14:00:00
u1332,imp0007400,B,0,2024-01-07 11:00:00
u1332,imp0007401,B,0,2024-01-01 02:00:00
u1332,imp0007402,B,0,2024-01-05 05:00:00
u1332,imp0007403,B,0,2024-01-01 03:00:00
u1332,imp0007404,B,0,2024-01-04 15:00:00
u1333,imp0007405,B,0,2024-01-02 20:00:00
u1333,imp0007406,B,0,2024-01-04 02:00:00
u1333,imp0007407,B,0,2024-01-07 20:00:00
u1333,imp0007408,B,0,2024-01-01 08:00:00
u1333,imp0007409,B,0,2024-01-07 00:00:00
u1333,imp0007410,B,0,2024-01-05 21:00:00
u1333,imp0007411,B,0,2024-01-03 16:00:00
u1334,imp0007412,B,0,2024-01-07 14:00:00
u1334,imp0007413,B,1,2024-01-02 01:00:00
u1334,imp0007414,B,0,2024-01-01 22:00:00
u1334,imp0007415,B,0,2024-01-02 05:00:00
u1334,imp0007416,B,0,2024-01-01 09:00:00
u1335,imp0007417,B,1,2024-01-03 15:00:00
u1335,imp0007418,B,0,2024-01-07 05:00:00
u1335,imp0007419,B,0,2024-01-06 22:00:00
u1335,imp0007420,B,0,2024-01-06 02:00:00
u1335,imp0007421,B,0,2024-01-05 08:00:00
u1335,imp0007422,B,0,2024-01-04 01:00:00
u1336,imp0007423,B,0,2024-01-05 08:00:00
u1336,imp0007424,B,0,2024-01-02 22:00:00
u1336,imp0007425,B,0,2024-01-04 14:00:00
u1336,imp0007426,B,0,2024-01-03 04:00:00
u1336,imp0007427,B,0,2024-01-06 08:00:00
u1336,imp0007428,B,0,2024-01-01 01:00:00
u1337,imp0007429,B,0,2024-01-07 02:00:00
u1337,imp0007430,B,0,2024-01-03 23:00:00
u1337,imp0007431,B,0,2024-01-06 19:00:00
u1337,imp0007432,B,0,2024-01-07 09:00:00
u1338,imp0007433,B,0,2024-01-02 04:00:00
u1338,imp0007434,B,0,2024-01-01 14:00:00
u1338,imp0007435,B,0,2024-01-06 08:00:00
u1338,imp0007436,B,0,2024-01-03 11:00:00
u1338,imp0007437,B,0,2024-01-05 10:00:00
u1339,imp0007438,B,0,2024-01-01 02:00:00
u1339,imp0007439,B,0,2024-01-05 18:00:00
u1339,imp0007440,B,0,2024-01-07 01:00:00
u1339,imp0007441,B,0,2024-01-03 03:00:00
u1339,imp0007442,B,0,2024-01-03 11:00:00
u1339,imp0007443,B,0,2024-01-02 09:00:00
u1340,imp0007444,B,0,2024-01-04 16:00:00
u1340,imp0007445,B,0,2024-01-03 11:00:00
u1340,imp0007446,B,0,2024-01-07 09:00:00
u1340,imp0007447,B,0,2024-01-01 18:00:00
u1340,imp0007448,B,0,2024-01-05 14:00:00
u1340,imp0007449,B,0,2024-01-01 21:00:00
u1340,imp0007450,B,0,2024-01-07 16:00:00
u1341,imp0007451,B,0,2024-01-06 07:00:00
u1341,imp0007452,B,0,2024-01-02 10:00:00
u1341,imp0007453,B,0,2024-01-05 10:00:00
u1341,imp0007454,B,0,2024-01-06 07:00:00
u1341,imp0007455,B,0,2024-01-04 10:00:00
u1341,imp0007456,B,0,2024-01-06 17:00:00
u1341,imp0007457,B,0,2024-01-06 22:00:00
u1341,imp0007458,B,0,2024-01-06 18:00:00
u1342,imp0007459,B,0,2024-01-01 23:00:00
u1342,imp0007460,B,0,2024-01-04 04:00:00
u1342,imp0007461,B,0,2024-01-05 04:00:00
u1342,imp0007462,B,0,2024-01-06 11:00:00
u1343,imp0007463,B,0,2024-01-05 01:00:00
u1343,imp0007464,B,0,2024-01-05 23:00:00
u1343,imp0007465,B,0,2024-01-02 12:00:00
u1343,imp0007466,B,0,2024-01-02 23:00:00
u1343,imp0007467,B,0,2024-01-01 00:00:00
u1343,imp0007468,B,0,2024-01-03 11:00:00
u1343,imp0007469,B,0,2024-01-06 19:00:00
u1344,imp0007470,B,0,2024-01-06 18:00:00
u1344,imp0007471,B,0,2024-01-02 19:00:00
u1344,imp0007472,B,0,2024-01-05 18:00:00
u1344,imp0007473,B,0,2024-01-05 11:00:00
u1344,imp0007474,B,0,2024-01-02 19:00:00
u1344,imp0007475,B,0,2024-01-04 05:00:00
u1344,imp0007476,B,0,2024-01-07 17:00:00
u1345,imp0007477,B,0,2024-01-06 11:00:00
u1345,imp0007478,B,0,2024-01-05 19:00:00
u1345,imp0007479,B,0,2024-01-05 22:00:00
u1346,imp0007480,B,0,2024-01-06 23:00:00
u1346,imp0007481,B,0,2024-01-01 09:00:00
u1346,imp0007482,B,0,2024-01-05 12:00:00
u1346,imp0007483,B,0,2024-01-02 10:00:00
u1347,imp0007484,B,0,2024-01-06 13:00:00
u1347,imp0007485,B,0,2024-01-01 18:00:00
u1347,imp0007486,B,0,2024-01-01 07:00:00
u1347,imp0007487,B,0,2024-01-01 09:00:00
u1347,imp0007488,B,0,2024-01-07 21:00:00
u1348,imp0007489,B,0,2024-01-01 14:00:00
u1348,imp0007490,B,0,2024-01-04 14:00:00
u1348,imp0007491,B,0,2024-01-01 22:00:00
u1348,imp0007492,B,0,2024-01-02 21:00:00
u1348,imp0007493,B,0,2024-01-02 03:00:00
u1348,imp0007494,B,0,2024-01-02 01:00:00
u1348,imp0007495,B,0,2024-01-01 09:00:00
u1349,imp0007496,B,0,2024-01-03 18:00:00
u1349,imp0007497,B,1,2024-01-06 14:00:00
u1349,imp0007498,B,0,2024-01-03 06:00:00
u1349,imp0007499,B,0,2024-01-02 06:00:00
u1349,imp0007500,B,0,2024-01-04 01:00:00
u1349,imp0007501,B,0,2024-01-01 18:00:00
u1350,imp0007502,B,0,2024-01-04 08:00:00
u1350,imp0007503,B,0,2024-01-07 11:00:00
u1350,imp0007504,B,0,2024-01-07 02:00:00
u1350,imp0007505,B,0,2024-01-04 14:00:00
u1350,imp0007506,B,0,2024-01-01 19:00:00
u1350,imp0007507,B,0,2024-01-01 12:00:00
u1351,imp0007508,B,0,2024-01-02 18:00:00
u1351,imp0007509,B,0,2024-01-06 18:00:00
u1351,imp0007510,B,0,2024-01-06 22:00:00
u1351,imp0007511,B,0,2024-01-07 00:00:00
u1351,imp0007512,B,0,2024-01-03 01:00:00
u1351,imp0007513,B,0,2024-01-02 03:00:00
u1351,imp0007514,B,0,2024-01-01 03:00:00
u1352,imp0007515,B,0,2024-01-05 22:00:00
u1352,imp0007516,B,0,2024-01-05 04:00:00
u1352,imp0007517,B,0,2024-01-02 14:00:00
u1352,imp0007518,B,0,2024-01-02 09:00:00
u1352,imp0007519,B,0,2024-01-05 00:00:00
u1352,imp0007520,B,0,2024-01-02 19:00:00
u1352,imp0007521,B,0,2024-01-02 15:00:00
u1352,imp0007522,B,0,2024-01-05 00:00:00
u1353,imp0007523,B,0,2024-01-06 09:00:00
u1353,imp0007524,B,0,2024-01-07 11:00:00
u1353,imp0007525,B,0,2024-01-04 01:00:00
u1353,imp0007526,B,0,2024-01-04 13:00:00
u1353,imp0007527,B,0,2024-01-04 17:00:00
u1353,imp0007528,B,0,2024-01-03 18:00:00
u1354,imp0007529,B,0,2024-01-04 03:00:00
u1354,imp0007530,B,0,2024-01-04 19:00:00
u1354,imp0007531,B,0,2024-01-01 09:00:00
u1354,imp0007532,B,0,2024-01-04 13:00:00
u1354,imp0007533,B,0,2024-01-05 05:00:00
u1354,imp0007534,B,0,2024-01-05 11:00:00
u1355,imp0007535,B,0,2024-01-04 18:00:00
u1355,imp0007536,B,0,2024-01-04 06:00:00
u1355,imp0007537,B,0,2024-01-04 13:00:00
u1355,imp0007538,B,0,2024-01-05 10:00:00
u1355,imp0007539,B,0,2024-01-07 23:00:00
u1355,imp0007540,B,0,2024-01-05 04:00:00
u1355,imp0007541,B,0,2024-01-05 11:00:00
u1356,imp0007542,B,0,2024-01-02 23:00:00
u1356,imp0007543,B,0,2024-01-05 20:00:00
u1356,imp0007544,B,0,2024-01-05 09:00:00
u1356,imp0007545,B,0,2024-01-07 02:00:00
u1356,imp0007546,B,0,2024-01-02 08:00:00
u1356,imp0007547,B,0,2024-01-02 19:00:00
u1357,imp0007548,B,0,2024-01-07 20:00:00
u1357,imp0007549,B,0,2024-01-05 15:00:00
u1357,imp0007550,B,0,2024-01-04 16:00:00
u1357,imp0007551,B,1,2024-01-02 11:00:00
u1357,imp0007552,B,0,2024-01-04 08:00:00
u1357,imp0007553,B,0,2024-01-04 15:00:00
u1357,imp0007554,B,0,2024-01-07 04:00:00
u1358,imp0007555,B,0,2024-01-02 06:00:00
u1358,imp0007556,B,0,2024-01-05 11:00:00
u1358,imp0007557,B,0,2024-01-02 05:00:00
u1358,imp0007558,B,0,2024-01-01 11:00:00
u1359,imp0007559,B,0,2024-01-06 00:00:00
u1359,imp0007560,B,0,2024-01-07 07:00:00
u1359,imp0007561,B,0,2024-01-07 07:00:00
u1359,imp0007562,B,0,2024-01-06 18:00:00
u1359,imp0007563,B,0,2024-01-01 12:00:00
u1360,imp0007564,B,0,2024-01-04 01:00:00
u1360,imp0007565,B,0,2024-01-01 19:00:00
u1360,imp0007566,B,0,2024-01-03 23:00:00
u1360,imp0007567,B,0,2024-01-04 00:00:00
u1360,imp0007568,B,0,2024-01-03 22:00:00
u1361,imp0007569,B,0,2024-01-06 09:00:00
u1361,imp0007570,B,0,2024-01-06 00:00:00
u1361,imp0007571,B,0,2024-01-02 18:00:00
u1361,imp0007572,B,1,2024-01-01 07:00:00
u1361,imp0007573,B,0,2024-01-01 12:00:00
u1361,imp0007574,B,0,2024-01-05 14:00:00
u1361,imp0007575,B,0,2024-01-02 10:00:00
u1361,imp0007576,B,0,2024-01-01 22:00:00
u1362,imp0007577,B,0,2024-01-01 14:00:00
u1362,imp0007578,B,0,2024-01-06 09:00:00
u1362,imp0007579,B,0,2024-01-03 12:00:00
u1362,imp0007580,B,0,2024-01-05 18:00:00
u1362,imp0007581,B,0,2024-01-03 15:00:00
u1362,imp0007582,B,0,2024-01-03 03:00:00
u1362,imp0007583,B,0,2024-01-07 19:00:00
u1362,imp0007584,B,0,2024-01-03 20:00:00
u1363,imp0007585,B,0,2024-01-04 10:00:00
u1363,imp0007586,B,0,2024-01-01 01:00:00
u1363,imp0007587,B,0,2024-01-04 05:00:00
u1363,imp0007588,B,0,2024-01-02 03:00:00
u1363,imp0007589,B,0,2024-01-03 05:00:00
u1364,imp0007590,B,0,2024-01-03 18:00:00
u1364,imp0007591,B,0,2024-01-07 19:00:00
u1364,imp0007592,B,0,2024-01-05 05:00:00
u1364,imp0007593,B,0,2024-01-05 23:00:00
u1365,imp0007594,B,0,2024-01-02 23:00:00
u1365,imp0007595,B,0,2024-01-07 22:00:00
u1365,imp0007596,B,0,2024-01-02 22:00:00
u1366,imp0007597,B,0,2024-01-01 20:00:00
u1366,imp0007598,B,0,2024-01-07 13:00:00
u1366,imp0007599,B,0,2024-01-04 19:00:00
u1366,imp0007600,B,0,2024-01-07 14:00:00
u1366,imp0007601,B,0,2024-01-06 00:00:00
u1366,imp0007602,B,0,2024-01-05 19:00:00
u1366,imp0007603,B,0,2024-01-07 09:00:00
u1366,imp0007604,B,0,2024-01-07 05:00:00
u1367,imp0007605,B,0,2024-01-01 00:00:00
u1367,imp0007606,B,0,2024-01-07 20:00:00
u1367,imp0007607,B,0,2024-01-04 04:00:00
u1367,imp0007608,B,0,2024-01-04 12:00:00
u1367,imp0007609,B,0,2024-01-02 21:00:00
u1367,imp0007610,B,0,2024-01-06 16:00:00
u1367,imp0007611,B,0,2024-01-07 00:00:00
u1368,imp0007612,B,0,2024-01-03 10:00:00
u1368,imp0007613,B,0,2024-01-03 05:00:00
u1368,imp0007614,B,0,2024-01-04 13:00:00
u1368,imp0007615,B,0,2024-01-01 11:00:00
u1368,imp0007616,B,0,2024-01-01 05:00:00
u1368,imp0007617,B,0,2024-01-03 04:00:00
u1368,imp0007618,B,1,2024-01-06 23:00:00
u1369,imp0007619,B,0,2024-01-01 04:00:00
u1369,imp0007620,B,0,2024-01-04 00:00:00
u1369,imp0007621,B,0,2024-01-01 13:00:00
u1369,imp0007622,B,0,2024-01-05 09:00:00
u1370,imp0007623,B,0,2024-01-03 03:00:00
u1370,imp0007624,B,0,2024-01-05 19:00:00
u1370,imp0007625,B,0,2024-01-02 01:00:00
u1370,imp0007626,B,0,2024-01-03 04:00:00
u1370,imp0007627,B,0,2024-01-05 12:00:00
u1370,imp0007628,B,0,2024-01-02 04:00:00
u1370,imp0007629,B,0,2024-01-01 18:00:00
u1370,imp0007630,B,0,2024-01-02 22:00:00
u1371,imp0007631,B,0,2024-01-07 18:00:00
u1371,imp0007632,B,1,2024-01-03 04:00:00
u1371,imp0007633,B,0,2024-01-04 23:00:00
u1371,imp0007634,B,0,2024-01-01 04:00:00
u1371,imp0007635,B,0,2024-01-01 15:00:00
u1371,imp0007636,B,0,2024-01-01 16:00:00
u1371,imp0007637,B,0,2024-01-07 15:00:00
u1372,imp0007638,B,0,2024-01-01 19:00:00
u1372,imp0007639,B,0,2024-01-05 15:00:00
u1372,imp0007640,B,0,2024-01-05 23:00:00
u1372,imp0007641,B,0,2024-01-05 14:00:00
u1372,imp0007642,B,0,2024-01-01 00:00:00
u1372,imp0007643,B,0,2024-01-03 09:00:00
u1372,imp0007644,B,0,2024-01-04 20:00:00
u1372,imp0007645,B,0,2024-01-01 05:00:00
u1373,imp0007646,B,0,2024-01-05 06:00:00
u1373,imp0007647,B,0,2024-01-03 01:00:00
u1373,imp0007648,B,0,2024-01-05 21:00:00
u1373,imp0007649,B,0,2024-01-05 13:00:00
u1373,imp0007650,B,0,2024-01-04 15:00:00
u1373,imp0007651,B,0,2024-01-01 19:00:00
u1374,imp0007652,B,0,2024-01-01 13:00:00
u1374,imp0007653,B,0,2024-01-06 12:00:00
u1374,imp0007654,B,0,2024-01-02 15:00:00
u1374,imp0007655,B,0,2024-01-02 09:00:00
u1374,imp0007656,B,0,2024-01-06 03:00:00
u1374,imp0007657,B,0,2024-01-02 20:00:00
u1374,imp0007658,B,0,2024-01-04 07:00:00
u1374,imp0007659,B,0,2024-01-03 22:00:00
u1375,imp0007660,B,0,2024-01-04 05:00:00
u1375,imp0007661,B,0,2024-01-04 05:00:00
u1375,imp0007662,B,0,2024-01-02 08:00:00
u1375,imp0007663,B,0,2024-01-02 08:00:00
u1375,imp0007664,B,0,2024-01-02 19:00:00
u1376,imp0007665,B,0,2024-01-05 14:00:00
u1376,imp0007666,B,0,2024-01-07 19:00:00
u1376,imp0007667,B,0,2024-01-01 06:00:00
u1376,imp0007668,B,0,2024-01-07 15:00:00
u1376,imp0007669,B,0,2024-01-07 22:00:00
u1376,imp0007670,B,0,2024-01-01 23:00:00
u1377,imp0007671,B,0,2024-01-03 21:00:00
u1377,imp0007672,B,0,2024-01-05 15:00:00
u1377,imp0007673,B,0,2024-01-05 07:00:00
u1377,imp0007674,B,0,2024-01-03 05:00:00
u1377,imp0007675,B,0,2024-01-02 13:00:00
u1377,imp0007676,B,0,2024-01-04 01:00:00
u1377,imp0007677,B,0,2024-01-04 07:00:00
u1377,imp0007678,B,0,2024-01-02 07:00:00
u1378,imp0007679,B,0,2024-01-03 12:00:00
u1378,imp0007680,B,0,2024-01-03 04:00:00
u1378,imp0007681,B,0,2024-01-06 07:00:00
u1378,imp0007682,B,0,2024-01-04 03:00:00
u1378,imp0007683,B,0,2024-01-02 02:00:00
u1378,imp0007684,B,0,2024-01-07 21:00:00
u1378,imp0007685,B,0,2024-01-03 13:00:00
u1379,imp0007686,B,0,2024-01-06 06:00:00
u1379,imp0007687,B,0,2024-01-05 12:00:00
u1379,imp0007688,B,0,2024-01-05 06:00:00
u1379,imp0007689,B,0,2024-01-04 04:00:00
u1380,imp0007690,B,0,2024-01-05 07:00:00
u1380,imp0007691,B,0,2024-01-07 13:00:00
u1380,imp0007692,B,0,2024-01-03 00:00:00
u1380,imp0007693,B,0,2024-01-05 19:00:00
u1380,imp0007694,B,0,2024-01-06 20:00:00
u1380,imp0007695,B,0,2024-01-07 17:00:00
u1380,imp0007696,B,0,2024-01-05 03:00:00
u1381,imp0007697,B,0,2024-01-06 04:00:00
u1381,imp0007698,B,0,2024-01-02 00:00:00
u1381,imp0007699,B,0,2024-01-06 07:00:00
u1381,imp0007700,B,0,2024-01-05 03:00:00
u1381,imp0007701,B,0,2024-01-07 01:00:00
u1381,imp0007702,B,0,2024-01-01 04:00:00
u1381,imp0007703,B,0,2024-01-01 18:00:00
u1381,imp0007704,B,0,2024-01-01 17:00:00
u1382,imp0007705,B,0,2024-01-06 00:00:00
u1382,imp0007706,B,0,2024-01-02 07:00:00
u1382,imp0007707,B,0,2024-01-07 04:00:00
u1382,imp0007708,B,0,2024-01-01 09:00:00
u1382,imp0007709,B,0,2024-01-02 12:00:00
u1382,imp0007710,B,0,2024-01-04 13:00:00
u1382,imp0007711,B,0,2024-01-01 12:00:00
u1382,imp0007712,B,0,2024-01-07 00:00:00
u1383,imp0007713,B,0,2024-01-02 21:00:00
u1383,imp0007714,B,1,2024-01-06 15:00:00
u1383,imp0007715,B,0,2024-01-05 22:00:00
u1384,imp0007716,B,0,2024-01-01 18:00:00
u1384,imp0007717,B,0,2024-01-04 21:00:00
u1384,imp0007718,B,0,2024-01-02 01:00:00
u1384,imp0007719,B,0,2024-01-02 21:00:00
u1384,imp0007720,B,0,2024-01-05 21:00:00
u1384,imp0007721,B,0,2024-01-02 21:00:00
u1384,imp0007722,B,0,2024-01-01 13:00:00
u1385,imp0007723,B,0,2024-01-03 14:00:00
u1385,imp0007724,B,0,2024-01-03 23:00:00
u1385,imp0007725,B,0,2024-01-01 02:00:00
u1385,imp0007726,B,0,2024-01-02 03:00:00
u1385,imp0007727,B,0,2024-01-06 04:00:00
u1385,imp0007728,B,0,2024-01-07 12:00:00
u1385,imp0007729,B,0,2024-01-04 14:00:00
u1386,imp0007730,B,0,2024-01-07 18:00:00
u1386,imp0007731,B,0,2024-01-04 04:00:00
u1386,imp0007732,B,0,2024-01-04 03:00:00
u1386,imp0007733,B,0,2024-01-05 17:00:00
u1387,imp0007734,B,0,2024-01-04 02:00:00
u1387,imp0007735,B,0,2024-01-03 10:00:00
u1387,imp0007736,B,0,2024-01-03 10:00:00
u1387,imp0007737,B,0,2024-01-02 22:00:00
u1387,imp0007738,B,0,2024-01-04 22:00:00
u1387,imp0007739,B,0,2024-01-06 20:00:00
u1387,imp0007740,B,0,2024-01-04 05:00:00
u1388,imp0007741,B,0,2024-01-05 12:00:00
u1388,imp0007742,B,0,2024-01-05 09:00:00
u1388,imp0007743,B,0,2024-01-04 16:00:00
u1389,imp0007744,B,1,2024-01-04 06:00:00
u1389,imp0007745,B,0,2024-01-01 15:00:00
u1389,imp0007746,B,0,2024-01-02 19:00:00
u1390,imp0007747,B,0,2024-01-05 23:00:00
u1390,imp0007748,B,0,2024-01-06 13:00:00
u1390,imp0007749,B,0,2024-01-05 11:00:00
u1390,imp0007750,B,0,2024-01-06 22:00:00
u1391,imp0007751,B,0,2024-01-03 07:00:00
u1391,imp0007752,B,0,2024-01-03 15:00:00
u1391,imp0007753,B,0,2024-01-07 17:00:00
u1391,imp0007754,B,0,2024-01-04 22:00:00
u1391,imp0007755,B,0,2024-01-03 07:00:00
u1391,imp0007756,B,0,2024-01-02 07:00:00
u1392,imp0007757,B,0,2024-01-05 19:00:00
u1392,imp0007758,B,0,2024-01-01 08:00:00
u1392,imp0007759,B,0,2024-01-05 08:00:00
u1392,imp0007760,B,0,2024-01-04 05:00:00
u1392,imp0007761,B,0,2024-01-07 16:00:00
u1392,imp0007762,B,0,2024-01-04 14:00:00
u1393,imp0007763,B,0,2024-01-03 06:00:00
u1393,imp0007764,B,0,2024-01-04 03:00:00
u1393,imp0007765,B,0,2024-01-06 09:00:00
u1393,imp0007766,B,0,2024-01-06 20:00:00
u1393,imp0007767,B,0,2024-01-06 05:00:00
u1393,imp0007768,B,0,2024-01-06 11:00:00
u1393,imp0007769,B,0,2024-01-04 11:00:00
u1394,imp0007770,B,0,2024-01-05 18:00:00
u1394,imp0007771,B,0,2024-01-02 23:00:00
u1394,imp0007772,B,0,2024-01-06 02:00:00
u1394,imp0007773,B,0,2024-01-04 05:00:00
u1395,imp0007774,B,0,2024-01-02 04:00:00
u1395,imp0007775,B,0,2024-01-06 15:00:00
u1395,imp0007776,B,0,2024-01-06 19:00:00
u1395,imp0007777,B,0,2024-01-02 16:00:00
u1395,imp0007778,B,0,2024-01-02 01:00:00
u1395,imp0007779,B,0,2024-01-03 01:00:00
u1395,imp0007780,B,0,2024-01-01 01:00:00
u1395,imp0007781,B,0,2024-01-03 06:00:00
u1396,imp0007782,B,0,2024-01-06 13:00:00
u1396,imp0007783,B,0,2024-01-06 07:00:00
u1396,imp0007784,B,0,2024-01-05 07:00:00
u1396,imp0007785,B,0,2024-01-04 22:00:00
u1396,imp0007786,B,0,2024-01-04 08:00:00
u1396,imp0007787,B,0,2024-01-03 12:00:00
u1396,imp0007788,B,0,2024-01-01 11:00:00
u1396,imp0007789,B,0,2024-01-01 12:00:00
u1397,imp0007790,B,0,2024-01-04 16:00:00
u1397,imp0007791,B,0,2024-01-04 22:00:00
u1397,imp0007792,B,0,2024-01-03 10:00:00
u1397,imp0007793,B,0,2024-01-02 12:00:00
u1397,imp0007794,B,0,2024-01-02 00:00:00
u1398,imp0007795,B,0,2024-01-07 21:00:00
u1398,imp0007796,B,0,2024-01-04 14:00:00
u1398,imp0007797,B,0,2024-01-06 21:00:00
u1399,imp0007798,B,0,2024-01-01 22:00:00
u1399,imp0007799,B,0,2024-01-06 05:00:00
u1399,imp0007800,B,0,2024-01-03 11:00:00
u1399,imp0007801,B,0,2024-01-06 19:00:00
u1399,imp0007802,B,0,2024-01-06 20:00:00
u1399,imp0007803,B,0,2024-01-05 03:00:00
u1399,imp0007804,B,0,2024-01-05 06:00:00
u1399,imp0007805,B,0,2024-01-06 13:00:00
u1400,imp0007806,B,0,2024-01-06 07:00:00
u1400,imp0007807,B,0,2024-01-03 01:00:00
u1400,imp0007808,B,0,2024-01-02 15:00:00
u1400,imp0007809,B,0,2024-01-01 07:00:00
u1400,imp0007810,B,0,2024-01-01 07:00:00
u1400,imp0007811,B,0,2024-01-05 07:00:00
u1400,imp0007812,B,0,2024-01-02 09:00:00
u1400,imp0007813,B,0,2024-01-03 08:00:00
u1401,imp0007814,B,0,2024-01-01 21:00:00
u1401,imp0007815,B,0,2024-01-04 14:00:00
u1401,imp0007816,B,0,2024-01-02 15:00:00
u1401,imp0007817,B,0,2024-01-04 13:00:00
u1401,imp0007818,B,0,2024-01-06 12:00:00
u1402,imp0007819,B,0,2024-01-02 03:00:00
u1402,imp0007820,B,0,2024-01-04 11:00:00
u1402,imp0007821,B,0,2024-01-03 13:00:00
u1402,imp0007822,B,0,2024-01-04 20:00:00
u1402,imp0007823,B,0,2024-01-04 14:00:00
u1402,imp0007824,B,0,2024-01-01 23:00:00
u1402,imp0007825,B,0,2024-01-05 01:00:00
u1403,imp0007826,B,0,2024-01-02 12:00:00
u1403,imp0007827,B,0,2024-01-03 19:00:00
u1403,imp0007828,B,0,2024-01-04 13:00:00
u1403,imp0007829,B,0,2024-01-06 12:00:00
u1403,imp0007830,B,0,2024-01-04 14:00:00
u1403,imp0007831,B,0,2024-01-01 14:00:00
u1403,imp0007832,B,0,2024-01-06 02:00:00
u1403,imp0007833,B,0,2024-01-05 10:00:00
u1404,imp0007834,B,0,2024-01-07 08:00:00
u1404,imp0007835,B,0,2024-01-04 16:00:00
u1404,imp0007836,B,0,2024-01-06 04:00:00
u1404,imp0007837,B,0,2024-01-05 16:00:00
u1405,imp0007838,B,0,2024-01-06 16:00:00
u1405,imp0007839,B,0,2024-01-07 21:00:00
u1405,imp0007840,B,0,2024-01-07 05:00:00
u1405,imp0007841,B,0,2024-01-05 10:00:00
u1405,imp0007842,B,0,2024-01-04 14:00:00
u1405,imp0007843,B,0,2024-01-03 19:00:00
u1405,imp0007844,B,0,2024-01-01 14:00:00
u1406,imp0007845,B,0,2024-01-03 05:00:00
u1406,imp0007846,B,0,2024-01-07 13:00:00
u1406,imp0007847,B,0,2024-01-04 20:00:00
u1407,imp0007848,B,0,2024-01-02 08:00:00
u1407,imp0007849,B,0,2024-01-05 03:00:00
u1407,imp0007850,B,0,2024-01-04 04:00:00
u1407,imp0007851,B,0,2024-01-06 14:00:00
u1407,imp0007852,B,0,2024-01-06 15:00:00
u1407,imp0007853,B,0,2024-01-07 11:00:00
u1408,imp0007854,B,0,2024-01-05 10:00:00
u1408,imp0007855,B,0,2024-01-05 23:00:00
u1408,imp0007856,B,0,2024-01-04 01:00:00
u1408,imp0007857,B,0,2024-01-01 10:00:00
u1408,imp0007858,B,0,2024-01-02 06:00:00
u1408,imp0007859,B,0,2024-01-01 11:00:00
u1408,imp0007860,B,0,2024-01-06 03:00:00
u1409,imp0007861,B,0,2024-01-04 23:00:00
u1409,imp0007862,B,0,2024-01-03 01:00:00
u1409,imp0007863,B,0,2024-01-05 20:00:00
u1409,imp0007864,B,0,2024-01-01 16:00:00
u1409,imp0007865,B,0,2024-01-07 18:00:00
u1409,imp0007866,B,0,2024-01-06 08:00:00
u1409,imp0007867,B,0,2024-01-07 12:00:00
u1409,imp0007868,B,0,2024-01-03 15:00:00
u1410,imp0007869,B,0,2024-01-06 11:00:00
u1410,imp0007870,B,0,2024-01-04 14:00:00
u1410,imp0007871,B,0,2024-01-07 11:00:00
u1410,imp0007872,B,0,2024-01-01 15:00:00
u1410,imp0007873,B,0,2024-01-03 14:00:00
u1410,imp0007874,B,0,2024-01-04 03:00:00
u1410,imp0007875,B,0,2024-01-04 12:00:00
u1411,imp0007876,B,0,2024-01-01 16:00:00
u1411,imp0007877,B,0,2024-01-07 23:00:00
u1411,imp0007878,B,0,2024-01-06 20:00:00
u1411,imp0007879,B,0,2024-01-03 09:00:00
u1411,imp0007880,B,0,2024-01-07 20:00:00
u1411,imp0007881,B,0,2024-01-04 06:00:00
u1411,imp0007882,B,0,2024-01-03 12:00:00
u1412,imp0007883,B,0,2024-01-06 00:00:00
u1412,imp0007884,B,0,2024-01-02 09:00:00
u1412,imp0007885,B,0,2024-01-03 21:00:00
u1413,imp0007886,B,0,2024-01-01 19:00:00
u1413,imp0007887,B,0,2024-01-03 10:00:00
u1413,imp0007888,B,0,2024-01-03 20:00:00
u1414,imp0007889,B,0,2024-01-05 05:00:00
u1414,imp0007890,B,0,2024-01-05 23:00:00
u1414,imp0007891,B,0,2024-01-07 00:00:00
u1415,imp0007892,B,0,2024-01-04 10:00:00
u1415,imp0007893,B,0,2024-01-06 08:00:00
u1415,imp0007894,B,0,2024-01-01 12:00:00
u1416,imp0007895,B,0,2024-01-01 05:00:00
u1416,imp0007896,B,0,2024-01-05 00:00:00
u1416,imp0007897,B,1,2024-01-04 21:00:00
u1416,imp0007898,B,0,2024-01-05 13:00:00
u1416,imp0007899,B,0,2024-01-07 06:00:00
u1416,imp0007900,B,0,2024-01-06 17:00:00
u1416,imp0007901,B,0,2024-01-03 02:00:00
u1416,imp0007902,B,0,2024-01-07 02:00:00
u1417,imp0007903,B,0,2024-01-04 14:00:00
u1417,imp0007904,B,0,2024-01-03 19:00:00
u1417,imp0007905,B,0,2024-01-04 11:00:00
u1417,imp0007906,B,0,2024-01-02 17:00:00
u1417,imp0007907,B,0,2024-01-03 08:00:00
u1418,imp0007908,B,0,2024-01-07 21:00:00
u1418,imp0007909,B,0,2024-01-03 13:00:00
u1418,imp0007910,B,0,2024-01-01 06:00:00
u1418,imp0007911,B,0,2024-01-05 15:00:00
u1419,imp0007912,B,0,2024-01-02 01:00:00
u1419,imp0007913,B,0,2024-01-07 09:00:00
u1419,imp0007914,B,0,2024-01-01 18:00:00
u1419,imp0007915,B,0,2024-01-01 08:00:00
u1419,imp0007916,B,0,2024-01-03 12:00:00
u1419,imp0007917,B,0,2024-01-01 19:00:00
u1419,imp0007918,B,0,2024-01-05 09:00:00
u1420,imp0007919,B,0,2024-01-04 08:00:00
u1420,imp0007920,B,1,2024-01-07 05:00:00
u1420,imp0007921,B,0,2024-01-06 20:00:00
u1420,imp0007922,B,0,2024-01-06 19:00:00
u1420,imp0007923,B,0,2024-01-01 09:00:00
u1420,imp0007924,B,0,2024-01-03 16:00:00
u1420,imp0007925,B,0,2024-01-07 13:00:00
u1421,imp0007926,B,0,2024-01-01 21:00:00
u1421,imp0007927,B,0,2024-01-01 17:00:00
u1421,imp0007928,B,0,2024-01-01 08:00:00
u1421,imp0007929,B,0,2024-01-03 05:00:00
u1421,imp0007930,B,0,2024-01-02 01:00:00
u1421,imp0007931,B,0,2024-01-04 21:00:00
u1421,imp0007932,B,0,2024-01-05 03:00:00
u1422,imp0007933,B,0,2024-01-02 09:00:00
u1422,imp0007934,B,0,2024-01-01 07:00:00
u1422,imp0007935,B,0,2024-01-06 17:00:00
u1422,imp0007936,B,0,2024-01-02 23:00:00
u1423,imp0007937,B,0,2024-01-03 05:00:00
u1423,imp0007938,B,0,2024-01-07 23:00:00
u1423,imp0007939,B,0,2024-01-05 22:00:00
u1423,imp0007940,B,0,2024-01-06 22:00:00
u1423,imp0007941,B,0,2024-01-04 08:00:00
u1424,imp0007942,B,0,2024-01-07 01:00:00
u1424,imp0007943,B,0,2024-01-04 23:00:00
u1424,imp0007944,B,0,2024-01-05 05:00:00
u1424,imp0007945,B,0,2024-01-07 06:00:00
u1424,imp0007946,B,0,2024-01-03 13:00:00
u1424,imp0007947,B,0,2024-01-02 21:00:00
u1424,imp0007948,B,0,2024-01-04 14:00:00
u1425,imp0007949,B,0,2024-01-04 07:00:00
u1425,imp0007950,B,0,2024-01-01 15:00:00
u1425,imp0007951,B,0,2024-01-05 07:00:00
u1425,imp0007952,B,0,2024-01-03 21:00:00
u1425,imp0007953,B,1,2024-01-06 20:00:00
u1426,imp0007954,B,0,2024-01-01 08:00:00
u1426,imp0007955,B,0,2024-01-02 09:00:00
u1426,imp0007956,B,1,2024-01-07 12:00:00
u1426,imp0007957,B,0,2024-01-07 20:00:00
u1426,imp0007958,B,0,2024-01-04 13:00:00
u1426,imp0007959,B,0,2024-01-05 18:00:00
u1427,imp0007960,B,0,2024-01-01 11:00:00
u1427,imp0007961,B,0,2024-01-07 06:00:00
u1427,imp0007962,B,0,2024-01-05 00:00:00
u1427,imp0007963,B,0,2024-01-06 00:00:00
u1428,imp0007964,B,0,2024-01-05 05:00:00
u1428,imp0007965,B,0,2024-01-04 23:00:00
u1428,imp0007966,B,0,2024-01-05 17:00:00
u1428,imp0007967,B,0,2024-01-02 22:00:00
u1428,imp0007968,B,0,2024-01-03 09:00:00
u1428,imp0007969,B,0,2024-01-06 12:00:00
u1428,imp0007970,B,1,2024-01-06 00:00:00
u1429,imp0007971,B,0,2024-01-05 21:00:00
u1429,imp0007972,B,0,2024-01-01 04:00:00
u1429,imp0007973,B,0,2024-01-04 23:00:00
u1429,imp0007974,B,0,2024-01-01 20:00:00
u1429,imp0007975,B,0,2024-01-07 07:00:00
u1429,imp0007976,B,0,2024-01-06 07:00:00
u1429,imp0007977,B,0,2024-01-06 03:00:00
u1430,imp0007978,B,0,2024-01-01 20:00:00
u1430,imp0007979,B,0,2024-01-03 05:00:00
u1430,imp0007980,B,0,2024-01-06 17:00:00
u1430,imp0007981,B,0,2024-01-07 07:00:00
u1431,imp0007982,B,0,2024-01-05 19:00:00
u1431,imp0007983,B,0,2024-01-03 08:00:00
u1431,imp0007984,B,0,2024-01-06 07:00:00
u1431,imp0007985,B,0,2024-01-07 06:00:00
u1431,imp0007986,B,0,2024-01-07 05:00:00
u1431,imp0007987,B,0,2024-01-07 17:00:00
u1431,imp0007988,B,0,2024-01-05 23:00:00
u1432,imp0007989,B,0,2024-01-07 11:00:00
u1432,imp0007990,B,0,2024-01-04 22:00:00
u1432,imp0007991,B,0,2024-01-05 02:00:00
u1432,imp0007992,B,0,2024-01-07 22:00:00
u1432,imp0007993,B,0,2024-01-02 17:00:00
u1432,imp0007994,B,0,2024-01-07 06:00:00
u1432,imp0007995,B,0,2024-01-03 21:00:00
u1432,imp0007996,B,0,2024-01-01 01:00:00
u1433,imp0007997,B,0,2024-01-05 12:00:00
u1433,imp0007998,B,0,2024-01-03 16:00:00
u1433,imp0007999,B,0,2024-01-03 21:00:00
u1434,imp0008000,B,0,2024-01-06 00:00:00
u1434,imp0008001,B,0,2024-01-05 12:00:00
u1434,imp0008002,B,0,2024-01-03 11:00:00
u1434,imp0008003,B,0,2024-01-04 20:00:00
u1434,imp0008004,B,0,2024-01-01 11:00:00
u1434,imp0008005,B,0,2024-01-05 06:00:00
u1434,imp0008006,B,0,2024-01-05 15:00:00
u1435,imp0008007,B,0,2024-01-07 10:00:00
u1435,imp0008008,B,0,2024-01-02 23:00:00
u1435,imp0008009,B,0,2024-01-04 15:00:00
u1436,imp0008010,B,0,2024-01-02 19:00:00
u1436,imp0008011,B,0,2024-01-07 02:00:00
u1436,imp0008012,B,0,2024-01-06 15:00:00
u1436,imp0008013,B,0,2024-01-03 06:00:00
u1436,imp0008014,B,0,2024-01-05 11:00:00
u1436,imp0008015,B,0,2024-01-02 22:00:00
u1436,imp0008016,B,0,2024-01-01 01:00:00
u1436,imp0008017,B,0,2024-01-05 16:00:00
u1437,imp0008018,B,0,2024-01-07 15:00:00
u1437,imp0008019,B,0,2024-01-07 21:00:00
u1437,imp0008020,B,0,2024-01-01 10:00:00
u1437,imp0008021,B,0,2024-01-06 17:00:00
u1437,imp0008022,B,0,2024-01-05 15:00:00
u1437,imp0008023,B,0,2024-01-04 17:00:00
u1437,imp0008024,B,0,2024-01-03 06:00:00
u1438,imp0008025,B,0,2024-01-01 16:00:00
u1438,imp0008026,B,0,2024-01-03 19:00:00
u1438,imp0008027,B,0,2024-01-06 12:00:00
u1438,imp0008028,B,0,2024-01-07 06:00:00
u1438,imp0008029,B,0,2024-01-03 03:00:00
u1438,imp0008030,B,0,2024-01-06 17:00:00
u1439,imp0008031,B,0,2024-01-07 11:00:00
u1439,imp0008032,B,0,2024-01-05 00:00:00
u1439,imp0008033,B,0,2024-01-07 09:00:00
u1439,imp0008034,B,0,2024-01-02 23:00:00
u1439,imp0008035,B,0,2024-01-02 04:00:00
u1439,imp0008036,B,0,2024-01-02 02:00:00
u1439,imp0008037,B,0,2024-01-07 01:00:00
u1439,imp0008038,B,0,2024-01-05 07:00:00
u1440,imp0008039,B,0,2024-01-05 09:00:00
u1440,imp0008040,B,0,2024-01-03 20:00:00
u1440,imp0008041,B,0,2024-01-05 17:00:00
u1440,imp0008042,B,0,2024-01-01 20:00:00
u1440,imp0008043,B,0,2024-01-07 07:00:00
u1440,imp0008044,B,0,2024-01-05 05:00:00
u1441,imp0008045,B,1,2024-01-06 04:00:00
u1441,imp0008046,B,0,2024-01-01 01:00:00
u1441,imp0008047,B,0,2024-01-03 17:00:00
u1441,imp0008048,B,0,2024-01-05 16:00:00
u1441,imp0008049,B,0,2024-01-07 17:00:00
u1442,imp0008050,B,0,2024-01-01 19:00:00
u1442,imp0008051,B,0,2024-01-05 00:00:00
u1442,imp0008052,B,0,2024-01-03 19:00:00
u1442,imp0008053,B,0,2024-01-04 02:00:00
u1443,imp0008054,B,0,2024-01-02 22:00:00
u1443,imp0008055,B,0,2024-01-01 04:00:00
u1443,imp0008056,B,0,2024-01-03 00:00:00
u1443,imp0008057,B,0,2024-01-06 03:00:00
u1443,imp0008058,B,0,2024-01-02 12:00:00
u1443,imp0008059,B,0,2024-01-07 17:00:00
u1443,imp0008060,B,0,2024-01-07 01:00:00
u1444,imp0008061,B,0,2024-01-01 18:00:00
u1444,imp0008062,B,0,2024-01-02 15:00:00
u1444,imp0008063,B,0,2024-01-01 16:00:00
u1444,imp0008064,B,0,2024-01-05 02:00:00
u1444,imp0008065,B,0,2024-01-04 20:00:00
u1444,imp0008066,B,0,2024-01-02 17:00:00
u1444,imp0008067,B,0,2024-01-06 02:00:00
u1444,imp0008068,B,0,2024-01-05 10:00:00
u1445,imp0008069,B,0,2024-01-05 12:00:00
u1445,imp0008070,B,0,2024-01-03 04:00:00
u1445,imp0008071,B,0,2024-01-06 14:00:00
u1446,imp0008072,B,0,2024-01-06 12:00:00
u1446,imp0008073,B,0,2024-01-01 23:00:00
u1446,imp0008074,B,0,2024-01-02 03:00:00
u1446,imp0008075,B,0,2024-01-03 13:00:00
u1446,imp0008076,B,0,2024-01-01 16:00:00
u1446,imp0008077,B,0,2024-01-01 19:00:00
u1446,imp0008078,B,0,2024-01-01 02:00:00
u1446,imp0008079,B,0,2024-01-07 20:00:00
u1447,imp0008080,B,0,2024-01-06 22:00:00
u1447,imp0008081,B,0,2024-01-03 02:00:00
u1447,imp0008082,B,0,2024-01-06 15:00:00
u1447,imp0008083,B,0,2024-01-06 20:00:00
u1448,imp0008084,B,0,2024-01-04 00:00:00
u1448,imp0008085,B,0,2024-01-07 14:00:00
u1448,imp0008086,B,0,2024-01-05 08:00:00
u1448,imp0008087,B,0,2024-01-05 21:00:00
u1448,imp0008088,B,0,2024-01-07 09:00:00
u1449,imp0008089,B,0,2024-01-06 16:00:00
u1449,imp0008090,B,1,2024-01-03 13:00:00
u1449,imp0008091,B,0,2024-01-05 23:00:00
u1450,imp0008092,B,0,2024-01-01 12:00:00
u1450,imp0008093,B,0,2024-01-03 20:00:00
u1450,imp0008094,B,0,2024-01-04 04:00:00
u1450,imp0008095,B,0,2024-01-01 00:00:00
u1450,imp0008096,B,0,2024-01-04 16:00:00
u1451,imp0008097,B,0,2024-01-01 09:00:00
u1451,imp0008098,B,0,2024-01-02 03:00:00
u1451,imp0008099,B,0,2024-01-06 00:00:00
u1451,imp0008100,B,0,2024-01-06 05:00:00
u1451,imp0008101,B,0,2024-01-06 13:00:00
u1451,imp0008102,B,0,2024-01-07 10:00:00
u1452,imp0008103,B,0,2024-01-03 13:00:00
u1452,imp0008104,B,0,2024-01-03 18:00:00
u1452,imp0008105,B,0,2024-01-04 01:00:00
u1452,imp0008106,B,0,2024-01-04 22:00:00
u1452,imp0008107,B,0,2024-01-06 22:00:00
u1452,imp0008108,B,0,2024-01-02 11:00:00
u1453,imp0008109,B,0,2024-01-05 15:00:00
u1453,imp0008110,B,0,2024-01-06 10:00:00
u1453,imp0008111,B,0,2024-01-05 16:00:00
u1453,imp0008112,B,0,2024-01-05 13:00:00
u1453,imp0008113,B,0,2024-01-05 17:00:00
u1453,imp0008114,B,0,2024-01-03 18:00:00
u1453,imp0008115,B,0,2024-01-06 05:00:00
u1453,imp0008116,B,0,2024-01-04 13:00:00
u1454,imp0008117,B,0,2024-01-03 20:00:00
u1454,imp0008118,B,0,2024-01-01 09:00:00
u1454,imp0008119,B,0,2024-01-07 16:00:00
u1454,imp0008120,B,0,2024-01-06 20:00:00
u1454,imp0008121,B,0,2024-01-06 07:00:00
u1455,imp0008122,B,0,2024-01-02 07:00:00
u1455,imp0008123,B,0,2024-01-05 15:00:00
u1455,imp0008124,B,0,2024-01-01 23:00:00
u1455,imp0008125,B,0,2024-01-02 10:00:00
u1455,imp0008126,B,0,2024-01-04 10:00:00
u1456,imp0008127,B,0,2024-01-05 12:00:00
u1456,imp0008128,B,0,2024-01-05 02:00:00
u1456,imp0008129,B,0,2024-01-02 08:00:00
u1456,imp0008130,B,0,2024-01-03 07:00:00
u1456,imp0008131,B,0,2024-01-07 19:00:00
u1456,imp0008132,B,0,2024-01-07 02:00:00
u1456,imp0008133,B,0,2024-01-01 11:00:00
u1456,imp0008134,B,1,2024-01-01 10:00:00
u1457,imp0008135,B,0,2024-01-06 19:00:00
u1457,imp0008136,B,0,2024-01-02 16:00:00
u1457,imp0008137,B,0,2024-01-07 08:00:00
u1457,imp0008138,B,0,2024-01-05 09:00:00
u1457,imp0008139,B,0,2024-01-01 02:00:00
u1457,imp0008140,B,0,2024-01-01 02:00:00
u1457,imp0008141,B,0,2024-01-04 11:00:00
u1457,imp0008142,B,0,2024-01-07 11:00:00
u1458,imp0008143,B,0,2024-01-05 10:00:00
u1458,imp0008144,B,0,2024-01-07 23:00:00
u1458,imp0008145,B,0,2024-01-06 13:00:00
u1458,imp0008146,B,0,2024-01-01 19:00:00
u1458,imp0008147,B,0,2024-01-06 18:00:00
u1459,imp0008148,B,0,2024-01-07 10:00:00
u1459,imp0008149,B,0,2024-01-01 20:00:00
u1459,imp0008150,B,0,2024-01-05 17:00:00
u1459,imp0008151,B,0,2024-01-01 12:00:00
u1459,imp0008152,B,0,2024-01-04 13:00:00
u1459,imp0008153,B,0,2024-01-02 10:00:00
u1460,imp0008154,B,0,2024-01-07 11:00:00
u1460,imp0008155,B,0,2024-01-07 04:00:00
u1460,imp0008156,B,0,2024-01-07 01:00:00
u1460,imp0008157,B,0,2024-01-07 14:00:00
u1460,imp0008158,B,0,2024-01-06 04:00:00
u1460,imp0008159,B,0,2024-01-05 13:00:00
u1460,imp0008160,B,0,2024-01-02 12:00:00
u1460,imp0008161,B,0,2024-01-01 20:00:00
u1461,imp0008162,B,0,2024-01-04 18:00:00
u1461,imp0008163,B,0,2024-01-03 11:00:00
u1461,imp0008164,B,0,2024-01-06 03:00:00
u1461,imp0008165,B,0,2024-01-01 22:00:00
u1461,imp0008166,B,0,2024-01-05 14:00:00
u1461,imp0008167,B,0,2024-01-06 03:00:00
u1461,imp0008168,B,0,2024-01-07 12:00:00
u1461,imp0008169,B,0,2024-01-02 05:00:00
u1462,imp0008170,B,0,2024-01-04 17:00:00
u1462,imp0008171,B,0,2024-01-02 13:00:00
u1462,imp0008172,B,0,2024-01-04 10:00:00
u1462,imp0008173,B,0,2024-01-02 02:00:00
u1462,imp0008174,B,0,2024-01-05 07:00:00
u1463,imp0008175,B,0,2024-01-05 19:00:00
u1463,imp0008176,B,0,2024-01-01 14:00:00
u1463,imp0008177,B,0,2024-01-01 02:00:00
u1463,imp0008178,B,0,2024-01-01 09:00:00
u1463,imp0008179,B,0,2024-01-05 23:00:00
u1463,imp0008180,B,0,2024-01-07 00:00:00
u1463,imp0008181,B,0,2024-01-06 07:00:00
u1463,imp0008182,B,0,2024-01-01 10:00:00
u1464,imp0008183,B,0,2024-01-03 20:00:00
u1464,imp0008184,B,0,2024-01-03 15:00:00
u1464,imp0008185,B,0,2024-01-01 13:00:00
u1464,imp0008186,B,0,2024-01-03 01:00:00
u1464,imp0008187,B,0,2024-01-07 09:00:00
u1464,imp0008188,B,0,2024-01-03 23:00:00
u1464,imp0008189,B,0,2024-01-03 20:00:00
u1465,imp0008190,B,0,2024-01-03 07:00:00
u1465,imp0008191,B,0,2024-01-05 08:00:00
u1465,imp0008192,B,0,2024-01-06 11:00:00
u1465,imp0008193,B,0,2024-01-02 23:00:00
u1465,imp0008194,B,1,2024-01-01 16:00:00
u1465,imp0008195,B,0,2024-01-05 14:00:00
u1465,imp0008196,B,0,2024-01-07 19:00:00
u1465,imp0008197,B,0,2024-01-03 21:00:00
u1466,imp0008198,B,0,2024-01-02 13:00:00
u1466,imp0008199,B,0,2024-01-05 04:00:00
u1466,imp0008200,B,0,2024-01-03 13:00:00
u1466,imp0008201,B,0,2024-01-06 00:00:00
u1466,imp0008202,B,0,2024-01-02 23:00:00
u1466,imp0008203,B,0,2024-01-01 09:00:00
u1466,imp0008204,B,0,2024-01-02 11:00:00
u1467,imp0008205,B,0,2024-01-01 03:00:00
u1467,imp0008206,B,0,2024-01-02 19:00:00
u1467,imp0008207,B,0,2024-01-03 07:00:00
u1467,imp0008208,B,0,2024-01-02 17:00:00
u1467,imp0008209,B,0,2024-01-05 17:00:00
u1467,imp0008210,B,1,2024-01-06 20:00:00
u1467,imp0008211,B,0,2024-01-07 16:00:00
u1468,imp0008212,B,0,2024-01-04 06:00:00
u1468,imp0008213,B,0,2024-01-03 20:00:00
u1468,imp0008214,B,0,2024-01-03 21:00:00
u1468,imp0008215,B,0,2024-01-03 18:00:00
u1468,imp0008216,B,0,2024-01-02 23:00:00
u1468,imp0008217,B,0,2024-01-07 16:00:00
u1468,imp0008218,B,0,2024-01-02 11:00:00
u1469,imp0008219,B,0,2024-01-07 14:00:00
u1469,imp0008220,B,0,2024-01-07 04:00:00
u1469,imp0008221,B,0,2024-01-02 02:00:00
u1470,imp0008222,B,0,2024-01-03 23:00:00
u1470,imp0008223,B,0,2024-01-05 04:00:00
u1470,imp0008224,B,0,2024-01-04 23:00:00
u1470,imp0008225,B,0,2024-01-06 07:00:00
u1470,imp0008226,B,0,2024-01-02 01:00:00
u1471,imp0008227,B,0,2024-01-06 19:00:00
u1471,imp0008228,B,0,2024-01-01 21:00:00
u1471,imp0008229,B,0,2024-01-01 16:00:00
u1471,imp0008230,B,0,2024-01-01 06:00:00
u1472,imp0008231,B,0,2024-01-03 19:00:00
u1472,imp0008232,B,0,2024-01-06 07:00:00
u1472,imp0008233,B,0,2024-01-02 12:00:00
u1472,imp0008234,B,0,2024-01-02 13:00:00
u1472,imp0008235,B,0,2024-01-04 23:00:00
u1473,imp0008236,B,0,2024-01-01 00:00:00
u1473,imp0008237,B,0,2024-01-07 08:00:00
u1473,imp0008238,B,0,2024-01-02 17:00:00
u1473,imp0008239,B,0,2024-01-07 07:00:00
u1473,imp0008240,B,0,2024-01-03 14:00:00
u1474,imp0008241,B,0,2024-01-01 07:00:00
u1474,imp0008242,B,0,2024-01-02 02:00:00
u1474,imp0008243,B,0,2024-01-03 03:00:00
u1475,imp0008244,B,0,2024-01-04 18:00:00
u1475,imp0008245,B,0,2024-01-04 13:00:00
u1475,imp0008246,B,0,2024-01-01 15:00:00
u1475,imp0008247,B,0,2024-01-03 17:00:00
u1476,imp0008248,B,0,2024-01-04 09:00:00
u1476,imp0008249,B,0,2024-01-06 10:00:00
u1476,imp0008250,B,0,2024-01-05 21:00:00
u1476,imp0008251,B,0,2024-01-04 08:00:00
u1476,imp0008252,B,0,2024-01-03 21:00:00
u1476,imp0008253,B,0,2024-01-05 18:00:00
u1476,imp0008254,B,0,2024-01-01 06:00:00
u1477,imp0008255,B,0,2024-01-06 21:00:00
u1477,imp0008256,B,0,2024-01-07 21:00:00
u1477,imp0008257,B,0,2024-01-05 14:00:00
u1477,imp0008258,B,0,2024-01-02 22:00:00
u1478,imp0008259,B,0,2024-01-02 18:00:00
u1478,imp0008260,B,0,2024-01-04 18:00:00
u1478,imp0008261,B,0,2024-01-02 04:00:00
u1479,imp0008262,B,0,2024-01-06 12:00:00
u1479,imp0008263,B,0,2024-01-04 23:00:00
u1479,imp0008264,B,0,2024-01-05 20:00:00
u1480,imp0008265,B,0,2024-01-06 09:00:00
u1480,imp0008266,B,0,2024-01-03 21:00:00
u1480,imp0008267,B,0,2024-01-05 13:00:00
u1480,imp0008268,B,0,2024-01-06 11:00:00
u1480,imp0008269,B,0,2024-01-03 07:00:00
u1480,imp0008270,B,0,2024-01-04 16:00:00
u1480,imp0008271,B,0,2024-01-06 16:00:00
u1480,imp0008272,B,0,2024-01-06 10:00:00
u1481,imp0008273,B,0,2024-01-05 03:00:00
u1481,imp0008274,B,0,2024-01-06 08:00:00
u1481,imp0008275,B,0,2024-01-03 08:00:00
u1481,imp0008276,B,0,2024-01-06 23:00:00
u1482,imp0008277,B,0,2024-01-05 15:00:00
u1482,imp0008278,B,0,2024-01-05 07:00:00
u1482,imp0008279,B,0,2024-01-06 06:00:00
u1482,imp0008280,B,0,2024-01-03 06:00:00
u1482,imp0008281,B,0,2024-01-01 00:00:00
u1483,imp0008282,B,0,2024-01-07 11:00:00
u1483,imp0008283,B,0,2024-01-03 04:00:00
u1483,imp0008284,B,0,2024-01-04 00:00:00
u1483,imp0008285,B,0,2024-01-05 11:00:00
u1484,imp0008286,B,0,2024-01-01 07:00:00
u1484,imp0008287,B,0,2024-01-02 17:00:00
u1484,imp0008288,B,0,2024-01-07 10:00:00
u1484,imp0008289,B,0,2024-01-07 22:00:00
u1484,imp0008290,B,0,2024-01-02 00:00:00
u1484,imp0008291,B,0,2024-01-02 13:00:00
u1484,imp0008292,B,0,2024-01-04 12:00:00
u1484,imp0008293,B,0,2024-01-07 07:00:00
u1485,imp0008294,B,0,2024-01-03 11:00:00
u1485,imp0008295,B,0,2024-01-05 14:00:00
u1485,imp0008296,B,0,2024-01-03 17:00:00
u1485,imp0008297,B,0,2024-01-06 21:00:00
u1485,imp0008298,B,0,2024-01-03 04:00:00
u1485,imp0008299,B,0,2024-01-07 15:00:00
u1486,imp0008300,B,0,2024-01-04 23:00:00
u1486,imp0008301,B,0,2024-01-02 14:00:00
u1486,imp0008302,B,0,2024-01-07 23:00:00
u1486,imp0008303,B,0,2024-01-02 17:00:00
u1487,imp0008304,B,0,2024-01-01 07:00:00
u1487,imp0008305,B,0,2024-01-02 01:00:00
u1487,imp0008306,B,0,2024-01-06 19:00:00
u1487,imp0008307,B,0,2024-01-02 18:00:00
u1487,imp0008308,B,0,2024-01-05 13:00:00
u1487,imp0008309,B,0,2024-01-05 03:00:00
u1487,imp0008310,B,0,2024-01-03 14:00:00
u1488,imp0008311,B,0,2024-01-05 18:00:00
u1488,imp0008312,B,0,2024-01-07 10:00:00
u1488,imp0008313,B,0,2024-01-06 16:00:00
u1489,imp0008314,B,0,2024-01-03 22:00:00
u1489,imp0008315,B,0,2024-01-01 06:00:00
u1489,imp0008316,B,0,2024-01-04 07:00:00
u1490,imp0008317,B,0,2024-01-06 17:00:00
u1490,imp0008318,B,0,2024-01-05 04:00:00
u1490,imp0008319,B,0,2024-01-04 22:00:00
u1490,imp0008320,B,0,2024-01-04 14:00:00
u1490,imp0008321,B,0,2024-01-04 18:00:00
u1491,imp0008322,B,0,2024-01-05 06:00:00
u1491,imp0008323,B,0,2024-01-06 05:00:00
u1491,imp0008324,B,0,2024-01-07 10:00:00
u1491,imp0008325,B,0,2024-01-05 16:00:00
u1491,imp0008326,B,0,2024-01-01 03:00:00
u1491,imp0008327,B,0,2024-01-04 15:00:00
u1491,imp0008328,B,0,2024-01-07 06:00:00
u1491,imp0008329,B,0,2024-01-01 02:00:00
u1492,imp0008330,B,0,2024-01-01 02:00:00
u1492,imp0008331,B,0,2024-01-07 11:00:00
u1492,imp0008332,B,0,2024-01-04 08:00:00
u1492,imp0008333,B,0,2024-01-07 14:00:00
u1492,imp0008334,B,0,2024-01-06 17:00:00
u1493,imp0008335,B,0,2024-01-04 21:00:00
u1493,imp0008336,B,0,2024-01-06 05:00:00
u1493,imp0008337,B,0,2024-01-05 16:00:00
u1494,imp0008338,B,0,2024-01-05 03:00:00
u1494,imp0008339,B,0,2024-01-03 04:00:00
u1494,imp0008340,B,0,2024-01-04 14:00:00
u1494,imp0008341,B,0,2024-01-04 16:00:00
u1494,imp0008342,B,0,2024-01-03 05:00:00
u1494,imp0008343,B,0,2024-01-01 19:00:00
u1494,imp0008344,B,0,2024-01-05 16:00:00
u1495,imp0008345,B,0,2024-01-06 14:00:00
u1495,imp0008346,B,0,2024-01-02 04:00:00
u1495,imp0008347,B,0,2024-01-02 23:00:00
u1496,imp0008348,B,0,2024-01-01 12:00:00
u1496,imp0008349,B,0,2024-01-01 02:00:00
u1496,imp0008350,B,0,2024-01-01 01:00:00
u1496,imp0008351,B,0,2024-01-01 15:00:00
u1496,imp0008352,B,0,2024-01-04 21:00:00
u1496,imp0008353,B,0,2024-01-05 05:00:00
u1496,imp0008354,B,0,2024-01-06 13:00:00
u1497,imp0008355,B,0,2024-01-03 22:00:00
u1497,imp0008356,B,0,2024-01-06 12:00:00
u1497,imp0008357,B,0,2024-01-03 07:00:00
u1497,imp0008358,B,0,2024-01-06 06:00:00
u1497,imp0008359,B,0,2024-01-02 07:00:00
u1497,imp0008360,B,0,2024-01-03 00:00:00
u1497,imp0008361,B,0,2024-01-01 12:00:00
u1498,imp0008362,B,0,2024-01-02 00:00:00
u1498,imp0008363,B,0,2024-01-03 11:00:00
u1498,imp0008364,B,0,2024-01-03 10:00:00
u1498,imp0008365,B,0,2024-01-07 11:00:00
u1498,imp0008366,B,0,2024-01-03 09:00:00
u1498,imp0008367,B,0,2024-01-01 19:00:00
u1498,imp0008368,B,0,2024-01-07 17:00:00
u1498,imp0008369,B,0,2024-01-06 12:00:00
u1499,imp0008370,B,0,2024-01-03 08:00:00
u1499,imp0008371,B,0,2024-01-03 05:00:00
u1499,imp0008372,B,0,2024-01-05 15:00:00
u1499,imp0008373,B,0,2024-01-04 13:00:00
u1500,imp0008374,B,0,2024-01-04 11:00:00
u1500,imp0008375,B,0,2024-01-02 23:00:00
u1500,imp0008376,B,0,2024-01-05 21:00:00
u1500,imp0008377,B,0,2024-01-02 23:00:00
u1500,imp0008378,B,0,2024-01-05 15:00:00
u1500,imp0008379,B,0,2024-01-05 13:00:00
u1500,imp0008380,B,0,2024-01-01 05:00:00
u1501,imp0008381,B,0,2024-01-04 05:00:00
u1501,imp0008382,B,0,2024-01-01 22:00:00
u1501,imp0008383,B,0,2024-01-06 05:00:00
u1501,imp0008384,B,0,2024-01-04 11:00:00
u1502,imp0008385,B,0,2024-01-02 22:00:00
u1502,imp0008386,B,0,2024-01-02 19:00:00
u1502,imp0008387,B,0,2024-01-05 08:00:00
u1502,imp0008388,B,0,2024-01-07 15:00:00
u1502,imp0008389,B,0,2024-01-07 09:00:00
u1502,imp0008390,B,0,2024-01-01 13:00:00
u1502,imp0008391,B,0,2024-01-06 00:00:00
u1503,imp0008392,B,0,2024-01-01 07:00:00
u1503,imp0008393,B,0,2024-01-07 23:00:00
u1503,imp0008394,B,0,2024-01-07 05:00:00
u1503,imp0008395,B,0,2024-01-01 15:00:00
u1503,imp0008396,B,0,2024-01-04 18:00:00
u1503,imp0008397,B,0,2024-01-05 23:00:00
u1504,imp0008398,B,0,2024-01-03 11:00:00
u1504,imp0008399,B,0,2024-01-01 09:00:00
u1504,imp0008400,B,0,2024-01-07 08:00:00
u1504,imp0008401,B,0,2024-01-02 06:00:00
u1504,imp0008402,B,0,2024-01-01 20:00:00
u1504,imp0008403,B,0,2024-01-04 08:00:00
u1505,imp0008404,B,0,2024-01-02 06:00:00
u1505,imp0008405,B,0,2024-01-07 04:00:00
u1505,imp0008406,B,0,2024-01-02 11:00:00
u1506,imp0008407,B,0,2024-01-06 11:00:00
u1506,imp0008408,B,0,2024-01-03 19:00:00
u1506,imp0008409,B,0,2024-01-04 17:00:00
u1507,imp0008410,B,0,2024-01-01 08:00:00
u1507,imp0008411,B,0,2024-01-02 05:00:00
u1507,imp0008412,B,0,2024-01-05 18:00:00
u1507,imp0008413,B,0,2024-01-02 20:00:00
u1507,imp0008414,B,0,2024-01-01 03:00:00
u1507,imp0008415,B,0,2024-01-03 20:00:00
u1508,imp0008416,B,0,2024-01-01 22:00:00
u1508,imp0008417,B,0,2024-01-01 15:00:00
u1508,imp0008418,B,0,2024-01-01 21:00:00
u1508,imp0008419,B,0,2024-01-03 23:00:00
u1508,imp0008420,B,0,2024-01-02 23:00:00
u1508,imp0008421,B,0,2024-01-05 10:00:00
u1508,imp0008422,B,0,2024-01-06 12:00:00
u1509,imp0008423,B,0,2024-01-03 16:00:00
u1509,imp0008424,B,0,2024-01-01 08:00:00
u1509,imp0008425,B,0,2024-01-04 09:00:00
u1509,imp0008426,B,0,2024-01-02 20:00:00
u1509,imp0008427,B,0,2024-01-06 01:00:00
u1510,imp0008428,B,0,2024-01-07 07:00:00
u1510,imp0008429,B,0,2024-01-01 09:00:00
u1510,imp0008430,B,0,2024-01-04 00:00:00
u1510,imp0008431,B,0,2024-01-02 23:00:00
u1510,imp0008432,B,0,2024-01-07 18:00:00
u1511,imp0008433,B,0,2024-01-04 14:00:00
u1511,imp0008434,B,0,2024-01-05 14:00:00
u1511,imp0008435,B,0,2024-01-01 15:00:00
u1511,imp0008436,B,0,2024-01-03 04:00:00
u1511,imp0008437,B,0,2024-01-02 15:00:00
u1511,imp0008438,B,0,2024-01-05 03:00:00
u1511,imp0008439,B,0,2024-01-01 19:00:00
u1511,imp0008440,B,0,2024-01-03 20:00:00
u1512,imp0008441,B,0,2024-01-01 05:00:00
u1512,imp0008442,B,0,2024-01-02 14:00:00
u1512,imp0008443,B,0,2024-01-05 05:00:00
u1512,imp0008444,B,0,2024-01-06 09:00:00
u1512,imp0008445,B,0,2024-01-05 10:00:00
u1512,imp0008446,B,0,2024-01-02 14:00:00
u1512,imp0008447,B,0,2024-01-05 21:00:00
u1513,imp0008448,B,0,2024-01-04 09:00:00
u1513,imp0008449,B,0,2024-01-03 05:00:00
u1513,imp0008450,B,0,2024-01-05 13:00:00
u1513,imp0008451,B,0,2024-01-01 11:00:00
u1513,imp0008452,B,1,2024-01-07 20:00:00
u1513,imp0008453,B,0,2024-01-05 13:00:00
u1513,imp0008454,B,0,2024-01-02 13:00:00
u1514,imp0008455,B,0,2024-01-03 16:00:00
u1514,imp0008456,B,0,2024-01-05 05:00:00
u1514,imp0008457,B,0,2024-01-05 04:00:00
u1514,imp0008458,B,0,2024-01-02 19:00:00
u1514,imp0008459,B,0,2024-01-02 06:00:00
u1514,imp0008460,B,0,2024-01-04 04:00:00
u1514,imp0008461,B,0,2024-01-02 23:00:00
u1514,imp0008462,B,0,2024-01-04 09:00:00
u1515,imp0008463,B,0,2024-01-04 11:00:00
u1515,imp0008464,B,0,2024-01-01 09:00:00
u1515,imp0008465,B,0,2024-01-02 04:00:00
u1516,imp0008466,B,0,2024-01-05 19:00:00
u1516,imp0008467,B,0,2024-01-01 12:00:00
u1516,imp0008468,B,0,2024-01-02 22:00:00
u1516,imp0008469,B,0,2024-01-05 06:00:00
u1517,imp0008470,B,0,2024-01-03 04:00:00
u1517,imp0008471,B,0,2024-01-04 19:00:00
u1517,imp0008472,B,0,2024-01-04 04:00:00
u1517,imp0008473,B,0,2024-01-02 19:00:00
u1517,imp0008474,B,0,2024-01-07 11:00:00
u1518,imp0008475,B,1,2024-01-03 08:00:00
u1518,imp0008476,B,0,2024-01-03 08:00:00
u1518,imp0008477,B,0,2024-01-02 09:00:00
u1518,imp0008478,B,0,2024-01-03 09:00:00
u1519,imp0008479,B,0,2024-01-07 12:00:00
u1519,imp0008480,B,0,2024-01-02 10:00:00
u1519,imp0008481,B,0,2024-01-04 02:00:00
u1519,imp0008482,B,0,2024-01-02 08:00:00
u1519,imp0008483,B,0,2024-01-05 18:00:00
u1519,imp0008484,B,0,2024-01-04 02:00:00
u1519,imp0008485,B,0,2024-01-04 00:00:00
u1519,imp0008486,B,0,2024-01-04 05:00:00
u1520,imp0008487,B,0,2024-01-02 23:00:00
u1520,imp0008488,B,0,2024-01-03 18:00:00
u1520,imp0008489,B,1,2024-01-07 19:00:00
u1521,imp0008490,B,0,2024-01-06 12:00:00
u1521,imp0008491,B,0,2024-01-05 22:00:00
u1521,imp0008492,B,0,2024-01-04 13:00:00
u1521,imp0008493,B,0,2024-01-05 09:00:00
u1521,imp0008494,B,0,2024-01-04 03:00:00
u1521,imp0008495,B,0,2024-01-02 15:00:00
u1522,imp0008496,B,1,2024-01-07 01:00:00
u1522,imp0008497,B,0,2024-01-02 05:00:00
u1522,imp0008498,B,0,2024-01-06 05:00:00
u1522,imp0008499,B,0,2024-01-03 17:00:00
u1522,imp0008500,B,0,2024-01-01 04:00:00
u1523,imp0008501,B,0,2024-01-05 00:00:00
u1523,imp0008502,B,0,2024-01-04 21:00:00
u1523,imp0008503,B,0,2024-01-05 09:00:00
u1523,imp0008504,B,0,2024-01-06 12:00:00
u1523,imp0008505,B,0,2024-01-04 12:00:00
u1523,imp0008506,B,0,2024-01-03 09:00:00
u1523,imp0008507,B,0,2024-01-04 06:00:00
u1524,imp0008508,B,0,2024-01-01 07:00:00
u1524,imp0008509,B,0,2024-01-07 14:00:00
u1524,imp0008510,B,0,2024-01-01 11:00:00
u1524,imp0008511,B,0,2024-01-07 04:00:00
u1524,imp0008512,B,0,2024-01-04 21:00:00
u1524,imp0008513,B,0,2024-01-04 18:00:00
u1525,imp0008514,B,0,2024-01-02 08:00:00
u1525,imp0008515,B,0,2024-01-07 09:00:00
u1525,imp0008516,B,0,2024-01-05 03:00:00
u1525,imp0008517,B,0,2024-01-07 23:00:00
u1525,imp0008518,B,0,2024-01-01 14:00:00
u1525,imp0008519,B,0,2024-01-05 17:00:00
u1526,imp0008520,B,0,2024-01-01 10:00:00
u1526,imp0008521,B,0,2024-01-03 06:00:00
u1526,imp0008522,B,0,2024-01-01 01:00:00
u1527,imp0008523,B,0,2024-01-01 15:00:00
u1527,imp0008524,B,0,2024-01-07 05:00:00
u1527,imp0008525,B,0,2024-01-05 09:00:00
u1528,imp0008526,B,0,2024-01-02 05:00:00
u1528,imp0008527,B,0,2024-01-01 09:00:00
u1528,imp0008528,B,0,2024-01-03 13:00:00
u1528,imp0008529,B,0,2024-01-04 12:00:00
u1529,imp0008530,B,0,2024-01-03 18:00:00
u1529,imp0008531,B,0,2024-01-02 16:00:00
u1529,imp0008532,B,0,2024-01-01 17:00:00
u1529,imp0008533,B,0,2024-01-03 09:00:00
u1529,imp0008534,B,0,2024-01-03 11:00:00
u1529,imp0008535,B,0,2024-01-04 15:00:00
u1529,imp0008536,B,0,2024-01-02 02:00:00
u1529,imp0008537,B,0,2024-01-03 19:00:00
u1530,imp0008538,B,0,2024-01-07 07:00:00
u1530,imp0008539,B,0,2024-01-02 15:00:00
u1530,imp0008540,B,0,2024-01-05 12:00:00
u1530,imp0008541,B,0,2024-01-04 01:00:00
u1530,imp0008542,B,0,2024-01-03 17:00:00
u1530,imp0008543,B,0,2024-01-07 23:00:00
u1530,imp0008544,B,0,2024-01-01 05:00:00
u1530,imp0008545,B,0,2024-01-05 15:00:00
u1531,imp0008546,B,0,2024-01-04 08:00:00
u1531,imp0008547,B,0,2024-01-05 05:00:00
u1531,imp0008548,B,0,2024-01-05 13:00:00
u1531,imp0008549,B,0,2024-01-02 05:00:00
u1532,imp0008550,B,0,2024-01-07 04:00:00
u1532,imp0008551,B,0,2024-01-03 13:00:00
u1532,imp0008552,B,0,2024-01-06 17:00:00
u1532,imp0008553,B,0,2024-01-05 23:00:00
u1533,imp0008554,B,0,2024-01-06 20:00:00
u1533,imp0008555,B,0,2024-01-04 03:00:00
u1533,imp0008556,B,0,2024-01-01 08:00:00
u1533,imp0008557,B,0,2024-01-02 14:00:00
u1533,imp0008558,B,0,2024-01-01 23:00:00
u1534,imp0008559,B,0,2024-01-05 21:00:00
u1534,imp0008560,B,0,2024-01-02 09:00:00
u1534,imp0008561,B,0,2024-01-03 12:00:00
u1534,imp0008562,B,0,2024-01-06 12:00:00
u1534,imp0008563,B,0,2024-01-04 06:00:00
u1534,imp0008564,B,0,2024-01-03 01:00:00
u1534,imp0008565,B,0,2024-01-06 11:00:00
u1535,imp0008566,B,0,2024-01-03 03:00:00
u1535,imp0008567,B,0,2024-01-06 01:00:00
u1535,imp0008568,B,0,2024-01-07 22:00:00
u1535,imp0008569,B,0,2024-01-01 07:00:00
u1535,imp0008570,B,0,2024-01-05 16:00:00
u1536,imp0008571,B,0,2024-01-04 15:00:00
u1536,imp0008572,B,0,2024-01-02 03:00:00
u1536,imp0008573,B,0,2024-01-05 22:00:00
u1536,imp0008574,B,0,2024-01-05 10:00:00
u1536,imp0008575,B,0,2024-01-02 02:00:00
u1536,imp0008576,B,0,2024-01-07 17:00:00
u1536,imp0008577,B,0,2024-01-04 08:00:00
u1537,imp0008578,B,0,2024-01-03 13:00:00
u1537,imp0008579,B,0,2024-01-03 13:00:00
u1537,imp0008580,B,0,2024-01-07 21:00:00
u1537,imp0008581,B,0,2024-01-02 01:00:00
u1537,imp0008582,B,0,2024-01-06 00:00:00
u1537,imp0008583,B,0,2024-01-01 23:00:00
u1537,imp0008584,B,0,2024-01-02 14:00:00
u1538,imp0008585,B,0,2024-01-01 20:00:00
u1538,imp0008586,B,0,2024-01-04 21:00:00
u1538,imp0008587,B,0,2024-01-05 18:00:00
u1538,imp0008588,B,0,2024-01-06 00:00:00
u1538,imp0008589,B,0,2024-01-01 12:00:00
u1538,imp0008590,B,0,2024-01-06 10:00:00
u1539,imp0008591,B,0,2024-01-01 18:00:00
u1539,imp0008592,B,0,2024-01-06 21:00:00
u1539,imp0008593,B,0,2024-01-04 08:00:00
u1539,imp0008594,B,0,2024-01-06 02:00:00
u1539,imp0008595,B,0,2024-01-03 19:00:00
u1540,imp0008596,B,0,2024-01-01 18:00:00
u1540,imp0008597,B,0,2024-01-03 15:00:00
u1540,imp0008598,B,0,2024-01-05 04:00:00
u1540,imp0008599,B,0,2024-01-03 17:00:00
u1540,imp0008600,B,0,2024-01-03 17:00:00
u1540,imp0008601,B,0,2024-01-04 02:00:00
u1540,imp0008602,B,0,2024-01-02 20:00:00
u1541,imp0008603,B,0,2024-01-03 18:00:00
u1541,imp0008604,B,0,2024-01-01 02:00:00
u1541,imp0008605,B,0,2024-01-07 21:00:00
u1541,imp0008606,B,0,2024-01-07 23:00:00
u1542,imp0008607,B,0,2024-01-07 18:00:00
u1542,imp0008608,B,0,2024-01-01 23:00:00
u1542,imp0008609,B,0,2024-01-04 15:00:00
u1542,imp0008610,B,0,2024-01-01 16:00:00
u1543,imp0008611,B,0,2024-01-07 06:00:00
u1543,imp0008612,B,0,2024-01-01 05:00:00
u1543,imp0008613,B,0,2024-01-07 04:00:00
u1543,imp0008614,B,0,2024-01-05 22:00:00
u1544,imp0008615,B,0,2024-01-05 16:00:00
u1544,imp0008616,B,0,2024-01-02 04:00:00
u1544,imp0008617,B,0,2024-01-01 06:00:00
u1544,imp0008618,B,0,2024-01-03 04:00:00
u1544,imp0008619,B,0,2024-01-07 20:00:00
u1545,imp0008620,B,0,2024-01-01 09:00:00
u1545,imp0008621,B,1,2024-01-05 20:00:00
u1545,imp0008622,B,0,2024-01-01 23:00:00
u1546,imp0008623,B,0,2024-01-02 14:00:00
u1546,imp0008624,B,0,2024-01-03 17:00:00
u1546,imp0008625,B,0,2024-01-01 05:00:00
u1546,imp0008626,B,0,2024-01-01 20:00:00
u1547,imp0008627,B,0,2024-01-04 01:00:00
u1547,imp0008628,B,0,2024-01-02 11:00:00
u1547,imp0008629,B,0,2024-01-06 10:00:00
u1548,imp0008630,B,0,2024-01-02 19:00:00
u1548,imp0008631,B,0,2024-01-04 18:00:00
u1548,imp0008632,B,0,2024-01-07 16:00:00
u1549,imp0008633,B,0,2024-01-04 20:00:00
u1549,imp0008634,B,0,2024-01-04 10:00:00
u1549,imp0008635,B,0,2024-01-04 10:00:00
u1549,imp0008636,B,0,2024-01-04 04:00:00
u1549,imp0008637,B,0,2024-01-02 01:00:00
u1549,imp0008638,B,0,2024-01-01 20:00:00
u1550,imp0008639,B,0,2024-01-05 23:00:00
u1550,imp0008640,B,0,2024-01-06 09:00:00
u1550,imp0008641,B,0,2024-01-05 11:00:00
u1550,imp0008642,B,0,2024-01-07 13:00:00
u1550,imp0008643,B,0,2024-01-02 02:00:00
u1550,imp0008644,B,0,2024-01-03 22:00:00
u1551,imp0008645,B,0,2024-01-04 22:00:00
u1551,imp0008646,B,1,2024-01-01 22:00:00
u1551,imp0008647,B,0,2024-01-06 20:00:00
u1551,imp0008648,B,0,2024-01-04 08:00:00
u1551,imp0008649,B,0,2024-01-06 11:00:00
u1551,imp0008650,B,0,2024-01-06 21:00:00
u1552,imp0008651,B,0,2024-01-06 03:00:00
u1552,imp0008652,B,0,2024-01-01 12:00:00
u1552,imp0008653,B,0,2024-01-01 02:00:00
u1552,imp0008654,B,0,2024-01-06 10:00:00
u1552,imp0008655,B,0,2024-01-06 08:00:00
u1552,imp0008656,B,0,2024-01-04 17:00:00
u1553,imp0008657,B,0,2024-01-02 10:00:00
u1553,imp0008658,B,0,2024-01-01 13:00:00
u1553,imp0008659,B,0,2024-01-06 20:00:00
u1554,imp0008660,B,0,2024-01-07 09:00:00
u1554,imp0008661,B,1,2024-01-01 02:00:00
u1554,imp0008662,B,0,2024-01-02 15:00:00
u1554,imp0008663,B,0,2024-01-07 19:00:00
u1555,imp0008664,B,0,2024-01-01 00:00:00
u1555,imp0008665,B,0,2024-01-05 07:00:00
u1555,imp0008666,B,0,2024-01-07 16:00:00
u1555,imp0008667,B,0,2024-01-06 14:00:00
u1555,imp0008668,B,0,2024-01-05 20:00:00
u1556,imp0008669,B,0,2024-01-03 03:00:00
u1556,imp0008670,B,0,2024-01-05 23:00:00
u1556,imp0008671,B,0,2024-01-06 18:00:00
u1556,imp0008672,B,0,2024-01-07 10:00:00
u1556,imp0008673,B,0,2024-01-06 21:00:00
u1556,imp0008674,B,0,2024-01-04 13:00:00
u1557,imp0008675,B,0,2024-01-04 03:00:00
u1557,imp0008676,B,0,2024-01-01 09:00:00
u1557,imp0008677,B,0,2024-01-07 07:00:00
u1557,imp0008678,B,0,2024-01-03 12:00:00
u1557,imp0008679,B,0,2024-01-01 17:00:00
u1557,imp0008680,B,0,2024-01-04 13:00:00
u1557,imp0008681,B,0,2024-01-06 16:00:00
u1557,imp0008682,B,0,2024-01-07 00:00:00
u1558,imp0008683,B,0,2024-01-06 07:00:00
u1558,imp0008684,B,0,2024-01-05 07:00:00
u1558,imp0008685,B,0,2024-01-06 20:00:00
u1558,imp0008686,B,0,2024-01-05 04:00:00
u1558,imp0008687,B,0,2024-01-01 05:00:00
u1558,imp0008688,B,0,2024-01-04 12:00:00
u1558,imp0008689,B,0,2024-01-03 02:00:00
u1558,imp0008690,B,0,2024-01-02 11:00:00
u1559,imp0008691,B,0,2024-01-02 00:00:00
u1559,imp0008692,B,0,2024-01-06 18:00:00
u1559,imp0008693,B,0,2024-01-02 19:00:00
u1559,imp0008694,B,0,2024-01-01 13:00:00
u1559,imp0008695,B,0,2024-01-02 04:00:00
u1559,imp0008696,B,0,2024-01-04 01:00:00
u1560,imp0008697,B,0,2024-01-01 04:00:00
u1560,imp0008698,B,0,2024-01-05 13:00:00
u1560,imp0008699,B,0,2024-01-06 01:00:00
u1560,imp0008700,B,1,2024-01-04 15:00:00
u1561,imp0008701,B,0,2024-01-02 01:00:00
u1561,imp0008702,B,0,2024-01-01 05:00:00
u1561,imp0008703,B,0,2024-01-06 23:00:00
u1562,imp0008704,B,0,2024-01-05 03:00:00
u1562,imp0008705,B,0,2024-01-01 11:00:00
u1562,imp0008706,B,0,2024-01-04 02:00:00
u1562,imp0008707,B,0,2024-01-01 02:00:00
u1562,imp0008708,B,0,2024-01-03 14:00:00
u1562,imp0008709,B,0,2024-01-06 13:00:00
u1563,imp0008710,B,0,2024-01-01 17:00:00
u1563,imp0008711,B,0,2024-01-04 07:00:00
u1563,imp0008712,B,0,2024-01-04 00:00:00
u1563,imp0008713,B,0,2024-01-06 10:00:00
u1563,imp0008714,B,0,2024-01-06 05:00:00
u1564,imp0008715,B,0,2024-01-03 19:00:00
u1564,imp0008716,B,0,2024-01-04 07:00:00
u1564,imp0008717,B,0,2024-01-02 17:00:00
u1564,imp0008718,B,0,2024-01-03 15:00:00
u1564,imp0008719,B,0,2024-01-04 05:00:00
u1564,imp0008720,B,0,2024-01-06 06:00:00
u1564,imp0008721,B,0,2024-01-05 08:00:00
u1564,imp0008722,B,0,2024-01-04 03:00:00
u1565,imp0008723,B,0,2024-01-06 11:00:00
u1565,imp0008724,B,0,2024-01-06 09:00:00
u1565,imp0008725,B,0,2024-01-06 01:00:00
u1565,imp0008726,B,0,2024-01-02 19:00:00
u1565,imp0008727,B,0,2024-01-05 05:00:00
u1565,imp0008728,B,0,2024-01-03 13:00:00
u1565,imp0008729,B,0,2024-01-01 00:00:00
u1566,imp0008730,B,0,2024-01-01 15:00:00
u1566,imp0008731,B,0,2024-01-01 08:00:00
u1566,imp0008732,B,0,2024-01-03 10:00:00
u1567,imp0008733,B,0,2024-01-06 19:00:00
u1567,imp0008734,B,0,2024-01-05 22:00:00
u1567,imp0008735,B,0,2024-01-02 16:00:00
u1568,imp0008736,B,0,2024-01-04 02:00:00
u1568,imp0008737,B,0,2024-01-01 10:00:00
u1568,imp0008738,B,0,2024-01-01 07:00:00
u1568,imp0008739,B,0,2024-01-06 13:00:00
u1569,imp0008740,B,0,2024-01-07 03:00:00
u1569,imp0008741,B,0,2024-01-07 22:00:00
u1569,imp0008742,B,0,2024-01-05 02:00:00
u1569,imp0008743,B,0,2024-01-03 23:00:00
u1569,imp0008744,B,0,2024-01-05 16:00:00
u1569,imp0008745,B,0,2024-01-05 10:00:00
u1569,imp0008746,B,0,2024-01-02 09:00:00
u1570,imp0008747,B,0,2024-01-05 20:00:00
u1570,imp0008748,B,0,2024-01-05 23:00:00
u1570,imp0008749,B,0,2024-01-07 02:00:00
u1571,imp0008750,B,0,2024-01-02 15:00:00
u1571,imp0008751,B,0,2024-01-06 21:00:00
u1571,imp0008752,B,0,2024-01-05 06:00:00
u1571,imp0008753,B,0,2024-01-06 03:00:00
u1572,imp0008754,B,0,2024-01-06 02:00:00
u1572,imp0008755,B,0,2024-01-05 03:00:00
u1572,imp0008756,B,0,2024-01-07 20:00:00
u1572,imp0008757,B,0,2024-01-06 16:00:00
u1572,imp0008758,B,0,2024-01-03 09:00:00
u1572,imp0008759,B,0,2024-01-07 03:00:00
u1572,imp0008760,B,0,2024-01-05 12:00:00
u1573,imp0008761,B,0,2024-01-04 19:00:00
u1573,imp0008762,B,0,2024-01-03 01:00:00
u1573,imp0008763,B,0,2024-01-07 03:00:00
u1574,imp0008764,B,0,2024-01-07 19:00:00
u1574,imp0008765,B,0,2024-01-05 20:00:00
u1574,imp0008766,B,0,2024-01-02 02:00:00
u1575,imp0008767,B,0,2024-01-01 16:00:00
u1575,imp0008768,B,0,2024-01-06 16:00:00
u1575,imp0008769,B,0,2024-01-04 11:00:00
u1576,imp0008770,B,0,2024-01-03 17:00:00
u1576,imp0008771,B,0,2024-01-02 07:00:00
u1576,imp0008772,B,0,2024-01-02 20:00:00
u1576,imp0008773,B,0,2024-01-01 08:00:00
u1576,imp0008774,B,0,2024-01-02 05:00:00
u1576,imp0008775,B,0,2024-01-04 11:00:00
u1576,imp0008776,B,0,2024-01-07 21:00:00
u1577,imp0008777,B,0,2024-01-01 00:00:00
u1577,imp0008778,B,0,2024-01-01 04:00:00
u1577,imp0008779,B,0,2024-01-03 14:00:00
u1577,imp0008780,B,0,2024-01-07 19:00:00
u1577,imp0008781,B,0,2024-01-03 16:00:00
u1577,imp0008782,B,0,2024-01-04 05:00:00
u1578,imp0008783,B,0,2024-01-07 07:00:00
u1578,imp0008784,B,0,2024-01-06 11:00:00
u1578,imp0008785,B,0,2024-01-05 17:00:00
u1579,imp0008786,B,0,2024-01-02 00:00:00
u1579,imp0008787,B,0,2024-01-06 14:00:00
u1579,imp0008788,B,0,2024-01-06 20:00:00
u1579,imp0008789,B,0,2024-01-02 18:00:00
u1579,imp0008790,B,0,2024-01-03 08:00:00
u1579,imp0008791,B,0,2024-01-07 19:00:00
u1579,imp0008792,B,0,2024-01-06 21:00:00
u1579,imp0008793,B,0,2024-01-03 23:00:00
u1580,imp0008794,B,0,2024-01-06 07:00:00
u1580,imp0008795,B,0,2024-01-05 09:00:00
u1580,imp0008796,B,0,2024-01-07 20:00:00
u1580,imp0008797,B,0,2024-01-03 22:00:00
u1580,imp0008798,B,0,2024-01-07 08:00:00
u1581,imp0008799,B,0,2024-01-04 17:00:00
u1581,imp0008800,B,0,2024-01-01 03:00:00
u1581,imp0008801,B,0,2024-01-05 09:00:00
u1581,imp0008802,B,0,2024-01-04 06:00:00
u1581,imp0008803,B,0,2024-01-04 23:00:00
u1582,imp0008804,B,0,2024-01-04 01:00:00
u1582,imp0008805,B,0,2024-01-06 05:00:00
u1582,imp0008806,B,0,2024-01-01 15:00:00
u1582,imp0008807,B,0,2024-01-07 02:00:00
u1582,imp0008808,B,0,2024-01-07 12:00:00
u1582,imp0008809,B,0,2024-01-05 19:00:00
u1582,imp0008810,B,0,2024-01-01 17:00:00
u1583,imp0008811,B,0,2024-01-01 15:00:00
u1583,imp0008812,B,0,2024-01-06 09:00:00
u1583,imp0008813,B,0,2024-01-03 07:00:00
u1583,imp0008814,B,0,2024-01-04 06:00:00
u1584,imp0008815,B,0,2024-01-01 04:00:00
u1584,imp0008816,B,0,2024-01-05 09:00:00
u1584,imp0008817,B,0,2024-01-01 21:00:00
u1584,imp0008818,B,0,2024-01-05 20:00:00
u1584,imp0008819,B,0,2024-01-05 03:00:00
u1584,imp0008820,B,0,2024-01-01 12:00:00
u1585,imp0008821,B,0,2024-01-04 13:00:00
u1585,imp0008822,B,0,2024-01-03 15:00:00
u1585,imp0008823,B,1,2024-01-02 07:00:00
u1586,imp0008824,B,0,2024-01-04 06:00:00
u1586,imp0008825,B,0,2024-01-05 09:00:00
u1586,imp0008826,B,0,2024-01-03 14:00:00
u1586,imp0008827,B,0,2024-01-04 03:00:00
u1586,imp0008828,B,0,2024-01-03 11:00:00
u1587,imp0008829,B,0,2024-01-05 20:00:00
u1587,imp0008830,B,0,2024-01-04 08:00:00
u1587,imp0008831,B,0,2024-01-05 08:00:00
u1588,imp0008832,B,0,2024-01-03 22:00:00
u1588,imp0008833,B,0,2024-01-04 13:00:00
u1588,imp0008834,B,0,2024-01-07 09:00:00
u1588,imp0008835,B,0,2024-01-06 19:00:00
u1588,imp0008836,B,0,2024-01-03 22:00:00
u1589,imp0008837,B,0,2024-01-02 22:00:00
u1589,imp0008838,B,0,2024-01-04 06:00:00
u1589,imp0008839,B,0,2024-01-07 21:00:00
u1589,imp0008840,B,0,2024-01-07 04:00:00
u1589,imp0008841,B,0,2024-01-06 21:00:00
u1589,imp0008842,B,0,2024-01-06 09:00:00
u1589,imp0008843,B,0,2024-01-06 06:00:00
u1589,imp0008844,B,0,2024-01-05 12:00:00
u1590,imp0008845,B,0,2024-01-05 04:00:00
u1590,imp0008846,B,0,2024-01-07 16:00:00
u1590,imp0008847,B,0,2024-01-01 05:00:00
u1590,imp0008848,B,0,2024-01-06 05:00:00
u1590,imp0008849,B,0,2024-01-05 06:00:00
u1590,imp0008850,B,0,2024-01-02 12:00:00
u1590,imp0008851,B,0,2024-01-06 21:00:00
u1590,imp0008852,B,0,2024-01-02 12:00:00
u1591,imp0008853,B,0,2024-01-06 20:00:00
u1591,imp0008854,B,0,2024-01-02 15:00:00
u1591,imp0008855,B,0,2024-01-05 10:00:00
u1591,imp0008856,B,0,2024-01-04 19:00:00
u1591,imp0008857,B,0,2024-01-01 17:00:00
u1591,imp0008858,B,0,2024-01-03 08:00:00
u1591,imp0008859,B,0,2024-01-04 10:00:00
u1592,imp0008860,B,0,2024-01-02 00:00:00
u1592,imp0008861,B,0,2024-01-02 08:00:00
u1592,imp0008862,B,0,2024-01-04 15:00:00
u1592,imp0008863,B,0,2024-01-07 13:00:00
u1592,imp0008864,B,0,2024-01-05 07:00:00
u1592,imp0008865,B,0,2024-01-02 09:00:00
u1592,imp0008866,B,0,2024-01-05 05:00:00
u1592,imp0008867,B,1,2024-01-06 06:00:00
u1593,imp0008868,B,0,2024-01-03 20:00:00
u1593,imp0008869,B,0,2024-01-02 15:00:00
u1593,imp0008870,B,0,2024-01-04 07:00:00
u1593,imp0008871,B,0,2024-01-06 20:00:00
u1593,imp0008872,B,0,2024-01-02 06:00:00
u1593,imp0008873,B,0,2024-01-05 19:00:00
u1593,imp0008874,B,0,2024-01-07 22:00:00
u1593,imp0008875,B,0,2024-01-03 14:00:00
u1594,imp0008876,B,0,2024-01-06 19:00:00
u1594,imp0008877,B,0,2024-01-04 05:00:00
u1594,imp0008878,B,0,2024-01-01 17:00:00
u1594,imp0008879,B,0,2024-01-07 10:00:00
u1594,imp0008880,B,0,2024-01-02 03:00:00
u1594,imp0008881,B,0,2024-01-04 07:00:00
u1594,imp0008882,B,0,2024-01-01 15:00:00
u1595,imp0008883,B,0,2024-01-06 16:00:00
u1595,imp0008884,B,0,2024-01-02 01:00:00
u1595,imp0008885,B,0,2024-01-02 03:00:00
u1595,imp0008886,B,0,2024-01-05 08:00:00
u1595,imp0008887,B,0,2024-01-04 04:00:00
u1595,imp0008888,B,0,2024-01-07 19:00:00
u1595,imp0008889,B,0,2024-01-01 08:00:00
u1596,imp0008890,B,0,2024-01-03 02:00:00
u1596,imp0008891,B,0,2024-01-04 03:00:00
u1596,imp0008892,B,0,2024-01-06 01:00:00
u1596,imp0008893,B,0,2024-01-02 07:00:00
u1596,imp0008894,B,0,2024-01-03 08:00:00
u1596,imp0008895,B,0,2024-01-03 05:00:00
u1596,imp0008896,B,0,2024-01-05 19:00:00
u1596,imp0008897,B,0,2024-01-06 23:00:00
u1597,imp0008898,B,0,2024-01-04 11:00:00
u1597,imp0008899,B,0,2024-01-03 07:00:00
u1597,imp0008900,B,0,2024-01-01 22:00:00
u1597,imp0008901,B,0,2024-01-01 16:00:00
u1597,imp0008902,B,0,2024-01-07 21:00:00
u1597,imp0008903,B,0,2024-01-07 13:00:00
u1597,imp0008904,B,0,2024-01-04 05:00:00
u1597,imp0008905,B,0,2024-01-01 21:00:00
u1598,imp0008906,B,0,2024-01-01 16:00:00
u1598,imp0008907,B,0,2024-01-01 14:00:00
u1598,imp0008908,B,0,2024-01-05 17:00:00
u1598,imp0008909,B,0,2024-01-02 23:00:00
u1598,imp0008910,B,0,2024-01-07 15:00:00
u1598,imp0008911,B,0,2024-01-05 16:00:00
u1599,imp0008912,B,0,2024-01-04 18:00:00
u1599,imp0008913,B,0,2024-01-01 15:00:00
u1599,imp0008914,B,0,2024-01-07 11:00:00
u1600,imp0008915,B,0,2024-01-01 00:00:00
u1600,imp0008916,B,0,2024-01-02 16:00:00
u1600,imp0008917,B,1,2024-01-02 23:00:00
u1600,imp0008918,B,0,2024-01-07 14:00:00
u1601,imp0008919,B,0,2024-01-05 11:00:00
u1601,imp0008920,B,0,2024-01-07 16:00:00
u1601,imp0008921,B,0,2024-01-07 16:00:00
u1601,imp0008922,B,0,2024-01-05 06:00:00
u1601,imp0008923,B,0,2024-01-06 07:00:00
u1601,imp0008924,B,0,2024-01-07 06:00:00
u1602,imp0008925,B,0,2024-01-02 05:00:00
u1602,imp0008926,B,0,2024-01-02 20:00:00
u1602,imp0008927,B,0,2024-01-04 07:00:00
u1602,imp0008928,B,0,2024-01-02 14:00:00
u1602,imp0008929,B,0,2024-01-02 20:00:00
u1602,imp0008930,B,0,2024-01-04 05:00:00
u1603,imp0008931,B,0,2024-01-06 19:00:00
u1603,imp0008932,B,0,2024-01-04 20:00:00
u1603,imp0008933,B,0,2024-01-02 07:00:00
u1604,imp0008934,B,0,2024-01-01 12:00:00
u1604,imp0008935,B,0,2024-01-07 03:00:00
u1604,imp0008936,B,0,2024-01-04 06:00:00
u1604,imp0008937,B,0,2024-01-03 07:00:00
u1604,imp0008938,B,0,2024-01-03 04:00:00
u1604,imp0008939,B,0,2024-01-03 19:00:00
u1605,imp0008940,B,0,2024-01-02 09:00:00
u1605,imp0008941,B,0,2024-01-02 03:00:00
u1605,imp0008942,B,0,2024-01-03 01:00:00
u1605,imp0008943,B,0,2024-01-06 09:00:00
u1605,imp0008944,B,0,2024-01-05 14:00:00
u1605,imp0008945,B,0,2024-01-04 21:00:00
u1605,imp0008946,B,0,2024-01-07 09:00:00
u1605,imp0008947,B,0,2024-01-02 22:00:00
u1606,imp0008948,B,0,2024-01-04 11:00:00
u1606,imp0008949,B,0,2024-01-05 09:00:00
u1606,imp0008950,B,0,2024-01-04 19:00:00
u1606,imp0008951,B,0,2024-01-05 23:00:00
u1607,imp0008952,B,0,2024-01-04 02:00:00
u1607,imp0008953,B,0,2024-01-06 01:00:00
u1607,imp0008954,B,0,2024-01-07 06:00:00
u1607,imp0008955,B,0,2024-01-07 20:00:00
u1607,imp0008956,B,0,2024-01-02 16:00:00
u1607,imp0008957,B,0,2024-01-03 03:00:00
u1608,imp0008958,B,0,2024-01-04 09:00:00
u1608,imp0008959,B,0,2024-01-07 10:00:00
u1608,imp0008960,B,0,2024-01-06 13:00:00
u1608,imp0008961,B,0,2024-01-04 01:00:00
u1608,imp0008962,B,0,2024-01-03 17:00:00
u1609,imp0008963,B,0,2024-01-02 03:00:00
u1609,imp0008964,B,0,2024-01-07 11:00:00
u1609,imp0008965,B,0,2024-01-05 20:00:00
u1609,imp0008966,B,0,2024-01-05 17:00:00
u1609,imp0008967,B,0,2024-01-03 12:00:00
u1609,imp0008968,B,0,2024-01-03 20:00:00
u1609,imp0008969,B,0,2024-01-05 17:00:00
u1609,imp0008970,B,0,2024-01-04 02:00:00
u1610,imp0008971,B,0,2024-01-03 10:00:00
u1610,imp0008972,B,0,2024-01-06 09:00:00
u1610,imp0008973,B,0,2024-01-01 14:00:00
u1610,imp0008974,B,0,2024-01-05 08:00:00
u1611,imp0008975,B,0,2024-01-07 03:00:00
u1611,imp0008976,B,0,2024-01-05 01:00:00
u1611,imp0008977,B,0,2024-01-02 10:00:00
u1611,imp0008978,B,0,2024-01-07 17:00:00
u1611,imp0008979,B,0,2024-01-02 06:00:00
u1611,imp0008980,B,0,2024-01-06 06:00:00
u1611,imp0008981,B,1,2024-01-01 18:00:00
u1612,imp0008982,B,0,2024-01-01 23:00:00
u1612,imp0008983,B,0,2024-01-04 11:00:00
u1612,imp0008984,B,0,2024-01-07 22:00:00
u1612,imp0008985,B,0,2024-01-04 19:00:00
u1612,imp0008986,B,0,2024-01-07 22:00:00
u1612,imp0008987,B,0,2024-01-07 00:00:00
u1613,imp0008988,B,0,2024-01-05 21:00:00
u1613,imp0008989,B,0,2024-01-07 18:00:00
u1613,imp0008990,B,0,2024-01-07 15:00:00
u1613,imp0008991,B,0,2024-01-02 22:00:00
u1613,imp0008992,B,0,2024-01-05 06:00:00
u1614,imp0008993,B,0,2024-01-07 18:00:00
u1614,imp0008994,B,0,2024-01-04 21:00:00
u1614,imp0008995,B,0,2024-01-07 00:00:00
u1615,imp0008996,B,0,2024-01-05 14:00:00
u1615,imp0008997,B,0,2024-01-02 04:00:00
u1615,imp0008998,B,0,2024-01-06 03:00:00
u1615,imp0008999,B,0,2024-01-01 16:00:00
u1616,imp0009000,B,0,2024-01-01 13:00:00
u1616,imp0009001,B,0,2024-01-07 07:00:00
u1616,imp0009002,B,0,2024-01-03 01:00:00
u1617,imp0009003,B,1,2024-01-05 07:00:00
u1617,imp0009004,B,0,2024-01-02 14:00:00
u1617,imp0009005,B,0,2024-01-04 23:00:00
u1618,imp0009006,B,0,2024-01-05 17:00:00
u1618,imp0009007,B,0,2024-01-02 12:00:00
u1618,imp0009008,B,0,2024-01-01 13:00:00
u1618,imp0009009,B,0,2024-01-07 10:00:00
u1618,imp0009010,B,0,2024-01-06 02:00:00
u1618,imp0009011,B,0,2024-01-04 10:00:00
u1619,imp0009012,B,0,2024-01-04 00:00:00
u1619,imp0009013,B,0,2024-01-05 05:00:00
u1619,imp0009014,B,0,2024-01-04 08:00:00
u1619,imp0009015,B,0,2024-01-04 10:00:00
u1619,imp0009016,B,0,2024-01-02 19:00:00
u1619,imp0009017,B,0,2024-01-03 19:00:00
u1619,imp0009018,B,0,2024-01-02 23:00:00
u1619,imp0009019,B,0,2024-01-03 08:00:00
u1620,imp0009020,B,0,2024-01-01 21:00:00
u1620,imp0009021,B,0,2024-01-06 11:00:00
u1620,imp0009022,B,0,2024-01-02 21:00:00
u1620,imp0009023,B,0,2024-01-07 17:00:00
u1620,imp0009024,B,0,2024-01-01 10:00:00
u1621,imp0009025,B,0,2024-01-05 23:00:00
u1621,imp0009026,B,0,2024-01-03 07:00:00
u1621,imp0009027,B,0,2024-01-02 13:00:00
u1621,imp0009028,B,0,2024-01-01 20:00:00
u1621,imp0009029,B,0,2024-01-05 13:00:00
u1622,imp0009030,B,0,2024-01-06 17:00:00
u1622,imp0009031,B,0,2024-01-07 09:00:00
u1622,imp0009032,B,0,2024-01-06 15:00:00
u1622,imp0009033,B,0,2024-01-01 07:00:00
u1622,imp0009034,B,0,2024-01-03 23:00:00
u1622,imp0009035,B,0,2024-01-05 22:00:00
u1622,imp0009036,B,0,2024-01-02 09:00:00
u1622,imp0009037,B,0,2024-01-06 23:00:00
u1623,imp0009038,B,0,2024-01-06 20:00:00
u1623,imp0009039,B,0,2024-01-04 14:00:00
u1623,imp0009040,B,0,2024-01-07 05:00:00
u1624,imp0009041,B,1,2024-01-07 10:00:00
u1624,imp0009042,B,0,2024-01-03 15:00:00
u1624,imp0009043,B,0,2024-01-01 01:00:00
u1625,imp0009044,B,0,2024-01-02 01:00:00
u1625,imp0009045,B,0,2024-01-04 10:00:00
u1625,imp0009046,B,0,2024-01-05 10:00:00
u1625,imp0009047,B,0,2024-01-03 20:00:00
u1625,imp0009048,B,0,2024-01-05 00:00:00
u1625,imp0009049,B,0,2024-01-02 05:00:00
u1625,imp0009050,B,0,2024-01-01 07:00:00
u1626,imp0009051,B,0,2024-01-04 08:00:00
u1626,imp0009052,B,0,2024-01-05 11:00:00
u1626,imp0009053,B,0,2024-01-03 16:00:00
u1626,imp0009054,B,0,2024-01-03 18:00:00
u1626,imp0009055,B,0,2024-01-04 17:00:00
u1626,imp0009056,B,0,2024-01-04 22:00:00
u1626,imp0009057,B,0,2024-01-03 23:00:00
u1626,imp0009058,B,0,2024-01-02 18:00:00
u1627,imp0009059,B,0,2024-01-02 21:00:00
u1627,imp0009060,B,0,2024-01-06 04:00:00
u1627,imp0009061,B,0,2024-01-07 18:00:00
u1627,imp0009062,B,0,2024-01-02 14:00:00
u1627,imp0009063,B,0,2024-01-03 02:00:00
u1628,imp0009064,B,0,2024-01-06 00:00:00
u1628,imp0009065,B,0,2024-01-04 07:00:00
u1628,imp0009066,B,0,2024-01-04 04:00:00
u1628,imp0009067,B,0,2024-01-06 12:00:00
u1628,imp0009068,B,0,2024-01-03 06:00:00
u1628,imp0009069,B,0,2024-01-01 19:00:00
u1629,imp0009070,B,0,2024-01-02 09:00:00
u1629,imp0009071,B,0,2024-01-06 01:00:00
u1629,imp0009072,B,0,2024-01-05 12:00:00
u1629,imp0009073,B,0,2024-01-06 05:00:00
u1629,imp0009074,B,0,2024-01-03 05:00:00
u1629,imp0009075,B,0,2024-01-07 17:00:00
u1630,imp0009076,B,0,2024-01-07 00:00:00
u1630,imp0009077,B,0,2024-01-06 12:00:00
u1630,imp0009078,B,0,2024-01-04 16:00:00
u1630,imp0009079,B,0,2024-01-07 01:00:00
u1630,imp0009080,B,0,2024-01-03 04:00:00
u1631,imp0009081,B,0,2024-01-03 23:00:00
u1631,imp0009082,B,0,2024-01-06 20:00:00
u1631,imp0009083,B,0,2024-01-01 15:00:00
u1631,imp0009084,B,0,2024-01-01 12:00:00
u1632,imp0009085,B,0,2024-01-03 17:00:00
u1632,imp0009086,B,0,2024-01-02 22:00:00
u1632,imp0009087,B,0,2024-01-07 02:00:00
u1632,imp0009088,B,0,2024-01-07 20:00:00
u1632,imp0009089,B,0,2024-01-06 01:00:00
u1632,imp0009090,B,0,2024-01-03 05:00:00
u1633,imp0009091,B,0,2024-01-01 13:00:00
u1633,imp0009092,B,0,2024-01-06 11:00:00
u1633,imp0009093,B,0,2024-01-04 13:00:00
u1633,imp0009094,B,0,2024-01-07 17:00:00
u1633,imp0009095,B,0,2024-01-02 02:00:00
u1633,imp0009096,B,0,2024-01-01 06:00:00
u1633,imp0009097,B,0,2024-01-06 10:00:00
u1633,imp0009098,B,0,2024-01-01 01:00:00
u1634,imp0009099,B,0,2024-01-04 07:00:00
u1634,imp0009100,B,0,2024-01-07 08:00:00
u1634,imp0009101,B,0,2024-01-03 11:00:00
u1634,imp0009102,B,0,2024-01-01 23:00:00
u1635,imp0009103,B,0,2024-01-06 13:00:00
u1635,imp0009104,B,0,2024-01-04 08:00:00
u1635,imp0009105,B,0,2024-01-01 17:00:00
u1635,imp0009106,B,0,2024-01-01 19:00:00
u1635,imp0009107,B,0,2024-01-05 18:00:00
u1635,imp0009108,B,1,2024-01-02 15:00:00
u1635,imp0009109,B,0,2024-01-02 14:00:00
u1635,imp0009110,B,0,2024-01-02 07:00:00
u1636,imp0009111,B,0,2024-01-05 11:00:00
u1636,imp0009112,B,0,2024-01-02 02:00:00
u1636,imp0009113,B,0,2024-01-05 13:00:00
u1636,imp0009114,B,0,2024-01-05 00:00:00
u1636,imp0009115,B,0,2024-01-04 01:00:00
u1636,imp0009116,B,0,2024-01-01 16:00:00
u1637,imp0009117,B,0,2024-01-03 00:00:00
u1637,imp0009118,B,0,2024-01-04 08:00:00
u1637,imp0009119,B,0,2024-01-05 19:00:00
u1638,imp0009120,B,0,2024-01-03 23:00:00
u1638,imp0009121,B,0,2024-01-06 20:00:00
u1638,imp0009122,B,0,2024-01-07 06:00:00
u1638,imp0009123,B,0,2024-01-03 08:00:00
u1639,imp0009124,B,0,2024-01-07 03:00:00
u1639,imp0009125,B,0,2024-01-04 13:00:00
u1639,imp0009126,B,0,2024-01-01 22:00:00
u1639,imp0009127,B,0,2024-01-05 08:00:00
u1639,imp0009128,B,0,2024-01-07 18:00:00
u1639,imp0009129,B,1,2024-01-03 18:00:00
u1639,imp0009130,B,0,2024-01-02 09:00:00
u1639,imp0009131,B,0,2024-01-02 08:00:00
u1640,imp0009132,B,1,2024-01-07 02:00:00
u1640,imp0009133,B,0,2024-01-04 14:00:00
u1640,imp0009134,B,0,2024-01-01 14:00:00
u1640,imp0009135,B,0,2024-01-06 02:00:00
u1640,imp0009136,B,0,2024-01-06 00:00:00
u1640,imp0009137,B,0,2024-01-04 05:00:00
u1640,imp0009138,B,0,2024-01-03 17:00:00
u1640,imp0009139,B,0,2024-01-02 14:00:00
u1641,imp0009140,B,0,2024-01-01 17:00:00
u1641,imp0009141,B,0,2024-01-07 15:00:00
u1641,imp0009142,B,0,2024-01-01 20:00:00
u1642,imp0009143,B,0,2024-01-02 02:00:00
u1642,imp0009144,B,0,2024-01-01 01:00:00
u1642,imp0009145,B,0,2024-01-05 00:00:00
u1642,imp0009146,B,0,2024-01-02 14:00:00
u1642,imp0009147,B,0,2024-01-03 07:00:00
u1642,imp0009148,B,0,2024-01-05 10:00:00
u1643,imp0009149,B,0,2024-01-06 05:00:00
u1643,imp0009150,B,0,2024-01-03 07:00:00
u1643,imp0009151,B,0,2024-01-02 03:00:00
u1643,imp0009152,B,0,2024-01-03 15:00:00
u1643,imp0009153,B,0,2024-01-03 22:00:00
u1643,imp0009154,B,0,2024-01-05 22:00:00
u1643,imp0009155,B,0,2024-01-05 03:00:00
u1644,imp0009156,B,0,2024-01-01 03:00:00
u1644,imp0009157,B,0,2024-01-07 13:00:00
u1644,imp0009158,B,0,2024-01-04 15:00:00
u1645,imp0009159,B,0,2024-01-02 21:00:00
u1645,imp0009160,B,0,2024-01-07 14:00:00
u1645,imp0009161,B,0,2024-01-04 15:00:00
u1645,imp0009162,B,0,2024-01-01 06:00:00
u1645,imp0009163,B,0,2024-01-04 04:00:00
u1645,imp0009164,B,0,2024-01-06 15:00:00
u1646,imp0009165,B,0,2024-01-06 20:00:00
u1646,imp0009166,B,0,2024-01-04 20:00:00
u1646,imp0009167,B,0,2024-01-01 19:00:00
u1646,imp0009168,B,0,2024-01-04 05:00:00
u1646,imp0009169,B,0,2024-01-07 15:00:00
u1646,imp0009170,B,0,2024-01-02 02:00:00
u1646,imp0009171,B,0,2024-01-05 23:00:00
u1647,imp0009172,B,0,2024-01-03 03:00:00
u1647,imp0009173,B,0,2024-01-01 20:00:00
u1647,imp0009174,B,0,2024-01-01 17:00:00
u1648,imp0009175,B,0,2024-01-02 13:00:00
u1648,imp0009176,B,0,2024-01-03 03:00:00
u1648,imp0009177,B,0,2024-01-03 23:00:00
u1648,imp0009178,B,0,2024-01-02 03:00:00
u1648,imp0009179,B,0,2024-01-06 23:00:00
u1648,imp0009180,B,0,2024-01-05 21:00:00
u1648,imp0009181,B,0,2024-01-06 23:00:00
u1649,imp0009182,B,0,2024-01-07 00:00:00
u1649,imp0009183,B,0,2024-01-05 02:00:00
u1649,imp0009184,B,0,2024-01-03 03:00:00
u1649,imp0009185,B,0,2024-01-06 19:00:00
u1649,imp0009186,B,0,2024-01-04 10:00:00
u1650,imp0009187,B,0,2024-01-06 02:00:00
u1650,imp0009188,B,0,2024-01-06 06:00:00
u1650,imp0009189,B,0,2024-01-03 03:00:00
u1650,imp0009190,B,0,2024-01-04 06:00:00
u1650,imp0009191,B,0,2024-01-06 08:00:00
u1650,imp0009192,B,0,2024-01-03 17:00:00
u1650,imp0009193,B,0,2024-01-03 15:00:00
u1650,imp0009194,B,0,2024-01-01 07:00:00
u1651,imp0009195,B,0,2024-01-02 00:00:00
u1651,imp0009196,B,0,2024-01-04 21:00:00
u1651,imp0009197,B,0,2024-01-01 14:00:00
u1651,imp0009198,B,0,2024-01-06 01:00:00
u1651,imp0009199,B,0,2024-01-04 02:00:00
u1651,imp0009200,B,0,2024-01-05 07:00:00
u1651,imp0009201,B,0,2024-01-02 13:00:00
u1651,imp0009202,B,0,2024-01-07 23:00:00
u1652,imp0009203,B,0,2024-01-05 18:00:00
u1652,imp0009204,B,0,2024-01-02 14:00:00
u1652,imp0009205,B,0,2024-01-05 11:00:00
u1652,imp0009206,B,0,2024-01-01 16:00:00
u1653,imp0009207,B,0,2024-01-02 14:00:00
u1653,imp0009208,B,0,2024-01-02 10:00:00
u1653,imp0009209,B,0,2024-01-03 02:00:00
u1653,imp0009210,B,0,2024-01-02 22:00:00
u1653,imp0009211,B,0,2024-01-02 11:00:00
u1653,imp0009212,B,0,2024-01-03 15:00:00
u1653,imp0009213,B,0,2024-01-04 22:00:00
u1653,imp0009214,B,0,2024-01-05 08:00:00
u1654,imp0009215,B,0,2024-01-07 01:00:00
u1654,imp0009216,B,0,2024-01-07 04:00:00
u1654,imp0009217,B,0,2024-01-05 15:00:00
u1654,imp0009218,B,0,2024-01-03 16:00:00
u1654,imp0009219,B,0,2024-01-01 07:00:00
u1654,imp0009220,B,0,2024-01-02 23:00:00
u1654,imp0009221,B,0,2024-01-04 12:00:00
u1655,imp0009222,B,0,2024-01-04 12:00:00
u1655,imp0009223,B,0,2024-01-07 10:00:00
u1655,imp0009224,B,0,2024-01-01 18:00:00
u1655,imp0009225,B,0,2024-01-01 22:00:00
u1655,imp0009226,B,0,2024-01-05 18:00:00
u1656,imp0009227,B,0,2024-01-02 18:00:00
u1656,imp0009228,B,0,2024-01-05 02:00:00
u1656,imp0009229,B,1,2024-01-05 07:00:00
u1656,imp0009230,B,0,2024-01-05 19:00:00
u1657,imp0009231,B,0,2024-01-05 09:00:00
u1657,imp0009232,B,0,2024-01-05 15:00:00
u1657,imp0009233,B,0,2024-01-03 23:00:00
u1657,imp0009234,B,0,2024-01-06 18:00:00
u1657,imp0009235,B,0,2024-01-04 07:00:00
u1658,imp0009236,B,0,2024-01-07 06:00:00
u1658,imp0009237,B,0,2024-01-03 00:00:00
u1658,imp0009238,B,0,2024-01-07 21:00:00
u1658,imp0009239,B,0,2024-01-02 22:00:00
u1658,imp0009240,B,0,2024-01-03 23:00:00
u1658,imp0009241,B,0,2024-01-01 06:00:00
u1658,imp0009242,B,0,2024-01-03 17:00:00
u1659,imp0009243,B,0,2024-01-04 04:00:00
u1659,imp0009244,B,0,2024-01-03 13:00:00
u1659,imp0009245,B,0,2024-01-07 12:00:00
u1659,imp0009246,B,0,2024-01-02 13:00:00
u1659,imp0009247,B,0,2024-01-06 04:00:00
u1659,imp0009248,B,0,2024-01-04 11:00:00
u1659,imp0009249,B,0,2024-01-07 16:00:00
u1659,imp0009250,B,0,2024-01-02 04:00:00
u1660,imp0009251,B,0,2024-01-04 06:00:00
u1660,imp0009252,B,0,2024-01-01 22:00:00
u1660,imp0009253,B,0,2024-01-05 09:00:00
u1660,imp0009254,B,0,2024-01-06 10:00:00
u1661,imp0009255,B,0,2024-01-01 07:00:00
u1661,imp0009256,B,0,2024-01-04 13:00:00
u1661,imp0009257,B,0,2024-01-05 20:00:00
u1661,imp0009258,B,0,2024-01-02 04:00:00
u1661,imp0009259,B,0,2024-01-01 01:00:00
u1661,imp0009260,B,0,2024-01-05 16:00:00
u1661,imp0009261,B,0,2024-01-03 16:00:00
u1662,imp0009262,B,0,2024-01-01 19:00:00
u1662,imp0009263,B,0,2024-01-02 12:00:00
u1662,imp0009264,B,0,2024-01-03 23:00:00
u1662,imp0009265,B,0,2024-01-02 02:00:00
u1662,imp0009266,B,0,2024-01-06 02:00:00
u1662,imp0009267,B,0,2024-01-06 13:00:00
u1663,imp0009268,B,0,2024-01-04 10:00:00
u1663,imp0009269,B,0,2024-01-07 01:00:00
u1663,imp0009270,B,0,2024-01-05 23:00:00
u1663,imp0009271,B,0,2024-01-03 16:00:00
u1663,imp0009272,B,1,2024-01-02 00:00:00
u1663,imp0009273,B,0,2024-01-02 02:00:00
u1664,imp0009274,B,0,2024-01-05 09:00:00
u1664,imp0009275,B,0,2024-01-07 12:00:00
u1664,imp0009276,B,0,2024-01-02 19:00:00
u1664,imp0009277,B,0,2024-01-05 10:00:00
u1664,imp0009278,B,0,2024-01-02 11:00:00
u1664,imp0009279,B,0,2024-01-07 02:00:00
u1665,imp0009280,B,1,2024-01-07 14:00:00
u1665,imp0009281,B,0,2024-01-01 08:00:00
u1665,imp0009282,B,0,2024-01-07 20:00:00
u1665,imp0009283,B,0,2024-01-07 10:00:00
u1665,imp0009284,B,0,2024-01-01 12:00:00
u1665,imp0009285,B,0,2024-01-02 16:00:00
u1665,imp0009286,B,0,2024-01-06 07:00:00
u1665,imp0009287,B,0,2024-01-03 17:00:00
u1666,imp0009288,B,0,2024-01-04 12:00:00
u1666,imp0009289,B,0,2024-01-01 23:00:00
u1666,imp0009290,B,0,2024-01-02 19:00:00
u1666,imp0009291,B,0,2024-01-05 09:00:00
u1667,imp0009292,B,0,2024-01-03 11:00:00
u1667,imp0009293,B,0,2024-01-01 08:00:00
u1667,imp0009294,B,0,2024-01-06 09:00:00
u1667,imp0009295,B,0,2024-01-03 07:00:00
u1668,imp0009296,B,0,2024-01-04 08:00:00
u1668,imp0009297,B,0,2024-01-05 03:00:00
u1668,imp0009298,B,0,2024-01-01 12:00:00
u1668,imp0009299,B,0,2024-01-03 22:00:00
u1668,imp0009300,B,0,2024-01-01 15:00:00
u1668,imp0009301,B,1,2024-01-02 20:00:00
u1668,imp0009302,B,0,2024-01-03 16:00:00
u1668,imp0009303,B,0,2024-01-06 18:00:00
u1669,imp0009304,B,0,2024-01-07 03:00:00
u1669,imp0009305,B,0,2024-01-05 02:00:00
u1669,imp0009306,B,0,2024-01-05 04:00:00
u1669,imp0009307,B,0,2024-01-05 08:00:00
u1669,imp0009308,B,0,2024-01-06 19:00:00
u1669,imp0009309,B,0,2024-01-04 21:00:00
u1669,imp0009310,B,0,2024-01-02 17:00:00
u1669,imp0009311,B,0,2024-01-04 10:00:00
u1670,imp0009312,B,0,2024-01-06 12:00:00
u1670,imp0009313,B,0,2024-01-05 08:00:00
u1670,imp0009314,B,0,2024-01-07 10:00:00
u1670,imp0009315,B,0,2024-01-02 03:00:00
u1670,imp0009316,B,0,2024-01-02 01:00:00
u1670,imp0009317,B,0,2024-01-05 19:00:00
u1670,imp0009318,B,0,2024-01-03 00:00:00
u1671,imp0009319,B,0,2024-01-07 04:00:00
u1671,imp0009320,B,0,2024-01-01 00:00:00
u1671,imp0009321,B,0,2024-01-04 19:00:00
u1671,imp0009322,B,0,2024-01-03 09:00:00
u1672,imp0009323,B,0,2024-01-02 01:00:00
u1672,imp0009324,B,0,2024-01-07 08:00:00
u1672,imp0009325,B,0,2024-01-04 04:00:00
u1673,imp0009326,B,0,2024-01-03 23:00:00
u1673,imp0009327,B,0,2024-01-03 20:00:00
u1673,imp0009328,B,0,2024-01-01 05:00:00
u1674,imp0009329,B,0,2024-01-07 13:00:00
u1674,imp0009330,B,0,2024-01-03 05:00:00
u1674,imp0009331,B,0,2024-01-04 14:00:00
u1674,imp0009332,B,0,2024-01-01 10:00:00
u1674,imp0009333,B,0,2024-01-07 14:00:00
u1674,imp0009334,B,0,2024-01-06 13:00:00
u1675,imp0009335,B,0,2024-01-04 04:00:00
u1675,imp0009336,B,0,2024-01-01 11:00:00
u1675,imp0009337,B,0,2024-01-03 04:00:00
u1675,imp0009338,B,0,2024-01-05 02:00:00
u1675,imp0009339,B,0,2024-01-02 11:00:00
u1676,imp0009340,B,0,2024-01-02 03:00:00
u1676,imp0009341,B,0,2024-01-07 05:00:00
u1676,imp0009342,B,0,2024-01-05 05:00:00
u1677,imp0009343,B,0,2024-01-01 23:00:00
u1677,imp0009344,B,0,2024-01-02 05:00:00
u1677,imp0009345,B,0,2024-01-03 17:00:00
u1677,imp0009346,B,0,2024-01-03 12:00:00
u1677,imp0009347,B,0,2024-01-04 05:00:00
u1678,imp0009348,B,0,2024-01-04 09:00:00
u1678,imp0009349,B,0,2024-01-03 02:00:00
u1678,imp0009350,B,0,2024-01-04 22:00:00
u1679,imp0009351,B,0,2024-01-04 17:00:00
u1679,imp0009352,B,0,2024-01-06 19:00:00
u1679,imp0009353,B,0,2024-01-04 09:00:00
u1679,imp0009354,B,0,2024-01-01 08:00:00
u1679,imp0009355,B,0,2024-01-02 23:00:00
u1679,imp0009356,B,0,2024-01-03 00:00:00
u1679,imp0009357,B,0,2024-01-03 04:00:00
u1680,imp0009358,B,0,2024-01-01 23:00:00
u1680,imp0009359,B,0,2024-01-05 11:00:00
u1680,imp0009360,B,0,2024-01-02 08:00:00
u1680,imp0009361,B,0,2024-01-01 22:00:00
u1680,imp0009362,B,0,2024-01-04 04:00:00
u1681,imp0009363,B,0,2024-01-03 04:00:00
u1681,imp0009364,B,0,2024-01-03 00:00:00
u1681,imp0009365,B,0,2024-01-04 05:00:00
u1681,imp0009366,B,0,2024-01-04 07:00:00
u1681,imp0009367,B,0,2024-01-05 05:00:00
u1681,imp0009368,B,0,2024-01-06 01:00:00
u1681,imp0009369,B,0,2024-01-05 06:00:00
u1681,imp0009370,B,0,2024-01-04 17:00:00
u1682,imp0009371,B,1,2024-01-07 15:00:00
u1682,imp0009372,B,0,2024-01-06 00:00:00
u1682,imp0009373,B,0,2024-01-07 04:00:00
u1682,imp0009374,B,0,2024-01-07 01:00:00
u1683,imp0009375,B,0,2024-01-03 11:00:00
u1683,imp0009376,B,0,2024-01-06 01:00:00
u1683,imp0009377,B,0,2024-01-06 20:00:00
u1683,imp0009378,B,0,2024-01-07 07:00:00
u1683,imp0009379,B,0,2024-01-02 05:00:00
u1683,imp0009380,B,0,2024-01-06 09:00:00
u1683,imp0009381,B,0,2024-01-04 10:00:00
u1683,imp0009382,B,0,2024-01-05 14:00:00
u1684,imp0009383,B,0,2024-01-05 14:00:00
u1684,imp0009384,B,0,2024-01-02 00:00:00
u1684,imp0009385,B,0,2024-01-03 01:00:00
u1684,imp0009386,B,0,2024-01-01 13:00:00
u1684,imp0009387,B,0,2024-01-06 13:00:00
u1684,imp0009388,B,0,2024-01-04 03:00:00
u1685,imp0009389,B,0,2024-01-04 14:00:00
u1685,imp0009390,B,0,2024-01-07 13:00:00
u1685,imp0009391,B,0,2024-01-02 05:00:00
u1685,imp0009392,B,0,2024-01-07 21:00:00
u1685,imp0009393,B,0,2024-01-03 09:00:00
u1685,imp0009394,B,0,2024-01-04 21:00:00
u1686,imp0009395,B,0,2024-01-04 21:00:00
u1686,imp0009396,B,0,2024-01-03 08:00:00
u1686,imp0009397,B,0,2024-01-07 19:00:00
u1687,imp0009398,B,0,2024-01-01 15:00:00
u1687,imp0009399,B,1,2024-01-04 15:00:00
u1687,imp0009400,B,0,2024-01-04 05:00:00
u1688,imp0009401,B,0,2024-01-03 23:00:00
u1688,imp0009402,B,0,2024-01-01 13:00:00
u1688,imp0009403,B,0,2024-01-02 06:00:00
u1688,imp0009404,B,0,2024-01-03 17:00:00
u1689,imp0009405,B,0,2024-01-03 06:00:00
u1689,imp0009406,B,0,2024-01-06 02:00:00
u1689,imp0009407,B,0,2024-01-07 23:00:00
u1689,imp0009408,B,0,2024-01-07 08:00:00
u1689,imp0009409,B,0,2024-01-02 00:00:00
u1689,imp0009410,B,0,2024-01-06 10:00:00
u1690,imp0009411,B,0,2024-01-05 05:00:00
u1690,imp0009412,B,0,2024-01-05 21:00:00
u1690,imp0009413,B,0,2024-01-02 01:00:00
u1690,imp0009414,B,0,2024-01-02 15:00:00
u1690,imp0009415,B,0,2024-01-02 13:00:00
u1690,imp0009416,B,0,2024-01-07 21:00:00
u1690,imp0009417,B,0,2024-01-01 06:00:00
u1691,imp0009418,B,0,2024-01-07 13:00:00
u1691,imp0009419,B,0,2024-01-05 23:00:00
u1691,imp0009420,B,0,2024-01-07 02:00:00
u1691,imp0009421,B,0,2024-01-02 10:00:00
u1691,imp0009422,B,0,2024-01-07 16:00:00
u1691,imp0009423,B,0,2024-01-07 16:00:00
u1691,imp0009424,B,0,2024-01-04 05:00:00
u1691,imp0009425,B,0,2024-01-02 13:00:00
u1692,imp0009426,B,0,2024-01-02 03:00:00
u1692,imp0009427,B,0,2024-01-05 03:00:00
u1692,imp0009428,B,0,2024-01-02 13:00:00
u1692,imp0009429,B,0,2024-01-06 23:00:00
u1693,imp0009430,B,0,2024-01-07 04:00:00
u1693,imp0009431,B,0,2024-01-04 19:00:00
u1693,imp0009432,B,0,2024-01-05 00:00:00
u1693,imp0009433,B,0,2024-01-01 05:00:00
u1693,imp0009434,B,0,2024-01-06 06:00:00
u1693,imp0009435,B,0,2024-01-01 14:00:00
u1694,imp0009436,B,0,2024-01-06 10:00:00
u1694,imp0009437,B,0,2024-01-02 18:00:00
u1694,imp0009438,B,0,2024-01-02 22:00:00
u1694,imp0009439,B,0,2024-01-05 02:00:00
u1694,imp0009440,B,0,2024-01-01 13:00:00
u1694,imp0009441,B,0,2024-01-07 12:00:00
u1695,imp0009442,B,0,2024-01-07 09:00:00
u1695,imp0009443,B,0,2024-01-05 18:00:00
u1695,imp0009444,B,0,2024-01-06 19:00:00
u1695,imp0009445,B,0,2024-01-01 01:00:00
u1695,imp0009446,B,0,2024-01-07 00:00:00
u1695,imp0009447,B,0,2024-01-02 10:00:00
u1696,imp0009448,B,0,2024-01-05 15:00:00
u1696,imp0009449,B,0,2024-01-01 20:00:00
u1696,imp0009450,B,0,2024-01-01 14:00:00
u1696,imp0009451,B,0,2024-01-07 18:00:00
u1697,imp0009452,B,0,2024-01-04 12:00:00
u1697,imp0009453,B,0,2024-01-04 12:00:00
u1697,imp0009454,B,0,2024-01-01 04:00:00
u1697,imp0009455,B,0,2024-01-05 20:00:00
u1697,imp0009456,B,0,2024-01-07 01:00:00
u1697,imp0009457,B,0,2024-01-07 04:00:00
u1697,imp0009458,B,0,2024-01-03 23:00:00
u1697,imp0009459,B,0,2024-01-04 01:00:00
u1698,imp0009460,B,0,2024-01-01 23:00:00
u1698,imp0009461,B,0,2024-01-07 07:00:00
u1698,imp0009462,B,0,2024-01-02 13:00:00
u1698,imp0009463,B,0,2024-01-02 19:00:00
u1698,imp0009464,B,0,2024-01-07 17:00:00
u1699,imp0009465,B,0,2024-01-01 22:00:00
u1699,imp0009466,B,1,2024-01-06 03:00:00
u1699,imp0009467,B,0,2024-01-04 13:00:00
u1699,imp0009468,B,0,2024-01-02 18:00:00
u1699,imp0009469,B,0,2024-01-02 15:00:00
u1700,imp0009470,B,0,2024-01-01 19:00:00
u1700,imp0009471,B,0,2024-01-05 12:00:00
u1700,imp0009472,B,0,2024-01-03 19:00:00
u1701,imp0009473,B,0,2024-01-02 20:00:00
u1701,imp0009474,B,0,2024-01-06 09:00:00
u1701,imp0009475,B,0,2024-01-02 03:00:00
u1701,imp0009476,B,1,2024-01-07 09:00:00
u1701,imp0009477,B,0,2024-01-01 22:00:00
u1701,imp0009478,B,0,2024-01-07 19:00:00
u1702,imp0009479,B,0,2024-01-06 13:00:00
u1702,imp0009480,B,0,2024-01-07 18:00:00
u1702,imp0009481,B,0,2024-01-05 06:00:00
u1702,imp0009482,B,0,2024-01-02 13:00:00
u1702,imp0009483,B,0,2024-01-07 18:00:00
u1703,imp0009484,B,0,2024-01-04 21:00:00
u1703,imp0009485,B,0,2024-01-03 04:00:00
u1703,imp0009486,B,0,2024-01-02 13:00:00
u1703,imp0009487,B,0,2024-01-02 18:00:00
u1703,imp0009488,B,0,2024-01-05 06:00:00
u1703,imp0009489,B,0,2024-01-05 17:00:00
u1704,imp0009490,B,0,2024-01-01 04:00:00
u1704,imp0009491,B,0,2024-01-03 19:00:00
u1704,imp0009492,B,0,2024-01-06 02:00:00
u1704,imp0009493,B,0,2024-01-04 07:00:00
u1704,imp0009494,B,0,2024-01-07 08:00:00
u1704,imp0009495,B,0,2024-01-01 10:00:00
u1705,imp0009496,B,0,2024-01-07 17:00:00
u1705,imp0009497,B,0,2024-01-06 21:00:00
u1705,imp0009498,B,0,2024-01-05 23:00:00
u1705,imp0009499,B,0,2024-01-07 07:00:00
u1705,imp0009500,B,0,2024-01-07 22:00:00
u1705,imp0009501,B,0,2024-01-02 01:00:00
u1705,imp0009502,B,0,2024-01-02 11:00:00
u1706,imp0009503,B,0,2024-01-06 23:00:00
u1706,imp0009504,B,0,2024-01-06 01:00:00
u1706,imp0009505,B,0,2024-01-03 10:00:00
u1706,imp0009506,B,0,2024-01-04 23:00:00
u1706,imp0009507,B,0,2024-01-01 05:00:00
u1706,imp0009508,B,0,2024-01-05 01:00:00
u1706,imp0009509,B,0,2024-01-03 07:00:00
u1707,imp0009510,B,0,2024-01-02 02:00:00
u1707,imp0009511,B,0,2024-01-07 10:00:00
u1707,imp0009512,B,0,2024-01-05 23:00:00
u1707,imp0009513,B,0,2024-01-02 00:00:00
u1707,imp0009514,B,0,2024-01-04 13:00:00
u1707,imp0009515,B,0,2024-01-07 01:00:00
u1707,imp0009516,B,0,2024-01-01 11:00:00
u1707,imp0009517,B,0,2024-01-04 14:00:00
u1708,imp0009518,B,0,2024-01-05 12:00:00
u1708,imp0009519,B,0,2024-01-07 22:00:00
u1708,imp0009520,B,0,2024-01-04 16:00:00
u1708,imp0009521,B,0,2024-01-01 09:00:00
u1708,imp0009522,B,0,2024-01-04 01:00:00
u1709,imp0009523,B,0,2024-01-04 04:00:00
u1709,imp0009524,B,0,2024-01-03 05:00:00
u1709,imp0009525,B,0,2024-01-07 12:00:00
u1709,imp0009526,B,0,2024-01-05 05:00:00
u1710,imp0009527,B,0,2024-01-06 16:00:00
u1710,imp0009528,B,0,2024-01-07 20:00:00
u1710,imp0009529,B,0,2024-01-06 21:00:00
u1711,imp0009530,B,0,2024-01-04 00:00:00
u1711,imp0009531,B,0,2024-01-03 23:00:00
u1711,imp0009532,B,0,2024-01-07 22:00:00
u1711,imp0009533,B,0,2024-01-07 23:00:00
u1711,imp0009534,B,0,2024-01-03 05:00:00
u1711,imp0009535,B,0,2024-01-01 02:00:00
u1711,imp0009536,B,0,2024-01-05 14:00:00
u1712,imp0009537,B,0,2024-01-04 23:00:00
u1712,imp0009538,B,0,2024-01-03 22:00:00
u1712,imp0009539,B,0,2024-01-01 18:00:00
u1713,imp0009540,B,0,2024-01-03 01:00:00
u1713,imp0009541,B,0,2024-01-02 21:00:00
u1713,imp0009542,B,0,2024-01-04 10:00:00
u1713,imp0009543,B,0,2024-01-03 02:00:00
u1714,imp0009544,B,0,2024-01-04 17:00:00
u1714,imp0009545,B,0,2024-01-04 08:00:00
u1714,imp0009546,B,0,2024-01-05 21:00:00
u1714,imp0009547,B,0,2024-01-07 11:00:00
u1714,imp0009548,B,0,2024-01-01 18:00:00
u1714,imp0009549,B,0,2024-01-02 02:00:00
u1714,imp0009550,B,0,2024-01-07 02:00:00
u1714,imp0009551,B,0,2024-01-01 06:00:00
u1715,imp0009552,B,0,2024-01-03 20:00:00
u1715,imp0009553,B,0,2024-01-04 21:00:00
u1715,imp0009554,B,0,2024-01-05 16:00:00
u1715,imp0009555,B,0,2024-01-05 10:00:00
u1715,imp0009556,B,0,2024-01-05 23:00:00
u1715,imp0009557,B,0,2024-01-06 15:00:00
u1715,imp0009558,B,0,2024-01-02 17:00:00
u1716,imp0009559,B,0,2024-01-01 17:00:00
u1716,imp0009560,B,1,2024-01-02 17:00:00
u1716,imp0009561,B,0,2024-01-03 02:00:00
u1716,imp0009562,B,0,2024-01-05 16:00:00
u1716,imp0009563,B,0,2024-01-06 23:00:00
u1716,imp0009564,B,0,2024-01-05 04:00:00
u1716,imp0009565,B,0,2024-01-01 02:00:00
u1717,imp0009566,B,0,2024-01-04 06:00:00
u1717,imp0009567,B,0,2024-01-05 01:00:00
u1717,imp0009568,B,0,2024-01-07 05:00:00
u1717,imp0009569,B,0,2024-01-01 22:00:00
u1717,imp0009570,B,0,2024-01-03 10:00:00
u1717,imp0009571,B,0,2024-01-05 16:00:00
u1717,imp0009572,B,0,2024-01-03 19:00:00
u1717,imp0009573,B,0,2024-01-03 05:00:00
u1718,imp0009574,B,0,2024-01-07 06:00:00
u1718,imp0009575,B,0,2024-01-05 14:00:00
u1718,imp0009576,B,0,2024-01-03 11:00:00
u1719,imp0009577,B,1,2024-01-03 06:00:00
u1719,imp0009578,B,0,2024-01-05 20:00:00
u1719,imp0009579,B,0,2024-01-03 14:00:00
u1720,imp0009580,B,0,2024-01-02 01:00:00
u1720,imp0009581,B,0,2024-01-03 14:00:00
u1720,imp0009582,B,0,2024-01-04 00:00:00
u1721,imp0009583,B,0,2024-01-03 16:00:00
u1721,imp0009584,B,0,2024-01-03 20:00:00
u1721,imp0009585,B,0,2024-01-01 08:00:00
u1722,imp0009586,B,0,2024-01-07 11:00:00
u1722,imp0009587,B,0,2024-01-02 01:00:00
u1722,imp0009588,B,0,2024-01-02 03:00:00
u1722,imp0009589,B,0,2024-01-02 15:00:00
u1722,imp0009590,B,0,2024-01-06 22:00:00
u1722,imp0009591,B,0,2024-01-06 13:00:00
u1723,imp0009592,B,0,2024-01-02 13:00:00
u1723,imp0009593,B,0,2024-01-04 12:00:00
u1723,imp0009594,B,0,2024-01-03 15:00:00
u1723,imp0009595,B,0,2024-01-02 05:00:00
u1723,imp0009596,B,0,2024-01-05 02:00:00
u1724,imp0009597,B,0,2024-01-01 11:00:00
u1724,imp0009598,B,0,2024-01-04 18:00:00
u1724,imp0009599,B,0,2024-01-02 05:00:00
u1724,imp0009600,B,0,2024-01-02 13:00:00
u1724,imp0009601,B,0,2024-01-04 12:00:00
u1725,imp0009602,B,0,2024-01-02 13:00:00
u1725,imp0009603,B,0,2024-01-05 07:00:00
u1725,imp0009604,B,0,2024-01-06 22:00:00
u1725,imp0009605,B,0,2024-01-07 01:00:00
u1725,imp0009606,B,0,2024-01-02 04:00:00
u1725,imp0009607,B,0,2024-01-05 15:00:00
u1726,imp0009608,B,0,2024-01-01 20:00:00
u1726,imp0009609,B,0,2024-01-07 00:00:00
u1726,imp0009610,B,0,2024-01-07 01:00:00
u1726,imp0009611,B,0,2024-01-05 22:00:00
u1726,imp0009612,B,0,2024-01-07 20:00:00
u1726,imp0009613,B,0,2024-01-03 11:00:00
u1726,imp0009614,B,0,2024-01-07 21:00:00
u1726,imp0009615,B,0,2024-01-06 19:00:00
u1727,imp0009616,B,0,2024-01-05 16:00:00
u1727,imp0009617,B,0,2024-01-06 08:00:00
u1727,imp0009618,B,0,2024-01-03 09:00:00
u1727,imp0009619,B,0,2024-01-01 02:00:00
u1727,imp0009620,B,0,2024-01-07 04:00:00
u1728,imp0009621,B,0,2024-01-04 10:00:00
u1728,imp0009622,B,1,2024-01-03 06:00:00
u1728,imp0009623,B,0,2024-01-05 13:00:00
u1729,imp0009624,B,0,2024-01-07 02:00:00
u1729,imp0009625,B,0,2024-01-03 13:00:00
u1729,imp0009626,B,0,2024-01-04 14:00:00
u1729,imp0009627,B,0,2024-01-07 22:00:00
u1729,imp0009628,B,0,2024-01-05 03:00:00
u1729,imp0009629,B,0,2024-01-02 02:00:00
u1730,imp0009630,B,0,2024-01-02 09:00:00
u1730,imp0009631,B,0,2024-01-02 08:00:00
u1730,imp0009632,B,0,2024-01-04 19:00:00
u1730,imp0009633,B,0,2024-01-04 23:00:00
u1730,imp0009634,B,0,2024-01-07 03:00:00
u1730,imp0009635,B,0,2024-01-07 23:00:00
u1730,imp0009636,B,0,2024-01-04 22:00:00
u1730,imp0009637,B,0,2024-01-07 14:00:00
u1731,imp0009638,B,0,2024-01-02 16:00:00
u1731,imp0009639,B,0,2024-01-06 16:00:00
u1731,imp0009640,B,0,2024-01-06 16:00:00
u1731,imp0009641,B,0,2024-01-04 06:00:00
u1731,imp0009642,B,0,2024-01-06 07:00:00
u1731,imp0009643,B,0,2024-01-01 21:00:00
u1731,imp0009644,B,0,2024-01-01 15:00:00
u1731,imp0009645,B,0,2024-01-02 07:00:00
u1732,imp0009646,B,0,2024-01-06 21:00:00
u1732,imp0009647,B,0,2024-01-02 13:00:00
u1732,imp0009648,B,0,2024-01-05 01:00:00
u1732,imp0009649,B,0,2024-01-06 15:00:00
u1733,imp0009650,B,0,2024-01-01 20:00:00
u1733,imp0009651,B,0,2024-01-03 07:00:00
u1733,imp0009652,B,0,2024-01-02 21:00:00
u1733,imp0009653,B,0,2024-01-02 18:00:00
u1733,imp0009654,B,0,2024-01-05 23:00:00
u1733,imp0009655,B,0,2024-01-02 21:00:00
u1734,imp0009656,B,0,2024-01-02 23:00:00
u1734,imp0009657,B,0,2024-01-04 11:00:00
u1734,imp0009658,B,0,2024-01-02 06:00:00
u1734,imp0009659,B,0,2024-01-07 16:00:00
u1734,imp0009660,B,0,2024-01-03 22:00:00
u1734,imp0009661,B,0,2024-01-01 07:00:00
u1735,imp0009662,B,0,2024-01-06 09:00:00
u1735,imp0009663,B,0,2024-01-07 00:00:00
u1735,imp0009664,B,0,2024-01-03 03:00:00
u1736,imp0009665,B,0,2024-01-02 19:00:00
u1736,imp0009666,B,0,2024-01-05 20:00:00
u1736,imp0009667,B,0,2024-01-02 13:00:00
u1736,imp0009668,B,0,2024-01-05 02:00:00
u1736,imp0009669,B,1,2024-01-06 03:00:00
u1736,imp0009670,B,0,2024-01-01 05:00:00
u1736,imp0009671,B,0,2024-01-03 19:00:00
u1737,imp0009672,B,0,2024-01-05 04:00:00
u1737,imp0009673,B,0,2024-01-07 18:00:00
u1737,imp0009674,B,0,2024-01-06 13:00:00
u1737,imp0009675,B,0,2024-01-01 12:00:00
u1737,imp0009676,B,0,2024-01-02 05:00:00
u1738,imp0009677,B,0,2024-01-05 03:00:00
u1738,imp0009678,B,0,2024-01-01 01:00:00
u1738,imp0009679,B,0,2024-01-03 09:00:00
u1738,imp0009680,B,0,2024-01-02 11:00:00
u1738,imp0009681,B,0,2024-01-03 23:00:00
u1738,imp0009682,B,0,2024-01-06 16:00:00
u1739,imp0009683,B,0,2024-01-04 04:00:00
u1739,imp0009684,B,0,2024-01-03 01:00:00
u1739,imp0009685,B,0,2024-01-02 07:00:00
u1739,imp0009686,B,0,2024-01-05 01:00:00
u1739,imp0009687,B,0,2024-01-02 18:00:00
u1739,imp0009688,B,0,2024-01-06 04:00:00
u1739,imp0009689,B,0,2024-01-04 22:00:00
u1739,imp0009690,B,0,2024-01-04 05:00:00
u1740,imp0009691,B,0,2024-01-02 22:00:00
u1740,imp0009692,B,0,2024-01-01 13:00:00
u1740,imp0009693,B,0,2024-01-03 06:00:00
u1740,imp0009694,B,0,2024-01-07 12:00:00
u1740,imp0009695,B,0,2024-01-03 14:00:00
u1740,imp0009696,B,0,2024-01-01 18:00:00
u1740,imp0009697,B,0,2024-01-04 18:00:00
u1740,imp0009698,B,0,2024-01-06 16:00:00
u1741,imp0009699,B,0,2024-01-02 12:00:00
u1741,imp0009700,B,0,2024-01-05 10:00:00
u1741,imp0009701,B,0,2024-01-04 19:00:00
u1741,imp0009702,B,0,2024-01-03 03:00:00
u1741,imp0009703,B,0,2024-01-02 03:00:00
u1741,imp0009704,B,0,2024-01-02 11:00:00
u1741,imp0009705,B,0,2024-01-05 19:00:00
u1742,imp0009706,B,0,2024-01-04 16:00:00
u1742,imp0009707,B,0,2024-01-07 18:00:00
u1742,imp0009708,B,0,2024-01-04 05:00:00
u1742,imp0009709,B,0,2024-01-07 22:00:00
u1743,imp0009710,B,0,2024-01-01 07:00:00
u1743,imp0009711,B,0,2024-01-01 14:00:00
u1743,imp0009712,B,0,2024-01-01 06:00:00
u1743,imp0009713,B,0,2024-01-01 16:00:00
u1744,imp0009714,B,0,2024-01-05 21:00:00
u1744,imp0009715,B,0,2024-01-03 15:00:00
u1744,imp0009716,B,0,2024-01-01 11:00:00
u1744,imp0009717,B,0,2024-01-03 07:00:00
u1744,imp0009718,B,0,2024-01-05 04:00:00
u1744,imp0009719,B,0,2024-01-01 15:00:00
u1744,imp0009720,B,0,2024-01-01 01:00:00
u1744,imp0009721,B,0,2024-01-06 07:00:00
u1745,imp0009722,B,0,2024-01-04 19:00:00
u1745,imp0009723,B,0,2024-01-05 08:00:00
u1745,imp0009724,B,0,2024-01-07 10:00:00
u1745,imp0009725,B,0,2024-01-02 06:00:00
u1745,imp0009726,B,0,2024-01-07 19:00:00
u1745,imp0009727,B,0,2024-01-02 22:00:00
u1746,imp0009728,B,0,2024-01-03 16:00:00
u1746,imp0009729,B,0,2024-01-03 01:00:00
u1746,imp0009730,B,0,2024-01-01 00:00:00
u1746,imp0009731,B,0,2024-01-06 23:00:00
u1746,imp0009732,B,0,2024-01-06 01:00:00
u1747,imp0009733,B,0,2024-01-04 13:00:00
u1747,imp0009734,B,0,2024-01-04 09:00:00
u1747,imp0009735,B,0,2024-01-01 21:00:00
u1747,imp0009736,B,0,2024-01-02 16:00:00
u1747,imp0009737,B,0,2024-01-04 03:00:00
u1747,imp0009738,B,0,2024-01-07 02:00:00
u1748,imp0009739,B,0,2024-01-03 10:00:00
u1748,imp0009740,B,0,2024-01-03 20:00:00
u1748,imp0009741,B,0,2024-01-07 17:00:00
u1749,imp0009742,B,0,2024-01-04 01:00:00
u1749,imp0009743,B,0,2024-01-01 06:00:00
u1749,imp0009744,B,0,2024-01-05 04:00:00
u1749,imp0009745,B,0,2024-01-05 14:00:00
u1749,imp0009746,B,0,2024-01-03 03:00:00
u1750,imp0009747,B,0,2024-01-01 23:00:00
u1750,imp0009748,B,0,2024-01-02 01:00:00
u1750,imp0009749,B,0,2024-01-06 04:00:00
u1750,imp0009750,B,0,2024-01-04 17:00:00
u1751,imp0009751,B,0,2024-01-01 09:00:00
u1751,imp0009752,B,0,2024-01-01 16:00:00
u1751,imp0009753,B,0,2024-01-01 01:00:00
u1751,imp0009754,B,0,2024-01-05 15:00:00
u1752,imp0009755,B,0,2024-01-02 02:00:00
u1752,imp0009756,B,0,2024-01-03 22:00:00
u1752,imp0009757,B,0,2024-01-05 21:00:00
u1752,imp0009758,B,0,2024-01-01 08:00:00
u1752,imp0009759,B,0,2024-01-04 13:00:00
u1752,imp0009760,B,0,2024-01-01 22:00:00
u1752,imp0009761,B,0,2024-01-04 00:00:00
u1753,imp0009762,B,0,2024-01-04 20:00:00
u1753,imp0009763,B,0,2024-01-04 08:00:00
u1753,imp0009764,B,0,2024-01-04 11:00:00
u1753,imp0009765,B,0,2024-01-02 18:00:00
u1753,imp0009766,B,0,2024-01-01 06:00:00
u1754,imp0009767,B,0,2024-01-04 10:00:00
u1754,imp0009768,B,0,2024-01-04 11:00:00
u1754,imp0009769,B,0,2024-01-02 19:00:00
u1754,imp0009770,B,0,2024-01-07 22:00:00
u1754,imp0009771,B,0,2024-01-02 15:00:00
u1754,imp0009772,B,0,2024-01-06 14:00:00
u1755,imp0009773,B,1,2024-01-03 10:00:00
u1755,imp0009774,B,0,2024-01-06 20:00:00
u1755,imp0009775,B,0,2024-01-05 06:00:00
u1755,imp0009776,B,0,2024-01-04 13:00:00
u1755,imp0009777,B,0,2024-01-05 15:00:00
u1755,imp0009778,B,0,2024-01-04 13:00:00
u1755,imp0009779,B,0,2024-01-05 01:00:00
u1755,imp0009780,B,0,2024-01-03 13:00:00
u1756,imp0009781,B,0,2024-01-07 01:00:00
u1756,imp0009782,B,0,2024-01-03 11:00:00
u1756,imp0009783,B,0,2024-01-03 11:00:00
u1757,imp0009784,B,0,2024-01-04 18:00:00
u1757,imp0009785,B,1,2024-01-01 13:00:00
u1757,imp0009786,B,0,2024-01-02 23:00:00
u1757,imp0009787,B,0,2024-01-05 06:00:00
u1758,imp0009788,B,0,2024-01-03 07:00:00
u1758,imp0009789,B,0,2024-01-01 11:00:00
u1758,imp0009790,B,0,2024-01-03 06:00:00
u1758,imp0009791,B,0,2024-01-07 11:00:00
u1758,imp0009792,B,0,2024-01-05 13:00:00
u1758,imp0009793,B,0,2024-01-01 03:00:00
u1758,imp0009794,B,0,2024-01-02 11:00:00
u1759,imp0009795,B,0,2024-01-06 10:00:00
u1759,imp0009796,B,0,2024-01-01 00:00:00
u1759,imp0009797,B,0,2024-01-01 16:00:00
u1759,imp0009798,B,0,2024-01-03 13:00:00
u1760,imp0009799,B,0,2024-01-03 20:00:00
u1760,imp0009800,B,0,2024-01-07 02:00:00
u1760,imp0009801,B,0,2024-01-05 06:00:00
u1760,imp0009802,B,0,2024-01-05 13:00:00
u1760,imp0009803,B,0,2024-01-07 17:00:00
u1760,imp0009804,B,0,2024-01-04 18:00:00
u1760,imp0009805,B,0,2024-01-05 17:00:00
u1760,imp0009806,B,0,2024-01-04 16:00:00
u1761,imp0009807,B,0,2024-01-03 07:00:00
u1761,imp0009808,B,0,2024-01-04 05:00:00
u1761,imp0009809,B,0,2024-01-01 13:00:00
u1761,imp0009810,B,0,2024-01-02 00:00:00
u1762,imp0009811,B,0,2024-01-06 11:00:00
u1762,imp0009812,B,0,2024-01-02 07:00:00
u1762,imp0009813,B,0,2024-01-04 09:00:00
u1762,imp0009814,B,0,2024-01-04 05:00:00
u1762,imp0009815,B,0,2024-01-05 09:00:00
u1762,imp0009816,B,0,2024-01-01 19:00:00
u1763,imp0009817,B,0,2024-01-01 09:00:00
u1763,imp0009818,B,0,2024-01-06 02:00:00
u1763,imp0009819,B,0,2024-01-02 09:00:00
u1763,imp0009820,B,0,2024-01-07 10:00:00
u1764,imp0009821,B,0,2024-01-06 06:00:00
u1764,imp0009822,B,0,2024-01-02 08:00:00
u1764,imp0009823,B,0,2024-01-03 22:00:00
u1765,imp0009824,B,0,2024-01-06 23:00:00
u1765,imp0009825,B,0,2024-01-06 12:00:00
u1765,imp0009826,B,0,2024-01-05 01:00:00
u1766,imp0009827,B,0,2024-01-07 06:00:00
u1766,imp0009828,B,0,2024-01-02 18:00:00
u1766,imp0009829,B,0,2024-01-05 17:00:00
u1766,imp0009830,B,0,2024-01-04 16:00:00
u1766,imp0009831,B,0,2024-01-01 12:00:00
u1766,imp0009832,B,0,2024-01-06 07:00:00
u1767,imp0009833,B,0,2024-01-03 03:00:00
u1767,imp0009834,B,0,2024-01-01 16:00:00
u1767,imp0009835,B,0,2024-01-07 20:00:00
u1767,imp0009836,B,0,2024-01-01 12:00:00
u1767,imp0009837,B,0,2024-01-04 11:00:00
u1768,imp0009838,B,0,2024-01-05 09:00:00
u1768,imp0009839,B,0,2024-01-04 23:00:00
u1768,imp0009840,B,0,2024-01-01 07:00:00
u1769,imp0009841,B,0,2024-01-05 07:00:00
u1769,imp0009842,B,0,2024-01-04 10:00:00
u1769,imp0009843,B,0,2024-01-02 19:00:00
u1769,imp0009844,B,0,2024-01-05 06:00:00
u1769,imp0009845,B,0,2024-01-05 15:00:00
u1769,imp0009846,B,0,2024-01-07 04:00:00
u1769,imp0009847,B,0,2024-01-02 17:00:00
u1770,imp0009848,B,0,2024-01-07 12:00:00
u1770,imp0009849,B,0,2024-01-07 00:00:00
u1770,imp0009850,B,0,2024-01-02 05:00:00
u1770,imp0009851,B,0,2024-01-02 01:00:00
u1771,imp0009852,B,0,2024-01-06 04:00:00
u1771,imp0009853,B,0,2024-01-01 18:00:00
u1771,imp0009854,B,0,2024-01-03 04:00:00
u1771,imp0009855,B,0,2024-01-04 12:00:00
u1771,imp0009856,B,0,2024-01-01 16:00:00
u1771,imp0009857,B,0,2024-01-05 07:00:00
u1771,imp0009858,B,0,2024-01-05 08:00:00
u1772,imp0009859,B,0,2024-01-07 02:00:00
u1772,imp0009860,B,0,2024-01-06 03:00:00
u1772,imp0009861,B,0,2024-01-04 08:00:00
u1772,imp0009862,B,0,2024-01-02 12:00:00
u1772,imp0009863,B,0,2024-01-06 00:00:00
u1772,imp0009864,B,0,2024-01-03 21:00:00
u1772,imp0009865,B,0,2024-01-07 09:00:00
u1773,imp0009866,B,0,2024-01-05 21:00:00
u1773,imp0009867,B,0,2024-01-06 12:00:00
u1773,imp0009868,B,1,2024-01-02 12:00:00
u1773,imp0009869,B,0,2024-01-02 06:00:00
u1774,imp0009870,B,0,2024-01-04 21:00:00
u1774,imp0009871,B,0,2024-01-01 05:00:00
u1774,imp0009872,B,1,2024-01-01 14:00:00
u1774,imp0009873,B,0,2024-01-06 22:00:00
u1774,imp0009874,B,0,2024-01-01 15:00:00
u1774,imp0009875,B,0,2024-01-01 19:00:00
u1775,imp0009876,B,0,2024-01-02 19:00:00
u1775,imp0009877,B,0,2024-01-02 21:00:00
u1775,imp0009878,B,0,2024-01-04 22:00:00
u1775,imp0009879,B,0,2024-01-07 17:00:00
u1775,imp0009880,B,0,2024-01-03 15:00:00
u1775,imp0009881,B,0,2024-01-07 12:00:00
u1775,imp0009882,B,0,2024-01-06 10:00:00
u1776,imp0009883,B,0,2024-01-07 08:00:00
u1776,imp0009884,B,0,2024-01-02 17:00:00
u1776,imp0009885,B,0,2024-01-04 00:00:00
u1777,imp0009886,B,0,2024-01-03 10:00:00
u1777,imp0009887,B,0,2024-01-01 20:00:00
u1777,imp0009888,B,0,2024-01-07 05:00:00
u1777,imp0009889,B,0,2024-01-07 12:00:00
u1777,imp0009890,B,0,2024-01-03 14:00:00
u1777,imp0009891,B,0,2024-01-04 00:00:00
u1778,imp0009892,B,0,2024-01-03 15:00:00
u1778,imp0009893,B,0,2024-01-03 20:00:00
u1778,imp0009894,B,0,2024-01-07 23:00:00
u1778,imp0009895,B,0,2024-01-06 08:00:00
u1778,imp0009896,B,0,2024-01-05 09:00:00
u1778,imp0009897,B,0,2024-01-03 16:00:00
u1778,imp0009898,B,0,2024-01-06 01:00:00
u1779,imp0009899,B,0,2024-01-05 06:00:00
u1779,imp0009900,B,0,2024-01-03 11:00:00
u1779,imp0009901,B,0,2024-01-02 21:00:00
u1779,imp0009902,B,0,2024-01-01 04:00:00
u1779,imp0009903,B,0,2024-01-05 16:00:00
u1779,imp0009904,B,0,2024-01-07 05:00:00
u1779,imp0009905,B,0,2024-01-03 21:00:00
u1779,imp0009906,B,0,2024-01-07 15:00:00
u1780,imp0009907,B,0,2024-01-06 17:00:00
u1780,imp0009908,B,0,2024-01-07 22:00:00
u1780,imp0009909,B,0,2024-01-05 01:00:00
u1780,imp0009910,B,0,2024-01-02 06:00:00
u1780,imp0009911,B,0,2024-01-01 11:00:00
u1781,imp0009912,B,0,2024-01-05 11:00:00
u1781,imp0009913,B,0,2024-01-04 07:00:00
u1781,imp0009914,B,0,2024-01-07 21:00:00
u1781,imp0009915,B,0,2024-01-03 18:00:00
u1781,imp0009916,B,0,2024-01-03 03:00:00
u1782,imp0009917,B,0,2024-01-02 00:00:00
u1782,imp0009918,B,0,2024-01-02 10:00:00
u1782,imp0009919,B,1,2024-01-07 18:00:00
u1782,imp0009920,B,0,2024-01-01 21:00:00
u1782,imp0009921,B,0,2024-01-07 20:00:00
u1782,imp0009922,B,0,2024-01-04 23:00:00
u1782,imp0009923,B,0,2024-01-05 20:00:00
u1783,imp0009924,B,0,2024-01-05 09:00:00
u1783,imp0009925,B,0,2024-01-01 03:00:00
u1783,imp0009926,B,0,2024-01-01 17:00:00
u1783,imp0009927,B,0,2024-01-03 02:00:00
u1783,imp0009928,B,0,2024-01-01 19:00:00
u1783,imp0009929,B,0,2024-01-06 01:00:00
u1784,imp0009930,B,0,2024-01-04 07:00:00
u1784,imp0009931,B,0,2024-01-07 09:00:00
u1784,imp0009932,B,0,2024-01-05 05:00:00
u1785,imp0009933,B,0,2024-01-03 10:00:00
u1785,imp0009934,B,0,2024-01-02 20:00:00
u1785,imp0009935,B,0,2024-01-02 16:00:00
u1786,imp0009936,B,0,2024-01-01 18:00:00
u1786,imp0009937,B,0,2024-01-01 13:00:00
u1786,imp0009938,B,0,2024-01-06 06:00:00
u1786,imp0009939,B,0,2024-01-07 04:00:00
u1786,imp0009940,B,1,2024-01-06 22:00:00
u1786,imp0009941,B,0,2024-01-01 02:00:00
u1786,imp0009942,B,0,2024-01-02 12:00:00
u1786,imp0009943,B,0,2024-01-05 20:00:00
u1787,imp0009944,B,0,2024-01-01 15:00:00
u1787,imp0009945,B,0,2024-01-06 21:00:00
u1787,imp0009946,B,0,2024-01-01 08:00:00
u1787,imp0009947,B,0,2024-01-01 06:00:00
u1788,imp0009948,B,0,2024-01-06 13:00:00
u1788,imp0009949,B,0,2024-01-01 14:00:00
u1788,imp0009950,B,0,2024-01-03 23:00:00
u1788,imp0009951,B,0,2024-01-07 17:00:00
u1788,imp0009952,B,0,2024-01-05 07:00:00
u1788,imp0009953,B,0,2024-01-06 08:00:00
u1788,imp0009954,B,0,2024-01-04 23:00:00
u1788,imp0009955,B,0,2024-01-06 01:00:00
u1789,imp0009956,B,0,2024-01-05 18:00:00
u1789,imp0009957,B,0,2024-01-07 03:00:00
u1789,imp0009958,B,0,2024-01-04 07:00:00
u1790,imp0009959,B,0,2024-01-06 09:00:00
u1790,imp0009960,B,0,2024-01-02 22:00:00
u1790,imp0009961,B,0,2024-01-01 13:00:00
u1790,imp0009962,B,0,2024-01-02 06:00:00
u1791,imp0009963,B,0,2024-01-02 16:00:00
u1791,imp0009964,B,0,2024-01-01 13:00:00
u1791,imp0009965,B,0,2024-01-06 12:00:00
u1791,imp0009966,B,0,2024-01-01 04:00:00
u1792,imp0009967,B,0,2024-01-01 04:00:00
u1792,imp0009968,B,0,2024-01-05 16:00:00
u1792,imp0009969,B,0,2024-01-05 21:00:00
u1792,imp0009970,B,0,2024-01-04 23:00:00
u1792,imp0009971,B,0,2024-01-02 11:00:00
u1792,imp0009972,B,0,2024-01-04 06:00:00
u1792,imp0009973,B,0,2024-01-01 18:00:00
u1793,imp0009974,B,0,2024-01-07 17:00:00
u1793,imp0009975,B,0,2024-01-03 07:00:00
u1793,imp0009976,B,0,2024-01-01 16:00:00
u1793,imp0009977,B,0,2024-01-01 16:00:00
u1793,imp0009978,B,0,2024-01-07 01:00:00
u1793,imp0009979,B,0,2024-01-04 05:00:00
u1793,imp0009980,B,0,2024-01-03 07:00:00
u1793,imp0009981,B,0,2024-01-04 07:00:00
u1794,imp0009982,B,0,2024-01-03 09:00:00
u1794,imp0009983,B,0,2024-01-01 17:00:00
u1794,imp0009984,B,0,2024-01-06 14:00:00
u1794,imp0009985,B,0,2024-01-04 03:00:00
u1795,imp0009986,B,0,2024-01-01 09:00:00
u1795,imp0009987,B,0,2024-01-03 20:00:00
u1795,imp0009988,B,0,2024-01-04 12:00:00
u1795,imp0009989,B,0,2024-01-06 10:00:00
u1796,imp0009990,B,0,2024-01-05 12:00:00
u1796,imp0009991,B,0,2024-01-02 19:00:00
u1796,imp0009992,B,0,2024-01-06 21:00:00
u1796,imp0009993,B,0,2024-01-06 11:00:00
u1796,imp0009994,B,0,2024-01-01 17:00:00
u1797,imp0009995,B,0,2024-01-02 13:00:00
u1797,imp0009996,B,0,2024-01-07 03:00:00
u1797,imp0009997,B,0,2024-01-03 02:00:00
u1797,imp0009998,B,0,2024-01-01 18:00:00
u1797,imp0009999,B,0,2024-01-05 23:00:00
u1797,imp0010000,B,0,2024-01-03 19:00:00
u1797,imp0010001,B,0,2024-01-03 17:00:00
u1798,imp0010002,B,0,2024-01-07 13:00:00
u1798,imp0010003,B,0,2024-01-05 01:00:00
u1798,imp0010004,B,0,2024-01-07 13:00:00
u1798,imp0010005,B,0,2024-01-04 15:00:00
u1798,imp0010006,B,0,2024-01-02 08:00:00
u1798,imp0010007,B,0,2024-01-05 08:00:00
u1798,imp0010008,B,0,2024-01-04 01:00:00
u1799,imp0010009,B,0,2024-01-01 18:00:00
u1799,imp0010010,B,0,2024-01-03 22:00:00
u1799,imp0010011,B,0,2024-01-03 08:00:00
u1799,imp0010012,B,0,2024-01-07 02:00:00
u1800,imp0010013,B,0,2024-01-02 17:00:00
u1800,imp0010014,B,0,2024-01-05 19:00:00
u1800,imp0010015,B,0,2024-01-01 03:00:00
u1801,imp0010016,B,0,2024-01-01 04:00:00
u1801,imp0010017,B,0,2024-01-02 16:00:00
u1801,imp0010018,B,0,2024-01-05 11:00:00
u1801,imp0010019,B,1,2024-01-04 14:00:00
u1801,imp0010020,B,0,2024-01-05 07:00:00
u1801,imp0010021,B,0,2024-01-05 20:00:00
u1801,imp0010022,B,0,2024-01-05 04:00:00
u1801,imp0010023,B,0,2024-01-04 02:00:00
u1802,imp0010024,B,0,2024-01-01 12:00:00
u1802,imp0010025,B,0,2024-01-06 21:00:00
u1802,imp0010026,B,0,2024-01-02 00:00:00
u1802,imp0010027,B,0,2024-01-05 18:00:00
u1802,imp0010028,B,0,2024-01-04 09:00:00
u1803,imp0010029,B,0,2024-01-03 01:00:00
u1803,imp0010030,B,0,2024-01-06 21:00:00
u1803,imp0010031,B,0,2024-01-01 14:00:00
u1803,imp0010032,B,0,2024-01-01 15:00:00
u1804,imp0010033,B,0,2024-01-07 13:00:00
u1804,imp0010034,B,0,2024-01-02 05:00:00
u1804,imp0010035,B,0,2024-01-04 09:00:00
u1804,imp0010036,B,0,2024-01-02 06:00:00
u1805,imp0010037,B,0,2024-01-04 04:00:00
u1805,imp0010038,B,0,2024-01-07 03:00:00
u1805,imp0010039,B,0,2024-01-05 17:00:00
u1805,imp0010040,B,0,2024-01-02 10:00:00
u1805,imp0010041,B,0,2024-01-01 22:00:00
u1805,imp0010042,B,0,2024-01-05 09:00:00
u1806,imp0010043,B,0,2024-01-05 18:00:00
u1806,imp0010044,B,0,2024-01-05 03:00:00
u1806,imp0010045,B,0,2024-01-03 06:00:00
u1807,imp0010046,B,0,2024-01-01 07:00:00
u1807,imp0010047,B,0,2024-01-07 23:00:00
u1807,imp0010048,B,0,2024-01-03 10:00:00
u1807,imp0010049,B,0,2024-01-06 07:00:00
u1807,imp0010050,B,0,2024-01-02 07:00:00
u1808,imp0010051,B,0,2024-01-01 06:00:00
u1808,imp0010052,B,0,2024-01-01 01:00:00
u1808,imp0010053,B,0,2024-01-04 12:00:00
u1808,imp0010054,B,0,2024-01-06 13:00:00
u1808,imp0010055,B,0,2024-01-05 09:00:00
u1808,imp0010056,B,0,2024-01-02 11:00:00
u1808,imp0010057,B,0,2024-01-07 15:00:00
u1809,imp0010058,B,0,2024-01-02 17:00:00
u1809,imp0010059,B,0,2024-01-03 04:00:00
u1809,imp0010060,B,0,2024-01-05 13:00:00
u1809,imp0010061,B,0,2024-01-01 08:00:00
u1809,imp0010062,B,0,2024-01-04 14:00:00
u1809,imp0010063,B,0,2024-01-05 17:00:00
u1809,imp0010064,B,0,2024-01-04 02:00:00
u1810,imp0010065,B,0,2024-01-06 09:00:00
u1810,imp0010066,B,0,2024-01-01 10:00:00
u1810,imp0010067,B,0,2024-01-03 01:00:00
u1811,imp0010068,B,0,2024-01-07 18:00:00
u1811,imp0010069,B,0,2024-01-06 01:00:00
u1811,imp0010070,B,0,2024-01-06 22:00:00
u1811,imp0010071,B,0,2024-01-04 02:00:00
u1811,imp0010072,B,0,2024-01-02 06:00:00
u1812,imp0010073,B,0,2024-01-07 11:00:00
u1812,imp0010074,B,0,2024-01-07 08:00:00
u1812,imp0010075,B,0,2024-01-04 19:00:00
u1812,imp0010076,B,0,2024-01-07 08:00:00
u1812,imp0010077,B,0,2024-01-04 02:00:00
u1812,imp0010078,B,0,2024-01-04 19:00:00
u1813,imp0010079,B,0,2024-01-02 17:00:00
u1813,imp0010080,B,0,2024-01-05 13:00:00
u1813,imp0010081,B,0,2024-01-07 17:00:00
u1814,imp0010082,B,0,2024-01-01 17:00:00
u1814,imp0010083,B,0,2024-01-04 04:00:00
u1814,imp0010084,B,0,2024-01-06 12:00:00
u1814,imp0010085,B,0,2024-01-01 19:00:00
u1814,imp0010086,B,0,2024-01-06 06:00:00
u1814,imp0010087,B,0,2024-01-04 02:00:00
u1815,imp0010088,B,0,2024-01-02 07:00:00
u1815,imp0010089,B,0,2024-01-07 21:00:00
u1815,imp0010090,B,0,2024-01-02 03:00:00
u1815,imp0010091,B,0,2024-01-04 01:00:00
u1815,imp0010092,B,0,2024-01-04 08:00:00
u1815,imp0010093,B,0,2024-01-01 21:00:00
u1815,imp0010094,B,0,2024-01-07 19:00:00
u1815,imp0010095,B,0,2024-01-04 23:00:00
u1816,imp0010096,B,0,2024-01-06 02:00:00
u1816,imp0010097,B,0,2024-01-03 03:00:00
u1816,imp0010098,B,0,2024-01-07 19:00:00
u1816,imp0010099,B,1,2024-01-07 11:00:00
u1817,imp0010100,B,0,2024-01-07 19:00:00
u1817,imp0010101,B,0,2024-01-03 21:00:00
u1817,imp0010102,B,0,2024-01-06 16:00:00
u1817,imp0010103,B,0,2024-01-01 20:00:00
u1817,imp0010104,B,0,2024-01-03 15:00:00
u1817,imp0010105,B,0,2024-01-04 03:00:00
u1817,imp0010106,B,0,2024-01-03 12:00:00
u1817,imp0010107,B,0,2024-01-04 22:00:00
u1818,imp0010108,B,0,2024-01-02 06:00:00
u1818,imp0010109,B,0,2024-01-07 10:00:00
u1818,imp0010110,B,0,2024-01-07 08:00:00
u1818,imp0010111,B,0,2024-01-03 20:00:00
u1818,imp0010112,B,0,2024-01-03 21:00:00
u1818,imp0010113,B,0,2024-01-01 04:00:00
u1819,imp0010114,B,0,2024-01-04 18:00:00
u1819,imp0010115,B,0,2024-01-01 07:00:00
u1819,imp0010116,B,0,2024-01-01 08:00:00
u1819,imp0010117,B,0,2024-01-01 14:00:00
u1819,imp0010118,B,0,2024-01-05 08:00:00
u1820,imp0010119,B,0,2024-01-01 14:00:00
u1820,imp0010120,B,0,2024-01-07 20:00:00
u1820,imp0010121,B,0,2024-01-04 10:00:00
u1820,imp0010122,B,0,2024-01-02 14:00:00
u1820,imp0010123,B,0,2024-01-06 13:00:00
u1821,imp0010124,B,0,2024-01-03 08:00:00
u1821,imp0010125,B,0,2024-01-04 19:00:00
u1821,imp0010126,B,0,2024-01-04 08:00:00
u1821,imp0010127,B,0,2024-01-07 02:00:00
u1821,imp0010128,B,0,2024-01-06 06:00:00
u1822,imp0010129,B,0,2024-01-04 06:00:00
u1822,imp0010130,B,0,2024-01-01 09:00:00
u1822,imp0010131,B,0,2024-01-05 10:00:00
u1822,imp0010132,B,0,2024-01-04 14:00:00
u1822,imp0010133,B,0,2024-01-03 18:00:00
u1823,imp0010134,B,0,2024-01-06 10:00:00
u1823,imp0010135,B,0,2024-01-07 01:00:00
u1823,imp0010136,B,0,2024-01-07 08:00:00
u1823,imp0010137,B,0,2024-01-05 10:00:00
u1823,imp0010138,B,0,2024-01-07 03:00:00
u1823,imp0010139,B,0,2024-01-04 20:00:00
u1823,imp0010140,B,0,2024-01-04 13:00:00
u1823,imp0010141,B,0,2024-01-06 00:00:00
u1824,imp0010142,B,0,2024-01-07 04:00:00
u1824,imp0010143,B,0,2024-01-02 04:00:00
u1824,imp0010144,B,0,2024-01-04 23:00:00
u1824,imp0010145,B,0,2024-01-01 09:00:00
u1825,imp0010146,B,0,2024-01-02 22:00:00
u1825,imp0010147,B,0,2024-01-07 06:00:00
u1825,imp0010148,B,0,2024-01-03 01:00:00
u1825,imp0010149,B,0,2024-01-06 11:00:00
u1825,imp0010150,B,0,2024-01-05 19:00:00
u1825,imp0010151,B,0,2024-01-05 16:00:00
u1825,imp0010152,B,0,2024-01-04 12:00:00
u1826,imp0010153,B,0,2024-01-06 09:00:00
u1826,imp0010154,B,0,2024-01-03 19:00:00
u1826,imp0010155,B,0,2024-01-04 06:00:00
u1826,imp0010156,B,0,2024-01-03 08:00:00
u1826,imp0010157,B,0,2024-01-05 00:00:00
u1826,imp0010158,B,0,2024-01-06 14:00:00
u1826,imp0010159,B,0,2024-01-07 02:00:00
u1827,imp0010160,B,0,2024-01-03 14:00:00
u1827,imp0010161,B,0,2024-01-03 16:00:00
u1827,imp0010162,B,0,2024-01-02 14:00:00
u1827,imp0010163,B,0,2024-01-05 12:00:00
u1827,imp0010164,B,0,2024-01-02 01:00:00
u1827,imp0010165,B,0,2024-01-01 11:00:00
u1828,imp0010166,B,0,2024-01-06 21:00:00
u1828,imp0010167,B,0,2024-01-04 13:00:00
u1828,imp0010168,B,0,2024-01-02 05:00:00
u1828,imp0010169,B,0,2024-01-07 21:00:00
u1828,imp0010170,B,1,2024-01-03 03:00:00
u1828,imp0010171,B,0,2024-01-03 14:00:00
u1828,imp0010172,B,0,2024-01-05 23:00:00
u1828,imp0010173,B,0,2024-01-05 08:00:00
u1829,imp0010174,B,0,2024-01-02 14:00:00
u1829,imp0010175,B,0,2024-01-02 16:00:00
u1829,imp0010176,B,0,2024-01-06 00:00:00
u1829,imp0010177,B,0,2024-01-05 11:00:00
u1830,imp0010178,B,0,2024-01-03 16:00:00
u1830,imp0010179,B,0,2024-01-05 21:00:00
u1830,imp0010180,B,0,2024-01-04 06:00:00
u1830,imp0010181,B,0,2024-01-07 15:00:00
u1830,imp0010182,B,0,2024-01-01 07:00:00
u1830,imp0010183,B,0,2024-01-05 00:00:00
u1830,imp0010184,B,0,2024-01-01 17:00:00
u1831,imp0010185,B,0,2024-01-04 23:00:00
u1831,imp0010186,B,0,2024-01-02 08:00:00
u1831,imp0010187,B,0,2024-01-01 04:00:00
u1831,imp0010188,B,0,2024-01-06 06:00:00
u1831,imp0010189,B,1,2024-01-04 01:00:00
u1831,imp0010190,B,0,2024-01-06 05:00:00
u1831,imp0010191,B,0,2024-01-07 19:00:00
u1832,imp0010192,B,0,2024-01-07 06:00:00
u1832,imp0010193,B,0,2024-01-07 23:00:00
u1832,imp0010194,B,0,2024-01-01 04:00:00
u1833,imp0010195,B,0,2024-01-01 23:00:00
u1833,imp0010196,B,0,2024-01-07 00:00:00
u1833,imp0010197,B,0,2024-01-04 22:00:00
u1833,imp0010198,B,0,2024-01-03 22:00:00
u1834,imp0010199,B,0,2024-01-04 19:00:00
u1834,imp0010200,B,0,2024-01-06 04:00:00
u1834,imp0010201,B,0,2024-01-01 21:00:00
u1835,imp0010202,B,0,2024-01-01 14:00:00
u1835,imp0010203,B,0,2024-01-07 08:00:00
u1835,imp0010204,B,0,2024-01-03 04:00:00
u1835,imp0010205,B,0,2024-01-07 04:00:00
u1835,imp0010206,B,0,2024-01-05 05:00:00
u1835,imp0010207,B,0,2024-01-05 16:00:00
u1835,imp0010208,B,0,2024-01-02 07:00:00
u1836,imp0010209,B,0,2024-01-04 10:00:00
u1836,imp0010210,B,0,2024-01-01 13:00:00
u1836,imp0010211,B,0,2024-01-01 14:00:00
u1836,imp0010212,B,0,2024-01-07 03:00:00
u1836,imp0010213,B,0,2024-01-02 09:00:00
u1836,imp0010214,B,0,2024-01-07 19:00:00
u1836,imp0010215,B,0,2024-01-04 10:00:00
u1837,imp0010216,B,0,2024-01-07 13:00:00
u1837,imp0010217,B,0,2024-01-04 04:00:00
u1837,imp0010218,B,0,2024-01-07 18:00:00
u1838,imp0010219,B,0,2024-01-01 08:00:00
u1838,imp0010220,B,0,2024-01-02 11:00:00
u1838,imp0010221,B,0,2024-01-05 20:00:00
u1838,imp0010222,B,0,2024-01-01 02:00:00
u1838,imp0010223,B,0,2024-01-01 18:00:00
u1838,imp0010224,B,0,2024-01-07 11:00:00
u1838,imp0010225,B,0,2024-01-01 22:00:00
u1839,imp0010226,B,1,2024-01-06 14:00:00
u1839,imp0010227,B,0,2024-01-05 08:00:00
u1839,imp0010228,B,0,2024-01-06 21:00:00
u1840,imp0010229,B,0,2024-01-06 22:00:00
u1840,imp0010230,B,0,2024-01-01 14:00:00
u1840,imp0010231,B,0,2024-01-03 02:00:00
u1840,imp0010232,B,0,2024-01-05 13:00:00
u1840,imp0010233,B,0,2024-01-01 07:00:00
u1840,imp0010234,B,0,2024-01-03 20:00:00
u1840,imp0010235,B,0,2024-01-03 14:00:00
u1840,imp0010236,B,0,2024-01-03 19:00:00
u1841,imp0010237,B,0,2024-01-06 23:00:00
u1841,imp0010238,B,0,2024-01-07 07:00:00
u1841,imp0010239,B,0,2024-01-01 05:00:00
u1841,imp0010240,B,0,2024-01-05 22:00:00
u1841,imp0010241,B,0,2024-01-03 08:00:00
u1841,imp0010242,B,0,2024-01-02 06:00:00
u1841,imp0010243,B,0,2024-01-01 05:00:00
u1841,imp0010244,B,0,2024-01-07 12:00:00
u1842,imp0010245,B,0,2024-01-06 10:00:00
u1842,imp0010246,B,0,2024-01-07 11:00:00
u1842,imp0010247,B,0,2024-01-04 01:00:00
u1842,imp0010248,B,0,2024-01-05 17:00:00
u1842,imp0010249,B,0,2024-01-05 00:00:00
u1843,imp0010250,B,0,2024-01-06 17:00:00
u1843,imp0010251,B,0,2024-01-02 08:00:00
u1843,imp0010252,B,0,2024-01-06 19:00:00
u1843,imp0010253,B,0,2024-01-02 19:00:00
u1843,imp0010254,B,0,2024-01-01 12:00:00
u1844,imp0010255,B,0,2024-01-03 08:00:00
u1844,imp0010256,B,0,2024-01-04 23:00:00
u1844,imp0010257,B,0,2024-01-06 23:00:00
u1844,imp0010258,B,0,2024-01-05 12:00:00
u1844,imp0010259,B,0,2024-01-05 23:00:00
u1844,imp0010260,B,0,2024-01-05 03:00:00
u1845,imp0010261,B,0,2024-01-03 02:00:00
u1845,imp0010262,B,0,2024-01-01 20:00:00
u1845,imp0010263,B,0,2024-01-03 11:00:00
u1845,imp0010264,B,0,2024-01-01 20:00:00
u1845,imp0010265,B,0,2024-01-05 10:00:00
u1845,imp0010266,B,0,2024-01-06 05:00:00
u1845,imp0010267,B,1,2024-01-06 13:00:00
u1846,imp0010268,B,0,2024-01-04 03:00:00
u1846,imp0010269,B,0,2024-01-04 05:00:00
u1846,imp0010270,B,0,2024-01-06 13:00:00
u1847,imp0010271,B,0,2024-01-04 13:00:00
u1847,imp0010272,B,0,2024-01-02 09:00:00
u1847,imp0010273,B,0,2024-01-03 07:00:00
u1848,imp0010274,B,0,2024-01-01 02:00:00
u1848,imp0010275,B,0,2024-01-01 05:00:00
u1848,imp0010276,B,0,2024-01-01 05:00:00
u1848,imp0010277,B,0,2024-01-07 03:00:00
u1848,imp0010278,B,0,2024-01-07 04:00:00
u1849,imp0010279,B,0,2024-01-04 17:00:00
u1849,imp0010280,B,1,2024-01-03 07:00:00
u1849,imp0010281,B,0,2024-01-04 23:00:00
u1849,imp0010282,B,0,2024-01-01 09:00:00
u1850,imp0010283,B,0,2024-01-03 21:00:00
u1850,imp0010284,B,0,2024-01-07 06:00:00
u1850,imp0010285,B,0,2024-01-05 16:00:00
u1850,imp0010286,B,0,2024-01-02 05:00:00
u1851,imp0010287,B,0,2024-01-07 20:00:00
u1851,imp0010288,B,0,2024-01-03 06:00:00
u1851,imp0010289,B,0,2024-01-03 00:00:00
u1851,imp0010290,B,0,2024-01-02 09:00:00
u1851,imp0010291,B,0,2024-01-05 08:00:00
u1851,imp0010292,B,0,2024-01-01 21:00:00
u1851,imp0010293,B,0,2024-01-02 06:00:00
u1851,imp0010294,B,0,2024-01-06 14:00:00
u1852,imp0010295,B,0,2024-01-07 04:00:00
u1852,imp0010296,B,0,2024-01-01 15:00:00
u1852,imp0010297,B,0,2024-01-01 19:00:00
u1853,imp0010298,B,0,2024-01-02 22:00:00
u1853,imp0010299,B,0,2024-01-05 17:00:00
u1853,imp0010300,B,0,2024-01-01 18:00:00
u1853,imp0010301,B,0,2024-01-02 23:00:00
u1853,imp0010302,B,0,2024-01-06 18:00:00
u1854,imp0010303,B,0,2024-01-02 20:00:00
u1854,imp0010304,B,0,2024-01-07 19:00:00
u1854,imp0010305,B,0,2024-01-04 14:00:00
u1854,imp0010306,B,0,2024-01-01 14:00:00
u1854,imp0010307,B,0,2024-01-05 13:00:00
u1854,imp0010308,B,0,2024-01-04 23:00:00
u1854,imp0010309,B,0,2024-01-07 23:00:00
u1855,imp0010310,B,0,2024-01-06 21:00:00
u1855,imp0010311,B,0,2024-01-04 08:00:00
u1855,imp0010312,B,0,2024-01-03 02:00:00
u1855,imp0010313,B,0,2024-01-05 15:00:00
u1855,imp0010314,B,0,2024-01-01 14:00:00
u1855,imp0010315,B,1,2024-01-03 16:00:00
u1855,imp0010316,B,0,2024-01-04 15:00:00
u1855,imp0010317,B,0,2024-01-04 03:00:00
u1856,imp0010318,B,0,2024-01-02 17:00:00
u1856,imp0010319,B,0,2024-01-04 22:00:00
u1856,imp0010320,B,0,2024-01-01 10:00:00
u1856,imp0010321,B,0,2024-01-05 21:00:00
u1857,imp0010322,B,0,2024-01-04 05:00:00
u1857,imp0010323,B,0,2024-01-07 02:00:00
u1857,imp0010324,B,0,2024-01-07 14:00:00
u1857,imp0010325,B,0,2024-01-04 17:00:00
u1857,imp0010326,B,0,2024-01-01 07:00:00
u1857,imp0010327,B,0,2024-01-07 07:00:00
u1857,imp0010328,B,0,2024-01-06 15:00:00
u1858,imp0010329,B,0,2024-01-05 14:00:00
u1858,imp0010330,B,0,2024-01-07 13:00:00
u1858,imp0010331,B,0,2024-01-03 09:00:00
u1858,imp0010332,B,0,2024-01-04 13:00:00
u1858,imp0010333,B,0,2024-01-03 06:00:00
u1859,imp0010334,B,0,2024-01-06 01:00:00
u1859,imp0010335,B,0,2024-01-05 11:00:00
u1859,imp0010336,B,0,2024-01-02 23:00:00
u1860,imp0010337,B,0,2024-01-07 20:00:00
u1860,imp0010338,B,0,2024-01-06 15:00:00
u1860,imp0010339,B,0,2024-01-06 08:00:00
u1860,imp0010340,B,0,2024-01-02 22:00:00
u1860,imp0010341,B,0,2024-01-01 04:00:00
u1860,imp0010342,B,0,2024-01-01 23:00:00
u1861,imp0010343,B,0,2024-01-04 11:00:00
u1861,imp0010344,B,0,2024-01-07 11:00:00
u1861,imp0010345,B,0,2024-01-01 04:00:00
u1861,imp0010346,B,0,2024-01-02 05:00:00
u1862,imp0010347,B,0,2024-01-04 13:00:00
u1862,imp0010348,B,0,2024-01-04 09:00:00
u1862,imp0010349,B,0,2024-01-03 20:00:00
u1863,imp0010350,B,0,2024-01-04 18:00:00
u1863,imp0010351,B,0,2024-01-04 20:00:00
u1863,imp0010352,B,0,2024-01-06 06:00:00
u1863,imp0010353,B,0,2024-01-07 11:00:00
u1863,imp0010354,B,0,2024-01-01 15:00:00
u1863,imp0010355,B,0,2024-01-03 05:00:00
u1863,imp0010356,B,0,2024-01-06 19:00:00
u1863,imp0010357,B,0,2024-01-01 19:00:00
u1864,imp0010358,B,0,2024-01-07 17:00:00
u1864,imp0010359,B,0,2024-01-07 06:00:00
u1864,imp0010360,B,0,2024-01-05 12:00:00
u1864,imp0010361,B,0,2024-01-07 10:00:00
u1865,imp0010362,B,1,2024-01-07 04:00:00
u1865,imp0010363,B,0,2024-01-07 23:00:00
u1865,imp0010364,B,0,2024-01-06 05:00:00
u1866,imp0010365,B,1,2024-01-03 01:00:00
u1866,imp0010366,B,0,2024-01-06 01:00:00
u1866,imp0010367,B,0,2024-01-04 17:00:00
u1866,imp0010368,B,0,2024-01-04 14:00:00
u1866,imp0010369,B,0,2024-01-01 05:00:00
u1867,imp0010370,B,0,2024-01-03 06:00:00
u1867,imp0010371,B,0,2024-01-07 02:00:00
u1867,imp0010372,B,0,2024-01-05 05:00:00
u1867,imp0010373,B,0,2024-01-02 04:00:00
u1867,imp0010374,B,0,2024-01-07 06:00:00
u1867,imp0010375,B,0,2024-01-05 14:00:00
u1868,imp0010376,B,0,2024-01-04 18:00:00
u1868,imp0010377,B,0,2024-01-02 04:00:00
u1868,imp0010378,B,0,2024-01-02 20:00:00
u1868,imp0010379,B,0,2024-01-03 02:00:00
u1869,imp0010380,B,0,2024-01-06 07:00:00
u1869,imp0010381,B,0,2024-01-01 10:00:00
u1869,imp0010382,B,0,2024-01-04 09:00:00
u1869,imp0010383,B,0,2024-01-06 07:00:00
u1869,imp0010384,B,0,2024-01-01 05:00:00
u1869,imp0010385,B,0,2024-01-03 18:00:00
u1869,imp0010386,B,0,2024-01-03 13:00:00
u1870,imp0010387,B,0,2024-01-06 16:00:00
u1870,imp0010388,B,0,2024-01-02 03:00:00
u1870,imp0010389,B,0,2024-01-02 13:00:00
u1870,imp0010390,B,0,2024-01-02 18:00:00
u1870,imp0010391,B,0,2024-01-05 20:00:00
u1870,imp0010392,B,0,2024-01-07 04:00:00
u1870,imp0010393,B,0,2024-01-02 21:00:00
u1871,imp0010394,B,0,2024-01-07 21:00:00
u1871,imp0010395,B,0,2024-01-03 00:00:00
u1871,imp0010396,B,0,2024-01-02 14:00:00
u1871,imp0010397,B,0,2024-01-03 22:00:00
u1871,imp0010398,B,0,2024-01-06 06:00:00
u1871,imp0010399,B,0,2024-01-07 13:00:00
u1871,imp0010400,B,0,2024-01-07 04:00:00
u1871,imp0010401,B,0,2024-01-01 00:00:00
u1872,imp0010402,B,0,2024-01-07 15:00:00
u1872,imp0010403,B,0,2024-01-06 15:00:00
u1872,imp0010404,B,0,2024-01-03 20:00:00
u1873,imp0010405,B,0,2024-01-05 18:00:00
u1873,imp0010406,B,0,2024-01-01 07:00:00
u1873,imp0010407,B,0,2024-01-05 16:00:00
u1873,imp0010408,B,0,2024-01-01 18:00:00
u1873,imp0010409,B,0,2024-01-03 10:00:00
u1873,imp0010410,B,0,2024-01-07 13:00:00
u1873,imp0010411,B,0,2024-01-04 06:00:00
u1873,imp0010412,B,0,2024-01-02 11:00:00
u1874,imp0010413,B,0,2024-01-07 10:00:00
u1874,imp0010414,B,0,2024-01-04 04:00:00
u1874,imp0010415,B,0,2024-01-04 05:00:00
u1874,imp0010416,B,0,2024-01-05 04:00:00
u1874,imp0010417,B,0,2024-01-02 05:00:00
u1874,imp0010418,B,0,2024-01-02 14:00:00
u1875,imp0010419,B,0,2024-01-06 01:00:00
u1875,imp0010420,B,0,2024-01-06 23:00:00
u1875,imp0010421,B,0,2024-01-05 15:00:00
u1875,imp0010422,B,0,2024-01-07 10:00:00
u1875,imp0010423,B,0,2024-01-02 20:00:00
u1875,imp0010424,B,0,2024-01-05 22:00:00
u1875,imp0010425,B,0,2024-01-02 10:00:00
u1876,imp0010426,B,0,2024-01-01 06:00:00
u1876,imp0010427,B,0,2024-01-05 13:00:00
u1876,imp0010428,B,0,2024-01-05 17:00:00
u1876,imp0010429,B,0,2024-01-03 02:00:00
u1876,imp0010430,B,0,2024-01-02 21:00:00
u1876,imp0010431,B,0,2024-01-01 19:00:00
u1877,imp0010432,B,0,2024-01-05 07:00:00
u1877,imp0010433,B,0,2024-01-02 07:00:00
u1877,imp0010434,B,0,2024-01-07 09:00:00
u1877,imp0010435,B,0,2024-01-03 09:00:00
u1877,imp0010436,B,0,2024-01-07 22:00:00
u1877,imp0010437,B,0,2024-01-07 03:00:00
u1877,imp0010438,B,0,2024-01-04 09:00:00
u1877,imp0010439,B,0,2024-01-03 01:00:00
u1878,imp0010440,B,0,2024-01-04 13:00:00
u1878,imp0010441,B,0,2024-01-05 18:00:00
u1878,imp0010442,B,0,2024-01-07 05:00:00
u1878,imp0010443,B,0,2024-01-03 04:00:00
u1878,imp0010444,B,0,2024-01-03 17:00:00
u1878,imp0010445,B,0,2024-01-05 20:00:00
u1879,imp0010446,B,0,2024-01-04 09:00:00
u1879,imp0010447,B,0,2024-01-07 06:00:00
u1879,imp0010448,B,0,2024-01-03 15:00:00
u1879,imp0010449,B,0,2024-01-06 16:00:00
u1879,imp0010450,B,0,2024-01-05 16:00:00
u1880,imp0010451,B,0,2024-01-03 05:00:00
u1880,imp0010452,B,0,2024-01-03 16:00:00
u1880,imp0010453,B,0,2024-01-01 01:00:00
u1881,imp0010454,B,0,2024-01-04 05:00:00
u1881,imp0010455,B,0,2024-01-02 07:00:00
u1881,imp0010456,B,0,2024-01-05 03:00:00
u1881,imp0010457,B,0,2024-01-06 09:00:00
u1881,imp0010458,B,0,2024-01-05 07:00:00
u1881,imp0010459,B,0,2024-01-06 21:00:00
u1882,imp0010460,B,0,2024-01-04 16:00:00
u1882,imp0010461,B,0,2024-01-03 00:00:00
u1882,imp0010462,B,0,2024-01-06 15:00:00
u1882,imp0010463,B,0,2024-01-07 04:00:00
u1882,imp0010464,B,0,2024-01-04 14:00:00
u1882,imp0010465,B,0,2024-01-07 15:00:00
u1883,imp0010466,B,0,2024-01-01 15:00:00
u1883,imp0010467,B,0,2024-01-02 15:00:00
u1883,imp0010468,B,0,2024-01-05 09:00:00
u1883,imp0010469,B,0,2024-01-02 02:00:00
u1883,imp0010470,B,0,2024-01-05 07:00:00
u1883,imp0010471,B,0,2024-01-05 08:00:00
u1883,imp0010472,B,0,2024-01-07 01:00:00
u1884,imp0010473,B,0,2024-01-05 16:00:00
u1884,imp0010474,B,0,2024-01-03 03:00:00
u1884,imp0010475,B,0,2024-01-06 22:00:00
u1884,imp0010476,B,0,2024-01-03 04:00:00
u1884,imp0010477,B,0,2024-01-04 18:00:00
u1885,imp0010478,B,0,2024-01-05 07:00:00
u1885,imp0010479,B,0,2024-01-03 17:00:00
u1885,imp0010480,B,0,2024-01-05 16:00:00
u1886,imp0010481,B,0,2024-01-02 06:00:00
u1886,imp0010482,B,0,2024-01-03 12:00:00
u1886,imp0010483,B,0,2024-01-05 04:00:00
u1886,imp0010484,B,0,2024-01-05 08:00:00
u1887,imp0010485,B,0,2024-01-05 01:00:00
u1887,imp0010486,B,0,2024-01-02 09:00:00
u1887,imp0010487,B,0,2024-01-03 10:00:00
u1888,imp0010488,B,0,2024-01-01 16:00:00
u1888,imp0010489,B,0,2024-01-04 05:00:00
u1888,imp0010490,B,0,2024-01-02 21:00:00
u1888,imp0010491,B,0,2024-01-07 21:00:00
u1888,imp0010492,B,0,2024-01-02 10:00:00
u1889,imp0010493,B,0,2024-01-05 15:00:00
u1889,imp0010494,B,0,2024-01-07 12:00:00
u1889,imp0010495,B,0,2024-01-06 11:00:00
u1890,imp0010496,B,1,2024-01-07 00:00:00
u1890,imp0010497,B,0,2024-01-07 11:00:00
u1890,imp0010498,B,0,2024-01-04 17:00:00
u1890,imp0010499,B,0,2024-01-06 15:00:00
u1890,imp0010500,B,0,2024-01-07 17:00:00
u1890,imp0010501,B,0,2024-01-03 10:00:00
u1890,imp0010502,B,0,2024-01-01 17:00:00
u1891,imp0010503,B,0,2024-01-07 10:00:00
u1891,imp0010504,B,0,2024-01-01 15:00:00
u1891,imp0010505,B,0,2024-01-01 09:00:00
u1891,imp0010506,B,0,2024-01-05 07:00:00
u1891,imp0010507,B,0,2024-01-04 03:00:00
u1892,imp0010508,B,0,2024-01-01 15:00:00
u1892,imp0010509,B,0,2024-01-01 11:00:00
u1892,imp0010510,B,0,2024-01-04 02:00:00
u1892,imp0010511,B,0,2024-01-06 08:00:00
u1892,imp0010512,B,0,2024-01-02 02:00:00
u1892,imp0010513,B,0,2024-01-01 11:00:00
u1892,imp0010514,B,0,2024-01-02 05:00:00
u1892,imp0010515,B,0,2024-01-01 08:00:00
u1893,imp0010516,B,0,2024-01-03 05:00:00
u1893,imp0010517,B,0,2024-01-07 20:00:00
u1893,imp0010518,B,0,2024-01-03 00:00:00
u1893,imp0010519,B,0,2024-01-01 03:00:00
u1893,imp0010520,B,0,2024-01-04 06:00:00
u1893,imp0010521,B,0,2024-01-04 18:00:00
u1893,imp0010522,B,0,2024-01-04 06:00:00
u1894,imp0010523,B,0,2024-01-07 14:00:00
u1894,imp0010524,B,0,2024-01-05 06:00:00
u1894,imp0010525,B,0,2024-01-05 14:00:00
u1894,imp0010526,B,0,2024-01-03 09:00:00
u1894,imp0010527,B,0,2024-01-04 09:00:00
u1895,imp0010528,B,0,2024-01-01 21:00:00
u1895,imp0010529,B,0,2024-01-06 10:00:00
u1895,imp0010530,B,0,2024-01-04 06:00:00
u1895,imp0010531,B,0,2024-01-05 02:00:00
u1895,imp0010532,B,0,2024-01-02 13:00:00
u1895,imp0010533,B,0,2024-01-07 16:00:00
u1896,imp0010534,B,0,2024-01-05 20:00:00
u1896,imp0010535,B,0,2024-01-02 01:00:00
u1896,imp0010536,B,0,2024-01-06 15:00:00
u1896,imp0010537,B,0,2024-01-03 01:00:00
u1896,imp0010538,B,0,2024-01-02 13:00:00
u1896,imp0010539,B,0,2024-01-06 17:00:00
u1896,imp0010540,B,0,2024-01-02 17:00:00
u1896,imp0010541,B,0,2024-01-02 12:00:00
u1897,imp0010542,B,0,2024-01-06 19:00:00
u1897,imp0010543,B,0,2024-01-03 00:00:00
u1897,imp0010544,B,0,2024-01-06 21:00:00
u1897,imp0010545,B,0,2024-01-02 21:00:00
u1898,imp0010546,B,0,2024-01-02 04:00:00
u1898,imp0010547,B,0,2024-01-01 11:00:00
u1898,imp0010548,B,0,2024-01-05 19:00:00
u1898,imp0010549,B,0,2024-01-04 09:00:00
u1898,imp0010550,B,0,2024-01-02 19:00:00
u1899,imp0010551,B,0,2024-01-01 01:00:00
u1899,imp0010552,B,0,2024-01-01 16:00:00
u1899,imp0010553,B,0,2024-01-06 17:00:00
u1899,imp0010554,B,0,2024-01-01 17:00:00
u1900,imp0010555,B,0,2024-01-04 10:00:00
u1900,imp0010556,B,0,2024-01-03 09:00:00
u1900,imp0010557,B,0,2024-01-03 04:00:00
u1900,imp0010558,B,0,2024-01-01 00:00:00
u1900,imp0010559,B,0,2024-01-03 12:00:00
u1900,imp0010560,B,0,2024-01-07 14:00:00
u1900,imp0010561,B,0,2024-01-02 06:00:00
u1900,imp0010562,B,0,2024-01-03 17:00:00
u1901,imp0010563,B,0,2024-01-03 04:00:00
u1901,imp0010564,B,0,2024-01-04 22:00:00
u1901,imp0010565,B,0,2024-01-07 05:00:00
u1901,imp0010566,B,0,2024-01-01 22:00:00
u1901,imp0010567,B,0,2024-01-06 22:00:00
u1902,imp0010568,B,0,2024-01-06 10:00:00
u1902,imp0010569,B,0,2024-01-04 14:00:00
u1902,imp0010570,B,0,2024-01-07 03:00:00
u1902,imp0010571,B,0,2024-01-06 04:00:00
u1903,imp0010572,B,0,2024-01-02 15:00:00
u1903,imp0010573,B,0,2024-01-06 00:00:00
u1903,imp0010574,B,0,2024-01-02 14:00:00
u1903,imp0010575,B,0,2024-01-05 23:00:00
u1903,imp0010576,B,0,2024-01-01 17:00:00
u1903,imp0010577,B,0,2024-01-07 10:00:00
u1903,imp0010578,B,0,2024-01-06 22:00:00
u1904,imp0010579,B,0,2024-01-01 04:00:00
u1904,imp0010580,B,0,2024-01-04 00:00:00
u1904,imp0010581,B,0,2024-01-06 14:00:00
u1904,imp0010582,B,0,2024-01-02 16:00:00
u1904,imp0010583,B,0,2024-01-01 09:00:00
u1904,imp0010584,B,0,2024-01-07 09:00:00
u1904,imp0010585,B,0,2024-01-03 19:00:00
u1905,imp0010586,B,0,2024-01-01 23:00:00
u1905,imp0010587,B,0,2024-01-04 05:00:00
u1905,imp0010588,B,0,2024-01-07 00:00:00
u1905,imp0010589,B,0,2024-01-05 12:00:00
u1905,imp0010590,B,0,2024-01-01 23:00:00
u1905,imp0010591,B,0,2024-01-07 10:00:00
u1905,imp0010592,B,0,2024-01-01 06:00:00
u1905,imp0010593,B,0,2024-01-04 00:00:00
u1906,imp0010594,B,0,2024-01-05 02:00:00
u1906,imp0010595,B,0,2024-01-06 01:00:00
u1906,imp0010596,B,0,2024-01-01 11:00:00
u1906,imp0010597,B,0,2024-01-04 12:00:00
u1906,imp0010598,B,0,2024-01-01 02:00:00
u1907,imp0010599,B,0,2024-01-02 08:00:00
u1907,imp0010600,B,1,2024-01-02 21:00:00
u1907,imp0010601,B,0,2024-01-03 10:00:00
u1907,imp0010602,B,0,2024-01-03 03:00:00
u1907,imp0010603,B,0,2024-01-01 05:00:00
u1907,imp0010604,B,0,2024-01-06 09:00:00
u1907,imp0010605,B,0,2024-01-02 04:00:00
u1908,imp0010606,B,0,2024-01-03 19:00:00
u1908,imp0010607,B,0,2024-01-07 12:00:00
u1908,imp0010608,B,0,2024-01-03 11:00:00
u1909,imp0010609,B,0,2024-01-04 11:00:00
u1909,imp0010610,B,0,2024-01-02 16:00:00
u1909,imp0010611,B,0,2024-01-05 16:00:00
u1909,imp0010612,B,0,2024-01-03 16:00:00
u1909,imp0010613,B,0,2024-01-04 06:00:00
u1909,imp0010614,B,0,2024-01-03 14:00:00
u1910,imp0010615,B,0,2024-01-07 03:00:00
u1910,imp0010616,B,0,2024-01-05 21:00:00
u1910,imp0010617,B,0,2024-01-02 12:00:00
u1910,imp0010618,B,0,2024-01-03 15:00:00
u1911,imp0010619,B,0,2024-01-04 13:00:00
u1911,imp0010620,B,0,2024-01-06 12:00:00
u1911,imp0010621,B,0,2024-01-02 09:00:00
u1911,imp0010622,B,0,2024-01-02 14:00:00
u1911,imp0010623,B,0,2024-01-03 18:00:00
u1912,imp0010624,B,0,2024-01-03 13:00:00
u1912,imp0010625,B,0,2024-01-04 15:00:00
u1912,imp0010626,B,0,2024-01-07 07:00:00
u1913,imp0010627,B,0,2024-01-04 16:00:00
u1913,imp0010628,B,0,2024-01-03 18:00:00
u1913,imp0010629,B,0,2024-01-04 06:00:00
u1913,imp0010630,B,0,2024-01-02 04:00:00
u1913,imp0010631,B,1,2024-01-04 01:00:00
u1914,imp0010632,B,0,2024-01-05 04:00:00
u1914,imp0010633,B,0,2024-01-06 21:00:00
u1914,imp0010634,B,0,2024-01-03 19:00:00
u1915,imp0010635,B,0,2024-01-02 03:00:00
u1915,imp0010636,B,0,2024-01-01 13:00:00
u1915,imp0010637,B,0,2024-01-04 04:00:00
u1915,imp0010638,B,0,2024-01-05 19:00:00
u1915,imp0010639,B,0,2024-01-07 22:00:00
u1915,imp0010640,B,0,2024-01-02 03:00:00
u1916,imp0010641,B,0,2024-01-02 07:00:00
u1916,imp0010642,B,0,2024-01-06 16:00:00
u1916,imp0010643,B,0,2024-01-07 11:00:00
u1917,imp0010644,B,0,2024-01-01 16:00:00
u1917,imp0010645,B,0,2024-01-05 20:00:00
u1917,imp0010646,B,1,2024-01-04 04:00:00
u1917,imp0010647,B,0,2024-01-03 06:00:00
u1918,imp0010648,B,0,2024-01-04 07:00:00
u1918,imp0010649,B,0,2024-01-06 13:00:00
u1918,imp0010650,B,0,2024-01-05 19:00:00
u1918,imp0010651,B,0,2024-01-04 06:00:00
u1919,imp0010652,B,0,2024-01-02 17:00:00
u1919,imp0010653,B,0,2024-01-05 19:00:00
u1919,imp0010654,B,0,2024-01-05 12:00:00
u1919,imp0010655,B,0,2024-01-03 22:00:00
u1919,imp0010656,B,0,2024-01-07 11:00:00
u1919,imp0010657,B,0,2024-01-05 05:00:00
u1920,imp0010658,B,0,2024-01-01 14:00:00
u1920,imp0010659,B,0,2024-01-02 11:00:00
u1920,imp0010660,B,0,2024-01-01 14:00:00
u1920,imp0010661,B,0,2024-01-05 20:00:00
u1920,imp0010662,B,0,2024-01-04 02:00:00
u1920,imp0010663,B,0,2024-01-03 07:00:00
u1920,imp0010664,B,0,2024-01-04 22:00:00
u1921,imp0010665,B,0,2024-01-03 03:00:00
u1921,imp0010666,B,0,2024-01-06 17:00:00
u1921,imp0010667,B,0,2024-01-04 11:00:00
u1921,imp0010668,B,0,2024-01-02 04:00:00
u1921,imp0010669,B,0,2024-01-03 04:00:00
u1921,imp0010670,B,0,2024-01-07 12:00:00
u1922,imp0010671,B,0,2024-01-01 20:00:00
u1922,imp0010672,B,0,2024-01-05 15:00:00
u1922,imp0010673,B,0,2024-01-06 17:00:00
u1923,imp0010674,B,0,2024-01-04 03:00:00
u1923,imp0010675,B,0,2024-01-02 05:00:00
u1923,imp0010676,B,0,2024-01-06 04:00:00
u1924,imp0010677,B,0,2024-01-07 16:00:00
u1924,imp0010678,B,0,2024-01-07 01:00:00
u1924,imp0010679,B,0,2024-01-04 05:00:00
u1924,imp0010680,B,0,2024-01-01 21:00:00
u1924,imp0010681,B,0,2024-01-03 15:00:00
u1925,imp0010682,B,0,2024-01-06 08:00:00
u1925,imp0010683,B,0,2024-01-05 10:00:00
u1925,imp0010684,B,0,2024-01-05 19:00:00
u1925,imp0010685,B,0,2024-01-06 03:00:00
u1925,imp0010686,B,0,2024-01-06 22:00:00
u1925,imp0010687,B,0,2024-01-02 11:00:00
u1925,imp0010688,B,0,2024-01-02 22:00:00
u1926,imp0010689,B,0,2024-01-02 07:00:00
u1926,imp0010690,B,0,2024-01-03 05:00:00
u1926,imp0010691,B,0,2024-01-07 16:00:00
u1926,imp0010692,B,0,2024-01-07 22:00:00
u1926,imp0010693,B,0,2024-01-01 22:00:00
u1926,imp0010694,B,0,2024-01-01 01:00:00
u1926,imp0010695,B,0,2024-01-07 21:00:00
u1926,imp0010696,B,0,2024-01-07 12:00:00
u1927,imp0010697,B,0,2024-01-05 13:00:00
u1927,imp0010698,B,0,2024-01-06 03:00:00
u1927,imp0010699,B,0,2024-01-03 18:00:00
u1927,imp0010700,B,0,2024-01-03 22:00:00
u1927,imp0010701,B,0,2024-01-07 19:00:00
u1927,imp0010702,B,0,2024-01-02 04:00:00
u1928,imp0010703,B,0,2024-01-05 16:00:00
u1928,imp0010704,B,0,2024-01-02 20:00:00
u1928,imp0010705,B,0,2024-01-01 15:00:00
u1928,imp0010706,B,0,2024-01-02 06:00:00
u1928,imp0010707,B,0,2024-01-07 17:00:00
u1928,imp0010708,B,0,2024-01-03 01:00:00
u1928,imp0010709,B,0,2024-01-06 01:00:00
u1929,imp0010710,B,0,2024-01-01 14:00:00
u1929,imp0010711,B,0,2024-01-03 00:00:00
u1929,imp0010712,B,0,2024-01-01 09:00:00
u1929,imp0010713,B,0,2024-01-01 19:00:00
u1929,imp0010714,B,0,2024-01-03 21:00:00
u1929,imp0010715,B,0,2024-01-01 07:00:00
u1929,imp0010716,B,0,2024-01-02 09:00:00
u1929,imp0010717,B,0,2024-01-01 03:00:00
u1930,imp0010718,B,0,2024-01-07 22:00:00
u1930,imp0010719,B,0,2024-01-01 23:00:00
u1930,imp0010720,B,0,2024-01-03 06:00:00
u1930,imp0010721,B,0,2024-01-02 01:00:00
u1930,imp0010722,B,0,2024-01-02 00:00:00
u1930,imp0010723,B,0,2024-01-02 11:00:00
u1931,imp0010724,B,0,2024-01-01 11:00:00
u1931,imp0010725,B,0,2024-01-06 08:00:00
u1931,imp0010726,B,0,2024-01-05 19:00:00
u1931,imp0010727,B,0,2024-01-07 08:00:00
u1932,imp0010728,B,0,2024-01-04 10:00:00
u1932,imp0010729,B,0,2024-01-01 05:00:00
u1932,imp0010730,B,0,2024-01-02 01:00:00
u1932,imp0010731,B,0,2024-01-05 16:00:00
u1932,imp0010732,B,0,2024-01-05 06:00:00
u1932,imp0010733,B,0,2024-01-05 23:00:00
u1932,imp0010734,B,0,2024-01-07 22:00:00
u1933,imp0010735,B,0,2024-01-02 20:00:00
u1933,imp0010736,B,0,2024-01-01 13:00:00
u1933,imp0010737,B,0,2024-01-05 15:00:00
u1934,imp0010738,B,0,2024-01-01 14:00:00
u1934,imp0010739,B,0,2024-01-02 12:00:00
u1934,imp0010740,B,0,2024-01-06 06:00:00
u1935,imp0010741,B,0,2024-01-04 11:00:00
u1935,imp0010742,B,0,2024-01-03 23:00:00
u1935,imp0010743,B,0,2024-01-04 23:00:00
u1935,imp0010744,B,0,2024-01-05 14:00:00
u1935,imp0010745,B,0,2024-01-07 04:00:00
u1935,imp0010746,B,0,2024-01-05 08:00:00
u1935,imp0010747,B,0,2024-01-07 02:00:00
u1936,imp0010748,B,0,2024-01-03 09:00:00
u1936,imp0010749,B,0,2024-01-04 22:00:00
u1936,imp0010750,B,0,2024-01-05 21:00:00
u1936,imp0010751,B,0,2024-01-01 05:00:00
u1936,imp0010752,B,0,2024-01-01 03:00:00
u1936,imp0010753,B,0,2024-01-02 18:00:00
u1936,imp0010754,B,0,2024-01-04 20:00:00
u1937,imp0010755,B,0,2024-01-01 02:00:00
u1937,imp0010756,B,0,2024-01-06 08:00:00
u1937,imp0010757,B,0,2024-01-01 14:00:00
u1937,imp0010758,B,0,2024-01-02 22:00:00
u1938,imp0010759,B,0,2024-01-03 09:00:00
u1938,imp0010760,B,0,2024-01-02 14:00:00
u1938,imp0010761,B,0,2024-01-06 10:00:00
u1938,imp0010762,B,0,2024-01-07 13:00:00
u1938,imp0010763,B,0,2024-01-02 10:00:00
u1938,imp0010764,B,0,2024-01-07 12:00:00
u1938,imp0010765,B,0,2024-01-03 03:00:00
u1939,imp0010766,B,0,2024-01-01 13:00:00
u1939,imp0010767,B,0,2024-01-07 18:00:00
u1939,imp0010768,B,0,2024-01-07 11:00:00
u1939,imp0010769,B,0,2024-01-02 05:00:00
u1939,imp0010770,B,0,2024-01-04 17:00:00
u1939,imp0010771,B,0,2024-01-06 14:00:00
u1939,imp0010772,B,0,2024-01-07 22:00:00
u1939,imp0010773,B,0,2024-01-04 22:00:00
u1940,imp0010774,B,0,2024-01-07 18:00:00
u1940,imp0010775,B,0,2024-01-06 06:00:00
u1940,imp0010776,B,0,2024-01-03 03:00:00
u1940,imp0010777,B,0,2024-01-06 21:00:00
u1940,imp0010778,B,0,2024-01-03 14:00:00
u1940,imp0010779,B,0,2024-01-02 11:00:00
u1940,imp0010780,B,0,2024-01-04 18:00:00
u1941,imp0010781,B,0,2024-01-03 04:00:00
u1941,imp0010782,B,0,2024-01-05 12:00:00
u1941,imp0010783,B,0,2024-01-07 05:00:00
u1941,imp0010784,B,0,2024-01-03 23:00:00
u1941,imp0010785,B,0,2024-01-01 14:00:00
u1941,imp0010786,B,0,2024-01-05 16:00:00
u1941,imp0010787,B,0,2024-01-03 20:00:00
u1942,imp0010788,B,0,2024-01-01 03:00:00
u1942,imp0010789,B,0,2024-01-04 02:00:00
u1942,imp0010790,B,0,2024-01-07 01:00:00
u1942,imp0010791,B,0,2024-01-02 17:00:00
u1942,imp0010792,B,0,2024-01-02 05:00:00
u1942,imp0010793,B,0,2024-01-06 22:00:00
u1943,imp0010794,B,0,2024-01-01 15:00:00
u1943,imp0010795,B,0,2024-01-05 14:00:00
u1943,imp0010796,B,0,2024-01-05 07:00:00
u1943,imp0010797,B,0,2024-01-05 10:00:00
u1943,imp0010798,B,0,2024-01-06 02:00:00
u1943,imp0010799,B,0,2024-01-07 17:00:00
u1943,imp0010800,B,0,2024-01-02 02:00:00
u1943,imp0010801,B,0,2024-01-01 12:00:00
u1944,imp0010802,B,0,2024-01-07 10:00:00
u1944,imp0010803,B,0,2024-01-04 00:00:00
u1944,imp0010804,B,0,2024-01-04 13:00:00
u1944,imp0010805,B,0,2024-01-02 06:00:00
u1944,imp0010806,B,0,2024-01-01 02:00:00
u1944,imp0010807,B,0,2024-01-02 05:00:00
u1945,imp0010808,B,0,2024-01-05 02:00:00
u1945,imp0010809,B,0,2024-01-06 13:00:00
u1945,imp0010810,B,0,2024-01-07 15:00:00
u1945,imp0010811,B,0,2024-01-07 15:00:00
u1945,imp0010812,B,0,2024-01-05 02:00:00
u1945,imp0010813,B,0,2024-01-04 13:00:00
u1945,imp0010814,B,0,2024-01-07 22:00:00
u1946,imp0010815,B,0,2024-01-07 13:00:00
u1946,imp0010816,B,0,2024-01-05 17:00:00
u1946,imp0010817,B,0,2024-01-07 14:00:00
u1946,imp0010818,B,0,2024-01-04 14:00:00
u1946,imp0010819,B,0,2024-01-02 15:00:00
u1946,imp0010820,B,0,2024-01-07 16:00:00
u1946,imp0010821,B,0,2024-01-02 00:00:00
u1946,imp0010822,B,0,2024-01-07 19:00:00
u1947,imp0010823,B,0,2024-01-07 22:00:00
u1947,imp0010824,B,0,2024-01-02 21:00:00
u1947,imp0010825,B,0,2024-01-06 17:00:00
u1947,imp0010826,B,0,2024-01-02 07:00:00
u1948,imp0010827,B,0,2024-01-07 19:00:00
u1948,imp0010828,B,0,2024-01-07 11:00:00
u1948,imp0010829,B,0,2024-01-06 23:00:00
u1949,imp0010830,B,0,2024-01-06 15:00:00
u1949,imp0010831,B,0,2024-01-04 02:00:00
u1949,imp0010832,B,0,2024-01-01 00:00:00
u1949,imp0010833,B,0,2024-01-06 04:00:00
u1950,imp0010834,B,0,2024-01-02 13:00:00
u1950,imp0010835,B,0,2024-01-02 20:00:00
u1950,imp0010836,B,0,2024-01-04 08:00:00
u1950,imp0010837,B,0,2024-01-06 08:00:00
u1950,imp0010838,B,0,2024-01-02 07:00:00
u1950,imp0010839,B,0,2024-01-06 15:00:00
u1950,imp0010840,B,0,2024-01-05 21:00:00
u1951,imp0010841,B,0,2024-01-04 01:00:00
u1951,imp0010842,B,0,2024-01-05 14:00:00
u1951,imp0010843,B,0,2024-01-05 06:00:00
u1951,imp0010844,B,0,2024-01-05 06:00:00
u1951,imp0010845,B,0,2024-01-04 01:00:00
u1952,imp0010846,B,0,2024-01-05 17:00:00
u1952,imp0010847,B,0,2024-01-06 02:00:00
u1952,imp0010848,B,0,2024-01-03 08:00:00
u1952,imp0010849,B,0,2024-01-04 01:00:00
u1952,imp0010850,B,0,2024-01-04 10:00:00
u1952,imp0010851,B,0,2024-01-04 06:00:00
u1953,imp0010852,B,0,2024-01-04 20:00:00
u1953,imp0010853,B,0,2024-01-03 01:00:00
u1953,imp0010854,B,0,2024-01-02 04:00:00
u1953,imp0010855,B,0,2024-01-04 08:00:00
u1954,imp0010856,B,0,2024-01-07 10:00:00
u1954,imp0010857,B,0,2024-01-05 20:00:00
u1954,imp0010858,B,0,2024-01-06 22:00:00
u1954,imp0010859,B,0,2024-01-03 11:00:00
u1955,imp0010860,B,0,2024-01-03 11:00:00
u1955,imp0010861,B,0,2024-01-03 09:00:00
u1955,imp0010862,B,0,2024-01-02 20:00:00
u1955,imp0010863,B,0,2024-01-06 03:00:00
u1955,imp0010864,B,1,2024-01-02 01:00:00
u1955,imp0010865,B,0,2024-01-05 05:00:00
u1956,imp0010866,B,0,2024-01-03 03:00:00
u1956,imp0010867,B,0,2024-01-03 02:00:00
u1956,imp0010868,B,0,2024-01-06 10:00:00
u1956,imp0010869,B,1,2024-01-01 13:00:00
u1956,imp0010870,B,0,2024-01-01 00:00:00
u1957,imp0010871,B,0,2024-01-07 00:00:00
u1957,imp0010872,B,0,2024-01-01 13:00:00
u1957,imp0010873,B,0,2024-01-04 08:00:00
u1958,imp0010874,B,0,2024-01-05 01:00:00
u1958,imp0010875,B,0,2024-01-02 15:00:00
u1958,imp0010876,B,0,2024-01-04 16:00:00
u1958,imp0010877,B,0,2024-01-06 04:00:00
u1958,imp0010878,B,0,2024-01-07 17:00:00
u1959,imp0010879,B,0,2024-01-04 22:00:00
u1959,imp0010880,B,0,2024-01-01 08:00:00
u1959,imp0010881,B,0,2024-01-04 21:00:00
u1959,imp0010882,B,0,2024-01-04 11:00:00
u1960,imp0010883,B,0,2024-01-02 00:00:00
u1960,imp0010884,B,0,2024-01-05 05:00:00
u1960,imp0010885,B,0,2024-01-06 01:00:00
u1960,imp0010886,B,0,2024-01-02 00:00:00
u1960,imp0010887,B,0,2024-01-06 16:00:00
u1960,imp0010888,B,0,2024-01-05 06:00:00
u1960,imp0010889,B,0,2024-01-07 09:00:00
u1961,imp0010890,B,0,2024-01-02 12:00:00
u1961,imp0010891,B,0,2024-01-01 15:00:00
u1961,imp0010892,B,0,2024-01-02 12:00:00
u1962,imp0010893,B,0,2024-01-07 07:00:00
u1962,imp0010894,B,0,2024-01-02 01:00:00
u1962,imp0010895,B,0,2024-01-01 19:00:00
u1962,imp0010896,B,0,2024-01-06 16:00:00
u1962,imp0010897,B,0,2024-01-05 06:00:00
u1962,imp0010898,B,0,2024-01-02 04:00:00
u1963,imp0010899,B,0,2024-01-07 03:00:00
u1963,imp0010900,B,0,2024-01-02 02:00:00
u1963,imp0010901,B,0,2024-01-04 21:00:00
u1963,imp0010902,B,0,2024-01-04 12:00:00
u1963,imp0010903,B,0,2024-01-02 19:00:00
u1964,imp0010904,B,0,2024-01-05 16:00:00
u1964,imp0010905,B,0,2024-01-07 05:00:00
u1964,imp0010906,B,0,2024-01-04 01:00:00
u1964,imp0010907,B,0,2024-01-04 14:00:00
u1964,imp0010908,B,0,2024-01-06 22:00:00
u1965,imp0010909,B,0,2024-01-05 01:00:00
u1965,imp0010910,B,0,2024-01-06 20:00:00
u1965,imp0010911,B,0,2024-01-06 11:00:00
u1965,imp0010912,B,0,2024-01-03 07:00:00
u1965,imp0010913,B,0,2024-01-07 06:00:00
u1965,imp0010914,B,0,2024-01-05 00:00:00
u1965,imp0010915,B,0,2024-01-05 01:00:00
u1965,imp0010916,B,0,2024-01-02 09:00:00
u1966,imp0010917,B,0,2024-01-07 00:00:00
u1966,imp0010918,B,0,2024-01-07 11:00:00
u1966,imp0010919,B,0,2024-01-01 13:00:00
u1966,imp0010920,B,0,2024-01-07 17:00:00
u1966,imp0010921,B,0,2024-01-05 15:00:00
u1966,imp0010922,B,0,2024-01-04 02:00:00
u1967,imp0010923,B,0,2024-01-05 00:00:00
u1967,imp0010924,B,0,2024-01-06 00:00:00
u1967,imp0010925,B,0,2024-01-03 06:00:00
u1968,imp0010926,B,0,2024-01-05 20:00:00
u1968,imp0010927,B,0,2024-01-04 20:00:00
u1968,imp0010928,B,0,2024-01-02 12:00:00
u1968,imp0010929,B,0,2024-01-02 01:00:00
u1969,imp0010930,B,0,2024-01-03 18:00:00
u1969,imp0010931,B,0,2024-01-04 11:00:00
u1969,imp0010932,B,0,2024-01-01 17:00:00
u1969,imp0010933,B,0,2024-01-02 02:00:00
u1970,imp0010934,B,0,2024-01-05 09:00:00
u1970,imp0010935,B,0,2024-01-06 08:00:00
u1970,imp0010936,B,0,2024-01-01 05:00:00
u1970,imp0010937,B,0,2024-01-01 10:00:00
u1970,imp0010938,B,0,2024-01-07 17:00:00
u1971,imp0010939,B,0,2024-01-01 17:00:00
u1971,imp0010940,B,0,2024-01-01 20:00:00
u1971,imp0010941,B,0,2024-01-01 18:00:00
u1971,imp0010942,B,0,2024-01-01 03:00:00
u1971,imp0010943,B,0,2024-01-04 04:00:00
u1971,imp0010944,B,0,2024-01-05 19:00:00
u1972,imp0010945,B,0,2024-01-02 00:00:00
u1972,imp0010946,B,0,2024-01-04 04:00:00
u1972,imp0010947,B,0,2024-01-07 10:00:00
u1972,imp0010948,B,0,2024-01-03 00:00:00
u1972,imp0010949,B,0,2024-01-03 16:00:00
u1972,imp0010950,B,0,2024-01-07 21:00:00
u1972,imp0010951,B,0,2024-01-04 10:00:00
u1973,imp0010952,B,0,2024-01-01 00:00:00
u1973,imp0010953,B,0,2024-01-07 23:00:00
u1973,imp0010954,B,0,2024-01-04 08:00:00
u1973,imp0010955,B,0,2024-01-01 20:00:00
u1973,imp0010956,B,0,2024-01-04 13:00:00
u1973,imp0010957,B,0,2024-01-01 14:00:00
u1974,imp0010958,B,0,2024-01-02 23:00:00
u1974,imp0010959,B,0,2024-01-07 15:00:00
u1974,imp0010960,B,0,2024-01-03 00:00:00
u1974,imp0010961,B,0,2024-01-05 11:00:00
u1975,imp0010962,B,0,2024-01-02 07:00:00
u1975,imp0010963,B,0,2024-01-06 11:00:00
u1975,imp0010964,B,0,2024-01-05 00:00:00
u1975,imp0010965,B,0,2024-01-04 07:00:00
u1975,imp0010966,B,0,2024-01-07 01:00:00
u1975,imp0010967,B,0,2024-01-03 05:00:00
u1975,imp0010968,B,0,2024-01-06 06:00:00
u1976,imp0010969,B,0,2024-01-06 16:00:00
u1976,imp0010970,B,1,2024-01-05 12:00:00
u1976,imp0010971,B,0,2024-01-01 22:00:00
u1976,imp0010972,B,0,2024-01-05 10:00:00
u1976,imp0010973,B,0,2024-01-03 02:00:00
u1976,imp0010974,B,0,2024-01-03 23:00:00
u1976,imp0010975,B,0,2024-01-05 06:00:00
u1976,imp0010976,B,0,2024-01-07 08:00:00
u1977,imp0010977,B,0,2024-01-07 00:00:00
u1977,imp0010978,B,0,2024-01-01 17:00:00
u1977,imp0010979,B,0,2024-01-07 10:00:00
u1977,imp0010980,B,0,2024-01-06 22:00:00
u1977,imp0010981,B,0,2024-01-04 08:00:00
u1978,imp0010982,B,0,2024-01-03 20:00:00
u1978,imp0010983,B,0,2024-01-04 07:00:00
u1978,imp0010984,B,0,2024-01-06 22:00:00
u1978,imp0010985,B,0,2024-01-02 17:00:00
u1978,imp0010986,B,0,2024-01-02 09:00:00
u1979,imp0010987,B,0,2024-01-06 15:00:00
u1979,imp0010988,B,0,2024-01-06 17:00:00
u1979,imp0010989,B,0,2024-01-01 04:00:00
u1979,imp0010990,B,0,2024-01-05 19:00:00
u1979,imp0010991,B,0,2024-01-05 20:00:00
u1980,imp0010992,B,0,2024-01-05 11:00:00
u1980,imp0010993,B,0,2024-01-01 22:00:00
u1980,imp0010994,B,0,2024-01-03 13:00:00
u1980,imp0010995,B,0,2024-01-01 12:00:00
u1981,imp0010996,B,0,2024-01-01 19:00:00
u1981,imp0010997,B,0,2024-01-04 19:00:00
u1981,imp0010998,B,0,2024-01-05 11:00:00
u1982,imp0010999,B,0,2024-01-07 07:00:00
u1982,imp0011000,B,0,2024-01-05 11:00:00
u1982,imp0011001,B,0,2024-01-02 08:00:00
u1983,imp0011002,B,0,2024-01-03 15:00:00
u1983,imp0011003,B,0,2024-01-02 05:00:00
u1983,imp0011004,B,0,2024-01-05 11:00:00
u1983,imp0011005,B,0,2024-01-04 00:00:00
u1983,imp0011006,B,0,2024-01-05 12:00:00
u1983,imp0011007,B,0,2024-01-07 00:00:00
u1984,imp0011008,B,0,2024-01-01 13:00:00
u1984,imp0011009,B,0,2024-01-01 18:00:00
u1984,imp0011010,B,0,2024-01-03 22:00:00
u1984,imp0011011,B,0,2024-01-03 10:00:00
u1984,imp0011012,B,0,2024-01-05 00:00:00
u1984,imp0011013,B,0,2024-01-02 19:00:00
u1985,imp0011014,B,0,2024-01-05 09:00:00
u1985,imp0011015,B,0,2024-01-01 01:00:00
u1985,imp0011016,B,0,2024-01-06 04:00:00
u1985,imp0011017,B,0,2024-01-07 00:00:00
u1985,imp0011018,B,0,2024-01-04 21:00:00
u1986,imp0011019,B,0,2024-01-04 20:00:00
u1986,imp0011020,B,0,2024-01-01 03:00:00
u1986,imp0011021,B,0,2024-01-07 21:00:00
u1986,imp0011022,B,0,2024-01-03 14:00:00
u1986,imp0011023,B,0,2024-01-02 04:00:00
u1986,imp0011024,B,0,2024-01-01 18:00:00
u1986,imp0011025,B,0,2024-01-04 18:00:00
u1986,imp0011026,B,0,2024-01-02 04:00:00
u1987,imp0011027,B,0,2024-01-07 18:00:00
u1987,imp0011028,B,0,2024-01-05 19:00:00
u1987,imp0011029,B,0,2024-01-03 21:00:00
u1987,imp0011030,B,0,2024-01-06 02:00:00
u1987,imp0011031,B,0,2024-01-01 22:00:00
u1987,imp0011032,B,0,2024-01-02 21:00:00
u1988,imp0011033,B,0,2024-01-01 07:00:00
u1988,imp0011034,B,0,2024-01-03 17:00:00
u1988,imp0011035,B,0,2024-01-07 23:00:00
u1988,imp0011036,B,0,2024-01-07 14:00:00
u1988,imp0011037,B,0,2024-01-05 03:00:00
u1988,imp0011038,B,0,2024-01-03 12:00:00
u1989,imp0011039,B,0,2024-01-07 21:00:00
u1989,imp0011040,B,0,2024-01-02 11:00:00
u1989,imp0011041,B,0,2024-01-05 15:00:00
u1989,imp0011042,B,0,2024-01-04 14:00:00
u1989,imp0011043,B,0,2024-01-04 12:00:00
u1989,imp0011044,B,0,2024-01-01 12:00:00
u1990,imp0011045,B,0,2024-01-02 22:00:00
u1990,imp0011046,B,0,2024-01-04 17:00:00
u1990,imp0011047,B,0,2024-01-01 21:00:00
u1990,imp0011048,B,0,2024-01-07 22:00:00
u1990,imp0011049,B,0,2024-01-03 09:00:00
u1990,imp0011050,B,0,2024-01-02 05:00:00
u1990,imp0011051,B,0,2024-01-07 01:00:00
u1991,imp0011052,B,0,2024-01-05 09:00:00
u1991,imp0011053,B,0,2024-01-07 01:00:00
u1991,imp0011054,B,0,2024-01-04 01:00:00
u1991,imp0011055,B,0,2024-01-07 22:00:00
u1991,imp0011056,B,0,2024-01-04 21:00:00
u1991,imp0011057,B,0,2024-01-07 09:00:00
u1991,imp0011058,B,0,2024-01-03 22:00:00
u1991,imp0011059,B,0,2024-01-01 06:00:00
u1992,imp0011060,B,0,2024-01-03 16:00:00
u1992,imp0011061,B,0,2024-01-02 21:00:00
u1992,imp0011062,B,0,2024-01-01 17:00:00
u1992,imp0011063,B,0,2024-01-06 20:00:00
u1992,imp0011064,B,0,2024-01-07 08:00:00
u1992,imp0011065,B,0,2024-01-01 07:00:00
u1992,imp0011066,B,0,2024-01-04 01:00:00
u1993,imp0011067,B,0,2024-01-05 05:00:00
u1993,imp0011068,B,0,2024-01-04 06:00:00
u1993,imp0011069,B,0,2024-01-04 06:00:00
u1994,imp0011070,B,0,2024-01-03 14:00:00
u1994,imp0011071,B,0,2024-01-02 15:00:00
u1994,imp0011072,B,0,2024-01-04 11:00:00
u1995,imp0011073,B,0,2024-01-06 13:00:00
u1995,imp0011074,B,0,2024-01-06 00:00:00
u1995,imp0011075,B,0,2024-01-03 14:00:00
u1995,imp0011076,B,0,2024-01-06 15:00:00
u1995,imp0011077,B,0,2024-01-06 07:00:00
u1996,imp0011078,B,0,2024-01-06 01:00:00
u1996,imp0011079,B,0,2024-01-04 09:00:00
u1996,imp0011080,B,0,2024-01-01 12:00:00
u1996,imp0011081,B,0,2024-01-01 23:00:00
u1996,imp0011082,B,0,2024-01-07 23:00:00
u1996,imp0011083,B,0,2024-01-01 13:00:00
u1996,imp0011084,B,0,2024-01-03 21:00:00
u1997,imp0011085,B,0,2024-01-04 16:00:00
u1997,imp0011086,B,0,2024-01-01 00:00:00
u1997,imp0011087,B,0,2024-01-06 05:00:00
u1997,imp0011088,B,0,2024-01-02 07:00:00
u1997,imp0011089,B,0,2024-01-06 20:00:00
u1997,imp0011090,B,0,2024-01-07 16:00:00
u1997,imp0011091,B,0,2024-01-02 07:00:00
u1997,imp0011092,B,1,2024-01-03 07:00:00
u1998,imp0011093,B,0,2024-01-01 03:00:00
u1998,imp0011094,B,0,2024-01-01 22:00:00
u1998,imp0011095,B,0,2024-01-02 04:00:00
u1998,imp0011096,B,0,2024-01-05 01:00:00
u1998,imp0011097,B,0,2024-01-07 04:00:00
u1999,imp0011098,B,0,2024-01-04 17:00:00
u1999,imp0011099,B,0,2024-01-07 03:00:00
u1999,imp0011100,B,0,2024-01-06 23:00:00
u1999,imp0011101,B,0,2024-01-03 18:00:00
u1999,imp0011102,B,0,2024-01-05 04:00:00
u1999,imp0011103,B,0,2024-01-03 09:00:00
u1999,imp0011104,B,0,2024-01-02 00:00:00
u1999,imp0011105,B,0,2024-01-01 22:00:00
u2000,imp0011106,B,0,2024-01-06 08:00:00
u2000,imp0011107,B,0,2024-01-05 00:00:00
u2000,imp0011108,B,0,2024-01-06 22:00:00
u2000,imp0011109,B,0,2024-01-06 07:00:00
u2000,imp0011110,B,0,2024-01-04 08:00:00
u2000,imp0011111,B,0,2024-01-01 03:00:00
