user_id,conversation_id,session_id,variant,is_resolved,ai_metric,timestamp
u0001,conv0000001,sess0000001,A,1,3.69,2024-01-06 04:00:00
u0001,conv0000002,sess0000002,A,1,3.7,2024-01-05 02:00:00
u0002,conv0000003,sess0000003,A,1,4.8,2024-01-05 20:00:00
u0002,conv0000003,sess0000004,A,0,2.53,2024-01-10 13:00:00
u0002,conv0000003,sess0000005,A,1,2.9,2024-01-08 16:00:00
u0003,conv0000004,sess0000006,A,1,3.39,2024-01-02 13:00:00
u0003,conv0000004,sess0000007,A,1,4.75,2024-01-07 12:00:00
u0003,conv0000004,sess0000008,A,1,4.08,2024-01-07 15:00:00
u0004,conv0000005,sess0000009,A,1,4.14,2024-01-07 20:00:00
u0005,conv0000006,sess0000010,A,0,2.79,2024-01-07 12:00:00
u0005,conv0000006,sess0000011,A,0,2.48,2024-01-06 00:00:00
u0005,conv0000007,sess0000012,A,1,4.22,2024-01-04 19:00:00
u0005,conv0000007,sess0000013,A,0,2.16,2024-01-03 17:00:00
u0006,conv0000008,sess0000014,A,1,3.56,2024-01-01 20:00:00
u0006,conv0000008,sess0000015,A,0,2.64,2024-01-05 11:00:00
u0006,conv0000008,sess0000016,A,0,3.35,2024-01-06 14:00:00
u0006,conv0000008,sess0000017,A,1,3.52,2024-01-10 12:00:00
u0007,conv0000009,sess0000018,A,1,3.61,2024-01-01 01:00:00
u0007,conv0000009,sess0000019,A,1,5.0,2024-01-09 02:00:00
u0007,conv0000010,sess0000020,A,1,5.0,2024-01-01 19:00:00
u0008,conv0000011,sess0000021,A,1,5.0,2024-01-06 03:00:00
u0008,conv0000011,sess0000022,A,1,3.67,2024-01-07 16:00:00
u0009,conv0000012,sess0000023,A,0,1.95,2024-01-06 14:00:00
u0009,conv0000012,sess0000024,A,1,3.76,2024-01-04 06:00:00
u0009,conv0000012,sess0000025,A,0,4.34,2024-01-04 18:00:00
u0009,conv0000012,sess0000026,A,1,4.9,2024-01-08 19:00:00
u0010,conv0000013,sess0000027,A,0,1.51,2024-01-03 19:00:00
u0010,conv0000013,sess0000028,A,1,3.7,2024-01-10 13:00:00
u0010,conv0000013,sess0000029,A,1,3.72,2024-01-10 01:00:00
u0011,conv0000014,sess0000030,A,0,1.91,2024-01-06 05:00:00
u0011,conv0000014,sess0000031,A,1,2.74,2024-01-09 11:00:00
u0011,conv0000015,sess0000032,A,0,3.18,2024-01-01 02:00:00
u0012,conv0000016,sess0000033,A,1,3.89,2024-01-06 21:00:00
u0012,conv0000017,sess0000034,A,1,3.48,2024-01-01 17:00:00
u0013,conv0000018,sess0000035,A,1,4.61,2024-01-02 06:00:00
u0013,conv0000018,sess0000036,A,0,2.37,2024-01-04 18:00:00
u0013,conv0000018,sess0000037,A,1,2.73,2024-01-08 16:00:00
u0014,conv0000019,sess0000038,A,0,1.81,2024-01-01 04:00:00
u0014,conv0000020,sess0000039,A,1,3.57,2024-01-04 18:00:00
u0015,conv0000021,sess0000040,A,0,2.12,2024-01-07 05:00:00
u0015,conv0000021,sess0000041,A,1,3.8,2024-01-06 18:00:00
u0015,conv0000022,sess0000042,A,1,3.89,2024-01-01 11:00:00
u0015,conv0000022,sess0000043,A,0,2.22,2024-01-08 17:00:00
u0016,conv0000023,sess0000044,A,1,4.38,2024-01-06 11:00:00
u0016,conv0000023,sess0000045,A,1,4.73,2024-01-09 07:00:00
u0016,conv0000023,sess0000046,A,0,2.11,2024-01-06 12:00:00
u0016,conv0000024,sess0000047,A,1,4.36,2024-01-01 19:00:00
u0016,conv0000024,sess0000048,A,0,2.13,2024-01-07 18:00:00
u0017,conv0000025,sess0000049,A,0,1.26,2024-01-06 15:00:00
u0017,conv0000025,sess0000050,A,0,3.62,2024-01-04 05:00:00
u0018,conv0000026,sess0000051,A,1,4.48,2024-01-01 07:00:00
u0018,conv0000026,sess0000052,A,0,3.52,2024-01-05 12:00:00
u0019,conv0000027,sess0000053,A,0,3.1,2024-01-02 19:00:00
u0019,conv0000027,sess0000054,A,0,2.8,2024-01-03 17:00:00
u0019,conv0000028,sess0000055,A,1,4.85,2024-01-01 21:00:00
u0019,conv0000028,sess0000056,A,1,2.97,2024-01-07 14:00:00
u0020,conv0000029,sess0000057,A,0,2.04,2024-01-04 06:00:00
u0020,conv0000030,sess0000058,A,1,3.98,2024-01-07 17:00:00
u0021,conv0000031,sess0000059,A,1,3.81,2024-01-02 16:00:00
u0021,conv0000031,sess0000060,A,1,4.72,2024-01-04 19:00:00
u0021,conv0000031,sess0000061,A,0,2.64,2024-01-10 15:00:00
u0022,conv0000032,sess0000062,A,1,5.0,2024-01-03 19:00:00
u0022,conv0000032,sess0000063,A,1,4.77,2024-01-05 19:00:00
u0023,conv0000033,sess0000064,A,1,4.19,2024-01-07 23:00:00
u0023,conv0000033,sess0000065,A,0,2.84,2024-01-07 23:00:00
u0023,conv0000033,sess0000066,A,0,1.55,2024-01-08 13:00:00
u0023,conv0000034,sess0000067,A,1,2.62,2024-01-05 15:00:00
u0023,conv0000034,sess0000068,A,0,3.62,2024-01-01 23:00:00
u0024,conv0000035,sess0000069,A,1,3.05,2024-01-03 02:00:00
u0024,conv0000035,sess0000070,A,1,5.0,2024-01-09 03:00:00
u0024,conv0000036,sess0000071,A,0,3.02,2024-01-05 15:00:00
u0025,conv0000037,sess0000072,A,1,3.95,2024-01-04 05:00:00
u0025,conv0000037,sess0000073,A,0,2.38,2024-01-06 14:00:00
u0025,conv0000038,sess0000074,A,0,3.65,2024-01-05 06:00:00
u0025,conv0000038,sess0000075,A,1,3.34,2024-01-05 05:00:00
u0026,conv0000039,sess0000076,A,1,3.93,2024-01-02 02:00:00
u0026,conv0000039,sess0000077,A,1,3.76,2024-01-05 21:00:00
u0026,conv0000039,sess0000078,A,0,2.75,2024-01-04 21:00:00
u0026,conv0000039,sess0000079,A,1,4.15,2024-01-05 00:00:00
u0026,conv0000039,sess0000080,A,1,4.28,2024-01-14 14:00:00
u0027,conv0000040,sess0000081,A,0,3.16,2024-01-02 08:00:00
u0027,conv0000040,sess0000082,A,0,3.52,2024-01-05 07:00:00
u0028,conv0000041,sess0000083,A,0,2.72,2024-01-02 15:00:00
u0029,conv0000043,sess0000084,A,1,3.74,2024-01-05 22:00:00
u0030,conv0000045,sess0000085,A,1,4.94,2024-01-03 15:00:00
u0031,conv0000047,sess0000086,A,1,5.0,2024-01-05 07:00:00
u0032,conv0000048,sess0000087,A,1,2.98,2024-01-02 16:00:00
u0032,conv0000049,sess0000088,A,1,5.0,2024-01-03 22:00:00
u0033,conv0000050,sess0000089,A,1,3.81,2024-01-02 18:00:00
u0033,conv0000050,sess0000090,A,1,3.3,2024-01-08 01:00:00
u0033,conv0000050,sess0000091,A,1,3.87,2024-01-05 17:00:00
u0033,conv0000050,sess0000092,A,1,3.61,2024-01-07 17:00:00
u0033,conv0000050,sess0000093,A,0,2.62,2024-01-04 02:00:00
u0034,conv0000051,sess0000094,A,1,4.58,2024-01-04 00:00:00
u0034,conv0000051,sess0000095,A,1,3.91,2024-01-08 22:00:00
u0034,conv0000052,sess0000096,A,0,3.78,2024-01-03 06:00:00
u0035,conv0000053,sess0000097,A,1,3.53,2024-01-07 05:00:00
u0035,conv0000053,sess0000098,A,1,4.57,2024-01-07 13:00:00
u0035,conv0000053,sess0000099,A,1,4.04,2024-01-05 04:00:00
u0035,conv0000054,sess0000100,A,1,3.79,2024-01-01 20:00:00
u0035,conv0000054,sess0000101,A,1,4.81,2024-01-06 23:00:00
u0036,conv0000055,sess0000102,A,1,4.99,2024-01-01 15:00:00
u0036,conv0000055,sess0000103,A,1,2.91,2024-01-09 01:00:00
u0036,conv0000055,sess0000104,A,0,1.9,2024-01-07 11:00:00
u0036,conv0000055,sess0000105,A,0,3.55,2024-01-09 20:00:00
u0036,conv0000055,sess0000106,A,1,2.96,2024-01-12 19:00:00
u0037,conv0000056,sess0000107,A,0,2.98,2024-01-03 12:00:00
u0037,conv0000056,sess0000108,A,1,4.11,2024-01-06 00:00:00
u0037,conv0000057,sess0000109,A,1,3.14,2024-01-04 05:00:00
u0038,conv0000058,sess0000110,A,0,3.3,2024-01-07 00:00:00
u0038,conv0000058,sess0000111,A,1,3.09,2024-01-07 07:00:00
u0038,conv0000059,sess0000112,A,1,3.98,2024-01-02 07:00:00
u0038,conv0000059,sess0000113,A,1,5.0,2024-01-02 19:00:00
u0039,conv0000060,sess0000114,A,0,2.45,2024-01-03 13:00:00
u0039,conv0000060,sess0000115,A,1,5.0,2024-01-05 23:00:00
u0039,conv0000060,sess0000116,A,0,3.07,2024-01-05 01:00:00
u0039,conv0000061,sess0000117,A,0,2.98,2024-01-06 12:00:00
u0039,conv0000061,sess0000118,A,0,4.38,2024-01-03 06:00:00
u0040,conv0000062,sess0000119,A,0,2.63,2024-01-01 06:00:00
u0040,conv0000063,sess0000120,A,0,2.26,2024-01-04 12:00:00
u0041,conv0000064,sess0000121,A,1,4.67,2024-01-01 08:00:00
u0041,conv0000064,sess0000122,A,0,2.71,2024-01-04 18:00:00
u0041,conv0000064,sess0000123,A,1,4.39,2024-01-06 18:00:00
u0041,conv0000065,sess0000124,A,1,3.27,2024-01-02 18:00:00
u0041,conv0000065,sess0000125,A,1,3.91,2024-01-02 03:00:00
u0042,conv0000066,sess0000126,A,1,4.25,2024-01-02 04:00:00
u0042,conv0000066,sess0000127,A,1,4.53,2024-01-06 11:00:00
u0042,conv0000066,sess0000128,A,1,3.22,2024-01-06 21:00:00
u0043,conv0000067,sess0000129,A,0,2.83,2024-01-06 12:00:00
u0043,conv0000068,sess0000130,A,0,1.27,2024-01-01 06:00:00
u0044,conv0000069,sess0000131,A,1,4.5,2024-01-01 18:00:00
u0044,conv0000069,sess0000132,A,0,4.76,2024-01-06 16:00:00
u0045,conv0000070,sess0000133,A,1,5.0,2024-01-03 09:00:00
u0045,conv0000070,sess0000134,A,0,1.64,2024-01-06 15:00:00
u0045,conv0000070,sess0000135,A,1,3.6,2024-01-11 16:00:00
u0045,conv0000070,sess0000136,A,1,3.78,2024-01-11 01:00:00
u0045,conv0000070,sess0000137,A,1,4.04,2024-01-13 17:00:00
u0046,conv0000071,sess0000138,A,1,3.23,2024-01-01 19:00:00
u0046,conv0000071,sess0000139,A,1,3.49,2024-01-03 19:00:00
u0046,conv0000071,sess0000140,A,1,3.82,2024-01-04 22:00:00
u0046,conv0000072,sess0000141,A,0,1.38,2024-01-01 13:00:00
u0046,conv0000072,sess0000142,A,1,4.5,2024-01-05 23:00:00
u0047,conv0000073,sess0000143,A,1,3.92,2024-01-06 09:00:00
u0048,conv0000074,sess0000144,A,0,1.82,2024-01-04 10:00:00
u0048,conv0000074,sess0000145,A,0,3.24,2024-01-06 05:00:00
u0048,conv0000075,sess0000146,A,0,2.1,2024-01-01 18:00:00
u0049,conv0000076,sess0000147,A,1,4.67,2024-01-05 04:00:00
u0049,conv0000076,sess0000148,A,0,3.41,2024-01-06 18:00:00
u0049,conv0000076,sess0000149,A,1,3.6,2024-01-05 10:00:00
u0050,conv0000077,sess0000150,A,1,4.7,2024-01-05 14:00:00
u0050,conv0000077,sess0000151,A,1,3.26,2024-01-10 07:00:00
u0050,conv0000078,sess0000152,A,0,3.24,2024-01-05 07:00:00
u0051,conv0000079,sess0000153,A,1,4.04,2024-01-02 02:00:00
u0051,conv0000080,sess0000154,A,1,3.92,2024-01-04 00:00:00
u0052,conv0000081,sess0000155,A,1,4.53,2024-01-06 08:00:00
u0052,conv0000082,sess0000156,A,1,4.59,2024-01-03 06:00:00
u0053,conv0000083,sess0000157,A,1,4.9,2024-01-06 23:00:00
u0053,conv0000083,sess0000158,A,1,4.51,2024-01-05 18:00:00
u0053,conv0000083,sess0000159,A,0,2.36,2024-01-08 20:00:00
u0053,conv0000084,sess0000160,A,1,3.73,2024-01-07 20:00:00
u0053,conv0000084,sess0000161,A,1,4.98,2024-01-08 09:00:00
u0054,conv0000085,sess0000162,A,1,4.06,2024-01-01 12:00:00
u0055,conv0000087,sess0000163,A,1,4.12,2024-01-06 23:00:00
u0055,conv0000087,sess0000164,A,0,1.38,2024-01-04 10:00:00
u0055,conv0000087,sess0000165,A,0,1.97,2024-01-08 18:00:00
u0056,conv0000088,sess0000166,A,0,3.06,2024-01-03 00:00:00
u0056,conv0000088,sess0000167,A,1,3.97,2024-01-08 18:00:00
u0056,conv0000089,sess0000168,A,0,3.42,2024-01-06 20:00:00
u0056,conv0000089,sess0000169,A,1,5.0,2024-01-06 06:00:00
u0057,conv0000090,sess0000170,A,1,3.7,2024-01-03 13:00:00
u0057,conv0000090,sess0000171,A,1,4.96,2024-01-09 09:00:00
u0057,conv0000090,sess0000172,A,1,3.6,2024-01-12 07:00:00
u0058,conv0000091,sess0000173,A,1,3.31,2024-01-03 00:00:00
u0058,conv0000092,sess0000174,A,1,3.75,2024-01-01 19:00:00
u0059,conv0000093,sess0000175,A,1,3.7,2024-01-01 09:00:00
u0059,conv0000093,sess0000176,A,1,3.88,2024-01-10 07:00:00
u0059,conv0000093,sess0000177,A,0,2.45,2024-01-03 23:00:00
u0059,conv0000093,sess0000178,A,0,2.42,2024-01-04 13:00:00
u0059,conv0000093,sess0000179,A,1,4.47,2024-01-11 22:00:00
u0060,conv0000094,sess0000180,A,1,4.28,2024-01-04 12:00:00
u0061,conv0000096,sess0000181,A,1,4.02,2024-01-01 04:00:00
u0061,conv0000096,sess0000182,A,0,2.47,2024-01-06 03:00:00
u0062,conv0000097,sess0000183,A,0,1.96,2024-01-07 08:00:00
u0062,conv0000097,sess0000184,A,1,4.16,2024-01-02 14:00:00
u0062,conv0000097,sess0000185,A,1,3.1,2024-01-04 16:00:00
u0062,conv0000098,sess0000186,A,1,3.57,2024-01-03 03:00:00
u0062,conv0000098,sess0000187,A,0,3.28,2024-01-07 18:00:00
u0063,conv0000099,sess0000188,A,1,2.79,2024-01-05 03:00:00
u0063,conv0000099,sess0000189,A,0,2.6,2024-01-04 15:00:00
u0063,conv0000099,sess0000190,A,1,4.86,2024-01-11 13:00:00
u0063,conv0000100,sess0000191,A,1,3.96,2024-01-01 09:00:00
u0063,conv0000100,sess0000192,A,1,3.58,2024-01-05 05:00:00
u0064,conv0000101,sess0000193,A,1,4.32,2024-01-06 13:00:00
u0064,conv0000101,sess0000194,A,1,3.69,2024-01-08 13:00:00
u0064,conv0000101,sess0000195,A,1,4.27,2024-01-09 20:00:00
u0065,conv0000102,sess0000196,A,1,4.93,2024-01-03 21:00:00
u0065,conv0000102,sess0000197,A,0,2.82,2024-01-05 19:00:00
u0065,conv0000102,sess0000198,A,0,3.85,2024-01-07 23:00:00
u0065,conv0000103,sess0000199,A,1,4.65,2024-01-02 09:00:00
u0065,conv0000103,sess0000200,A,1,2.3,2024-01-07 11:00:00
u0066,conv0000104,sess0000201,A,1,5.0,2024-01-02 09:00:00
u0066,conv0000104,sess0000202,A,1,5.0,2024-01-08 22:00:00
u0066,conv0000104,sess0000203,A,1,3.98,2024-01-05 09:00:00
u0066,conv0000104,sess0000204,A,1,4.76,2024-01-12 09:00:00
u0067,conv0000105,sess0000205,A,1,3.78,2024-01-01 05:00:00
u0067,conv0000105,sess0000206,A,1,4.51,2024-01-09 03:00:00
u0067,conv0000106,sess0000207,A,0,3.98,2024-01-06 14:00:00
u0067,conv0000106,sess0000208,A,0,3.07,2024-01-03 13:00:00
u0068,conv0000107,sess0000209,A,1,4.06,2024-01-07 21:00:00
u0068,conv0000107,sess0000210,A,0,1.96,2024-01-05 07:00:00
u0069,conv0000108,sess0000211,A,0,1.95,2024-01-07 23:00:00
u0070,conv0000109,sess0000212,A,0,2.55,2024-01-07 03:00:00
u0070,conv0000109,sess0000213,A,0,2.23,2024-01-04 14:00:00
u0070,conv0000109,sess0000214,A,1,3.79,2024-01-07 04:00:00
u0070,conv0000109,sess0000215,A,1,4.61,2024-01-13 16:00:00
u0070,conv0000109,sess0000216,A,1,4.54,2024-01-16 04:00:00
u0071,conv0000110,sess0000217,A,1,3.69,2024-01-02 02:00:00
u0071,conv0000110,sess0000218,A,1,4.74,2024-01-06 04:00:00
u0071,conv0000110,sess0000219,A,1,2.91,2024-01-07 20:00:00
u0071,conv0000111,sess0000220,A,0,1.79,2024-01-04 21:00:00
u0071,conv0000111,sess0000221,A,0,2.69,2024-01-08 23:00:00
u0072,conv0000112,sess0000222,A,0,3.55,2024-01-04 08:00:00
u0072,conv0000112,sess0000223,A,1,4.1,2024-01-07 10:00:00
u0072,conv0000113,sess0000224,A,1,3.5,2024-01-07 14:00:00
u0072,conv0000113,sess0000225,A,0,1.95,2024-01-06 02:00:00
u0073,conv0000114,sess0000226,A,0,2.55,2024-01-01 03:00:00
u0074,conv0000115,sess0000227,A,0,2.38,2024-01-03 12:00:00
u0074,conv0000115,sess0000228,A,1,3.0,2024-01-08 18:00:00
u0074,conv0000115,sess0000229,A,1,3.77,2024-01-07 23:00:00
u0074,conv0000115,sess0000230,A,0,1.66,2024-01-14 06:00:00
u0075,conv0000116,sess0000231,A,1,3.37,2024-01-03 17:00:00
u0075,conv0000116,sess0000232,A,1,3.39,2024-01-03 23:00:00
u0076,conv0000117,sess0000233,A,1,2.97,2024-01-03 17:00:00
u0076,conv0000117,sess0000234,A,1,4.39,2024-01-04 05:00:00
u0076,conv0000118,sess0000235,A,0,2.89,2024-01-06 13:00:00
u0077,conv0000119,sess0000236,A,0,3.37,2024-01-07 18:00:00
u0077,conv0000119,sess0000237,A,0,2.27,2024-01-05 14:00:00
u0077,conv0000119,sess0000238,A,1,4.06,2024-01-04 16:00:00
u0077,conv0000119,sess0000239,A,1,4.91,2024-01-05 05:00:00
u0077,conv0000119,sess0000240,A,1,3.69,2024-01-11 10:00:00
u0078,conv0000120,sess0000241,A,1,4.71,2024-01-07 02:00:00
u0078,conv0000120,sess0000242,A,1,3.96,2024-01-08 14:00:00
u0079,conv0000121,sess0000243,A,0,2.69,2024-01-05 03:00:00
u0079,conv0000121,sess0000244,A,1,4.55,2024-01-03 11:00:00
u0079,conv0000122,sess0000245,A,1,4.58,2024-01-01 00:00:00
u0080,conv0000123,sess0000246,A,1,4.37,2024-01-01 03:00:00
u0081,conv0000124,sess0000247,A,1,3.71,2024-01-02 13:00:00
u0081,conv0000125,sess0000248,A,0,1.34,2024-01-05 23:00:00
u0082,conv0000126,sess0000249,A,0,1.44,2024-01-04 03:00:00
u0082,conv0000126,sess0000250,A,0,2.76,2024-01-03 21:00:00
u0082,conv0000127,sess0000251,A,0,2.86,2024-01-02 11:00:00
u0083,conv0000128,sess0000252,A,0,3.55,2024-01-04 11:00:00
u0084,conv0000130,sess0000253,A,1,4.94,2024-01-06 13:00:00
u0085,conv0000131,sess0000254,A,1,3.15,2024-01-03 18:00:00
u0086,conv0000133,sess0000255,A,0,2.89,2024-01-01 10:00:00
u0086,conv0000133,sess0000256,A,1,3.51,2024-01-08 09:00:00
u0086,conv0000133,sess0000257,A,1,3.08,2024-01-06 12:00:00
u0086,conv0000133,sess0000258,A,1,3.99,2024-01-07 16:00:00
u0086,conv0000133,sess0000259,A,1,3.66,2024-01-12 15:00:00
u0087,conv0000134,sess0000260,A,1,4.69,2024-01-04 08:00:00
u0087,conv0000134,sess0000261,A,0,2.01,2024-01-06 22:00:00
u0087,conv0000135,sess0000262,A,1,4.08,2024-01-04 16:00:00
u0087,conv0000135,sess0000263,A,1,4.49,2024-01-06 16:00:00
u0088,conv0000136,sess0000264,A,1,2.3,2024-01-05 09:00:00
u0088,conv0000136,sess0000265,A,0,2.95,2024-01-07 15:00:00
u0088,conv0000136,sess0000266,A,1,3.04,2024-01-03 02:00:00
u0088,conv0000136,sess0000267,A,1,2.89,2024-01-07 02:00:00
u0089,conv0000137,sess0000268,A,0,2.2,2024-01-04 18:00:00
u0089,conv0000137,sess0000269,A,0,3.71,2024-01-06 23:00:00
u0089,conv0000137,sess0000270,A,1,4.36,2024-01-06 20:00:00
u0089,conv0000137,sess0000271,A,1,4.08,2024-01-08 00:00:00
u0089,conv0000137,sess0000272,A,1,3.12,2024-01-13 06:00:00
u0090,conv0000138,sess0000273,A,1,3.52,2024-01-06 13:00:00
u0091,conv0000139,sess0000274,A,0,2.36,2024-01-06 23:00:00
u0091,conv0000139,sess0000275,A,0,2.29,2024-01-02 06:00:00
u0091,conv0000139,sess0000276,A,1,4.39,2024-01-11 08:00:00
u0091,conv0000139,sess0000277,A,1,3.95,2024-01-14 09:00:00
u0092,conv0000140,sess0000278,A,0,2.56,2024-01-01 00:00:00
u0093,conv0000141,sess0000279,A,1,4.52,2024-01-06 19:00:00
u0094,conv0000143,sess0000280,A,1,3.7,2024-01-07 19:00:00
u0094,conv0000143,sess0000281,A,1,4.93,2024-01-04 10:00:00
u0094,conv0000143,sess0000282,A,0,2.86,2024-01-12 22:00:00
u0094,conv0000144,sess0000283,A,0,2.96,2024-01-07 01:00:00
u0094,conv0000144,sess0000284,A,0,2.97,2024-01-08 08:00:00
u0095,conv0000145,sess0000285,A,0,2.87,2024-01-01 09:00:00
u0095,conv0000145,sess0000286,A,1,3.09,2024-01-09 09:00:00
u0095,conv0000145,sess0000287,A,1,4.98,2024-01-04 13:00:00
u0095,conv0000145,sess0000288,A,1,3.34,2024-01-05 16:00:00
u0095,conv0000145,sess0000289,A,0,2.46,2024-01-10 19:00:00
u0096,conv0000146,sess0000290,A,0,3.53,2024-01-05 15:00:00
u0097,conv0000148,sess0000291,A,0,3.26,2024-01-07 11:00:00
u0097,conv0000148,sess0000292,A,1,5.0,2024-01-05 19:00:00
u0098,conv0000149,sess0000293,A,1,3.55,2024-01-04 18:00:00
u0098,conv0000149,sess0000294,A,0,2.35,2024-01-07 15:00:00
u0099,conv0000150,sess0000295,A,1,4.83,2024-01-07 23:00:00
u0100,conv0000152,sess0000296,A,1,5.0,2024-01-05 12:00:00
u0100,conv0000152,sess0000297,A,0,2.17,2024-01-09 00:00:00
u0100,conv0000152,sess0000298,A,0,4.09,2024-01-09 16:00:00
u0100,conv0000152,sess0000299,A,1,3.95,2024-01-10 05:00:00
u0100,conv0000152,sess0000300,A,1,4.55,2024-01-14 02:00:00
u0101,conv0000153,sess0000301,A,0,3.01,2024-01-03 01:00:00
u0101,conv0000154,sess0000302,A,1,3.43,2024-01-03 07:00:00
u0102,conv0000155,sess0000303,A,1,4.24,2024-01-05 17:00:00
u0103,conv0000156,sess0000304,A,0,1.93,2024-01-07 09:00:00
u0103,conv0000156,sess0000305,A,0,1.88,2024-01-09 22:00:00
u0103,conv0000157,sess0000306,A,1,3.99,2024-01-02 08:00:00
u0104,conv0000158,sess0000307,A,1,4.14,2024-01-06 19:00:00
u0104,conv0000158,sess0000308,A,0,4.11,2024-01-06 18:00:00
u0104,conv0000159,sess0000309,A,0,1.72,2024-01-05 14:00:00
u0105,conv0000160,sess0000310,A,1,3.65,2024-01-03 14:00:00
u0105,conv0000160,sess0000311,A,1,4.26,2024-01-07 06:00:00
u0105,conv0000160,sess0000312,A,1,4.33,2024-01-09 10:00:00
u0105,conv0000160,sess0000313,A,0,2.39,2024-01-07 20:00:00
u0106,conv0000161,sess0000314,A,1,4.98,2024-01-06 06:00:00
u0106,conv0000161,sess0000315,A,0,3.14,2024-01-03 21:00:00
u0106,conv0000161,sess0000316,A,0,2.78,2024-01-02 06:00:00
u0106,conv0000161,sess0000317,A,0,2.02,2024-01-15 17:00:00
u0106,conv0000161,sess0000318,A,1,4.13,2024-01-11 12:00:00
u0107,conv0000162,sess0000319,A,1,5.0,2024-01-06 06:00:00
u0107,conv0000162,sess0000320,A,1,3.59,2024-01-07 17:00:00
u0107,conv0000162,sess0000321,A,1,3.91,2024-01-06 20:00:00
u0107,conv0000162,sess0000322,A,1,4.11,2024-01-11 12:00:00
u0107,conv0000162,sess0000323,A,0,2.79,2024-01-13 15:00:00
u0108,conv0000163,sess0000324,A,0,2.56,2024-01-03 16:00:00
u0108,conv0000163,sess0000325,A,1,4.2,2024-01-02 14:00:00
u0108,conv0000164,sess0000326,A,0,2.22,2024-01-01 18:00:00
u0109,conv0000165,sess0000327,A,1,4.26,2024-01-06 04:00:00
u0110,conv0000167,sess0000328,A,0,1.82,2024-01-04 05:00:00
u0111,conv0000169,sess0000329,A,0,2.1,2024-01-04 02:00:00
u0111,conv0000169,sess0000330,A,1,4.22,2024-01-05 08:00:00
u0111,conv0000169,sess0000331,A,1,3.19,2024-01-04 15:00:00
u0112,conv0000170,sess0000332,A,1,4.58,2024-01-03 02:00:00
u0112,conv0000170,sess0000333,A,0,3.11,2024-01-04 22:00:00
u0113,conv0000171,sess0000334,A,0,3.14,2024-01-07 19:00:00
u0113,conv0000171,sess0000335,A,0,2.33,2024-01-04 12:00:00
u0113,conv0000171,sess0000336,A,1,3.24,2024-01-07 03:00:00
u0113,conv0000171,sess0000337,A,1,3.58,2024-01-04 23:00:00
u0113,conv0000171,sess0000338,A,0,2.3,2024-01-18 08:00:00
u0114,conv0000172,sess0000339,A,1,4.15,2024-01-03 11:00:00
u0114,conv0000172,sess0000340,A,0,2.28,2024-01-07 16:00:00
u0114,conv0000172,sess0000341,A,0,2.91,2024-01-10 11:00:00
u0114,conv0000173,sess0000342,A,0,2.59,2024-01-06 00:00:00
u0114,conv0000173,sess0000343,A,0,2.91,2024-01-08 06:00:00
u0115,conv0000174,sess0000344,A,1,5.0,2024-01-03 18:00:00
u0115,conv0000174,sess0000345,A,0,2.86,2024-01-09 09:00:00
u0115,conv0000174,sess0000346,A,1,3.19,2024-01-02 02:00:00
u0115,conv0000174,sess0000347,A,1,3.56,2024-01-08 15:00:00
u0115,conv0000174,sess0000348,A,1,3.36,2024-01-16 00:00:00
u0116,conv0000175,sess0000349,A,0,2.16,2024-01-07 05:00:00
u0116,conv0000175,sess0000350,A,0,2.96,2024-01-08 23:00:00
u0117,conv0000176,sess0000351,A,0,3.35,2024-01-06 11:00:00
u0117,conv0000176,sess0000352,A,0,2.89,2024-01-05 20:00:00
u0117,conv0000176,sess0000353,A,1,3.29,2024-01-08 18:00:00
u0117,conv0000177,sess0000354,A,0,2.05,2024-01-02 19:00:00
u0117,conv0000177,sess0000355,A,1,3.01,2024-01-08 01:00:00
u0118,conv0000178,sess0000356,A,0,1.93,2024-01-02 09:00:00
u0118,conv0000178,sess0000357,A,1,4.87,2024-01-07 18:00:00
u0118,conv0000178,sess0000358,A,0,3.12,2024-01-06 20:00:00
u0118,conv0000179,sess0000359,A,1,4.22,2024-01-01 06:00:00
u0118,conv0000179,sess0000360,A,0,4.01,2024-01-02 19:00:00
u0119,conv0000180,sess0000361,A,1,4.67,2024-01-01 00:00:00
u0120,conv0000181,sess0000362,A,1,4.7,2024-01-01 10:00:00
u0120,conv0000182,sess0000363,A,1,3.28,2024-01-06 09:00:00
u0121,conv0000183,sess0000364,A,1,4.94,2024-01-04 10:00:00
u0122,conv0000184,sess0000365,A,1,4.6,2024-01-07 08:00:00
u0122,conv0000184,sess0000366,A,0,3.08,2024-01-07 13:00:00
u0122,conv0000184,sess0000367,A,1,4.86,2024-01-08 16:00:00
u0122,conv0000185,sess0000368,A,1,3.52,2024-01-06 23:00:00
u0122,conv0000185,sess0000369,A,0,2.71,2024-01-07 02:00:00
u0123,conv0000186,sess0000370,A,1,3.91,2024-01-05 01:00:00
u0123,conv0000186,sess0000371,A,0,2.13,2024-01-05 01:00:00
u0123,conv0000187,sess0000372,A,1,3.6,2024-01-02 10:00:00
u0123,conv0000187,sess0000373,A,1,4.41,2024-01-07 04:00:00
u0124,conv0000188,sess0000374,A,1,4.17,2024-01-04 06:00:00
u0124,conv0000189,sess0000375,A,1,4.94,2024-01-05 07:00:00
u0125,conv0000190,sess0000376,A,1,4.02,2024-01-01 11:00:00
u0125,conv0000190,sess0000377,A,1,2.83,2024-01-04 19:00:00
u0125,conv0000191,sess0000378,A,1,3.19,2024-01-03 19:00:00
u0126,conv0000192,sess0000379,A,0,2.7,2024-01-05 09:00:00
u0126,conv0000192,sess0000380,A,1,3.62,2024-01-08 09:00:00
u0126,conv0000193,sess0000381,A,1,4.45,2024-01-06 17:00:00
u0126,conv0000193,sess0000382,A,1,4.37,2024-01-07 16:00:00
u0127,conv0000194,sess0000383,A,1,4.1,2024-01-03 00:00:00
u0127,conv0000194,sess0000384,A,1,4.77,2024-01-07 18:00:00
u0127,conv0000194,sess0000385,A,0,2.63,2024-01-07 15:00:00
u0127,conv0000194,sess0000386,A,0,2.29,2024-01-09 07:00:00
u0128,conv0000195,sess0000387,A,0,3.6,2024-01-02 05:00:00
u0128,conv0000195,sess0000388,A,1,5.0,2024-01-06 05:00:00
u0128,conv0000196,sess0000389,A,1,3.2,2024-01-07 03:00:00
u0128,conv0000196,sess0000390,A,0,3.19,2024-01-03 15:00:00
u0129,conv0000197,sess0000391,A,0,2.17,2024-01-02 13:00:00
u0129,conv0000197,sess0000392,A,0,2.73,2024-01-03 20:00:00
u0129,conv0000198,sess0000393,A,0,2.82,2024-01-01 09:00:00
u0129,conv0000198,sess0000394,A,1,4.6,2024-01-04 12:00:00
u0130,conv0000199,sess0000395,A,0,1.58,2024-01-03 14:00:00
u0130,conv0000199,sess0000396,A,1,4.1,2024-01-07 05:00:00
u0130,conv0000199,sess0000397,A,1,3.45,2024-01-07 15:00:00
u0130,conv0000199,sess0000398,A,0,1.46,2024-01-14 23:00:00
u0130,conv0000199,sess0000399,A,0,2.85,2024-01-08 00:00:00
u0131,conv0000200,sess0000400,A,1,4.34,2024-01-01 22:00:00
u0131,conv0000200,sess0000401,A,0,1.85,2024-01-07 00:00:00
u0131,conv0000201,sess0000402,A,0,2.86,2024-01-01 06:00:00
u0131,conv0000201,sess0000403,A,1,3.34,2024-01-08 05:00:00
u0132,conv0000202,sess0000404,A,0,3.26,2024-01-06 00:00:00
u0132,conv0000202,sess0000405,A,1,3.77,2024-01-04 03:00:00
u0133,conv0000203,sess0000406,A,1,3.21,2024-01-02 13:00:00
u0133,conv0000203,sess0000407,A,0,2.51,2024-01-04 01:00:00
u0133,conv0000203,sess0000408,A,0,3.5,2024-01-04 08:00:00
u0133,conv0000204,sess0000409,A,0,2.64,2024-01-03 21:00:00
u0133,conv0000204,sess0000410,A,0,2.21,2024-01-03 08:00:00
u0134,conv0000205,sess0000411,A,0,2.39,2024-01-03 18:00:00
u0134,conv0000205,sess0000412,A,0,0.79,2024-01-04 23:00:00
u0134,conv0000205,sess0000413,A,1,2.71,2024-01-02 20:00:00
u0135,conv0000206,sess0000414,A,0,0.71,2024-01-04 22:00:00
u0135,conv0000206,sess0000415,A,1,4.51,2024-01-04 05:00:00
u0135,conv0000206,sess0000416,A,1,3.21,2024-01-08 17:00:00
u0135,conv0000206,sess0000417,A,1,3.85,2024-01-11 01:00:00
u0135,conv0000206,sess0000418,A,0,1.9,2024-01-13 14:00:00
u0136,conv0000207,sess0000419,A,1,3.99,2024-01-01 15:00:00
u0137,conv0000208,sess0000420,A,1,3.79,2024-01-01 05:00:00
u0138,conv0000210,sess0000421,A,1,4.07,2024-01-07 22:00:00
u0138,conv0000210,sess0000422,A,1,5.0,2024-01-08 22:00:00
u0138,conv0000211,sess0000423,A,1,5.0,2024-01-06 15:00:00
u0139,conv0000212,sess0000424,A,1,4.43,2024-01-05 20:00:00
u0139,conv0000212,sess0000425,A,1,4.59,2024-01-06 16:00:00
u0139,conv0000213,sess0000426,A,1,3.93,2024-01-04 10:00:00
u0139,conv0000213,sess0000427,A,0,2.84,2024-01-06 19:00:00
u0140,conv0000214,sess0000428,A,0,2.23,2024-01-02 11:00:00
u0140,conv0000215,sess0000429,A,0,4.0,2024-01-03 05:00:00
u0141,conv0000216,sess0000430,A,1,4.73,2024-01-01 05:00:00
u0141,conv0000217,sess0000431,A,1,3.98,2024-01-03 17:00:00
u0142,conv0000218,sess0000432,A,0,2.7,2024-01-03 23:00:00
u0142,conv0000218,sess0000433,A,0,2.06,2024-01-07 22:00:00
u0143,conv0000219,sess0000434,A,1,5.0,2024-01-02 06:00:00
u0143,conv0000220,sess0000435,A,1,3.58,2024-01-01 17:00:00
u0144,conv0000221,sess0000436,A,1,4.3,2024-01-05 12:00:00
u0144,conv0000221,sess0000437,A,0,2.52,2024-01-06 05:00:00
u0144,conv0000221,sess0000438,A,1,4.66,2024-01-08 10:00:00
u0144,conv0000221,sess0000439,A,1,4.51,2024-01-08 22:00:00
u0145,conv0000222,sess0000440,A,0,1.9,2024-01-01 09:00:00
u0145,conv0000222,sess0000441,A,0,2.23,2024-01-05 00:00:00
u0145,conv0000222,sess0000442,A,1,4.34,2024-01-12 07:00:00
u0146,conv0000223,sess0000443,A,0,3.34,2024-01-06 10:00:00
u0146,conv0000223,sess0000444,A,0,2.22,2024-01-02 14:00:00
u0146,conv0000223,sess0000445,A,0,3.13,2024-01-06 11:00:00
u0146,conv0000223,sess0000446,A,0,3.0,2024-01-13 09:00:00
u0147,conv0000224,sess0000447,A,0,2.6,2024-01-06 12:00:00
u0148,conv0000225,sess0000448,A,1,4.15,2024-01-07 23:00:00
u0149,conv0000226,sess0000449,A,0,0.68,2024-01-03 05:00:00
u0149,conv0000226,sess0000450,A,0,1.46,2024-01-04 16:00:00
u0149,conv0000226,sess0000451,A,0,3.0,2024-01-02 09:00:00
u0149,conv0000226,sess0000452,A,1,4.12,2024-01-05 05:00:00
u0150,conv0000227,sess0000453,A,1,3.56,2024-01-06 22:00:00
u0150,conv0000227,sess0000454,A,0,2.44,2024-01-03 20:00:00
u0150,conv0000227,sess0000455,A,1,5.0,2024-01-12 12:00:00
u0150,conv0000227,sess0000456,A,1,3.45,2024-01-05 14:00:00
u0151,conv0000228,sess0000457,A,1,3.31,2024-01-05 20:00:00
u0151,conv0000228,sess0000458,A,0,2.16,2024-01-07 08:00:00
u0151,conv0000228,sess0000459,A,1,4.04,2024-01-08 17:00:00
u0151,conv0000228,sess0000460,A,0,2.97,2024-01-10 15:00:00
u0152,conv0000229,sess0000461,A,1,4.43,2024-01-06 00:00:00
u0152,conv0000229,sess0000462,A,0,1.33,2024-01-06 02:00:00
u0152,conv0000229,sess0000463,A,1,3.55,2024-01-05 06:00:00
u0153,conv0000230,sess0000464,A,0,2.08,2024-01-05 06:00:00
u0153,conv0000230,sess0000465,A,1,4.2,2024-01-05 10:00:00
u0154,conv0000231,sess0000466,A,0,2.21,2024-01-01 19:00:00
u0155,conv0000232,sess0000467,A,1,4.2,2024-01-02 22:00:00
u0155,conv0000232,sess0000468,A,0,2.93,2024-01-08 10:00:00
u0155,conv0000232,sess0000469,A,1,3.63,2024-01-05 00:00:00
u0156,conv0000233,sess0000470,A,0,0.98,2024-01-01 05:00:00
u0156,conv0000233,sess0000471,A,1,4.25,2024-01-03 12:00:00
u0156,conv0000234,sess0000472,A,0,2.64,2024-01-07 01:00:00
u0156,conv0000234,sess0000473,A,1,3.48,2024-01-07 13:00:00
u0157,conv0000235,sess0000474,A,1,4.35,2024-01-01 22:00:00
u0157,conv0000235,sess0000475,A,0,3.24,2024-01-07 20:00:00
u0157,conv0000235,sess0000476,A,0,4.1,2024-01-09 13:00:00
u0157,conv0000236,sess0000477,A,0,1.44,2024-01-02 03:00:00
u0157,conv0000236,sess0000478,A,0,1.69,2024-01-03 17:00:00
u0158,conv0000237,sess0000479,A,1,4.29,2024-01-05 03:00:00
u0159,conv0000238,sess0000480,A,1,5.0,2024-01-01 00:00:00
u0159,conv0000238,sess0000481,A,0,1.52,2024-01-09 14:00:00
u0159,conv0000239,sess0000482,A,1,4.25,2024-01-07 11:00:00
u0159,conv0000239,sess0000483,A,0,2.43,2024-01-05 02:00:00
u0160,conv0000240,sess0000484,A,1,4.46,2024-01-01 00:00:00
u0161,conv0000242,sess0000485,A,1,4.78,2024-01-06 04:00:00
u0161,conv0000242,sess0000486,A,1,2.41,2024-01-06 15:00:00
u0161,conv0000243,sess0000487,A,0,3.06,2024-01-02 02:00:00
u0161,conv0000243,sess0000488,A,1,3.47,2024-01-05 15:00:00
u0162,conv0000244,sess0000489,A,1,3.94,2024-01-04 04:00:00
u0162,conv0000244,sess0000490,A,1,4.29,2024-01-08 21:00:00
u0162,conv0000244,sess0000491,A,1,3.89,2024-01-05 13:00:00
u0162,conv0000244,sess0000492,A,0,1.29,2024-01-08 12:00:00
u0162,conv0000244,sess0000493,A,1,3.51,2024-01-07 20:00:00
u0163,conv0000245,sess0000494,A,1,3.83,2024-01-07 06:00:00
u0164,conv0000247,sess0000495,A,1,3.37,2024-01-03 21:00:00
u0164,conv0000247,sess0000496,A,1,3.79,2024-01-06 23:00:00
u0164,conv0000248,sess0000497,A,0,2.9,2024-01-04 20:00:00
u0165,conv0000249,sess0000498,A,0,2.34,2024-01-03 01:00:00
u0166,conv0000251,sess0000499,A,0,1.81,2024-01-04 00:00:00
u0166,conv0000251,sess0000500,A,1,3.25,2024-01-07 20:00:00
u0167,conv0000252,sess0000501,A,0,3.89,2024-01-01 17:00:00
u0167,conv0000252,sess0000502,A,1,2.9,2024-01-08 04:00:00
u0167,conv0000252,sess0000503,A,0,2.61,2024-01-06 18:00:00
u0167,conv0000252,sess0000504,A,1,4.01,2024-01-13 16:00:00
u0167,conv0000252,sess0000505,A,1,2.93,2024-01-14 23:00:00
u0168,conv0000253,sess0000506,A,0,2.62,2024-01-06 20:00:00
u0168,conv0000253,sess0000507,A,1,3.42,2024-01-03 13:00:00
u0168,conv0000253,sess0000508,A,1,4.73,2024-01-11 23:00:00
u0169,conv0000254,sess0000509,A,1,2.98,2024-01-02 09:00:00
u0169,conv0000254,sess0000510,A,0,3.41,2024-01-10 02:00:00
u0169,conv0000255,sess0000511,A,0,1.37,2024-01-07 18:00:00
u0170,conv0000256,sess0000512,A,1,4.32,2024-01-06 13:00:00
u0170,conv0000256,sess0000513,A,0,1.8,2024-01-01 19:00:00
u0171,conv0000257,sess0000514,A,1,3.87,2024-01-06 03:00:00
u0171,conv0000257,sess0000515,A,1,3.75,2024-01-07 05:00:00
u0171,conv0000257,sess0000516,A,1,3.24,2024-01-04 22:00:00
u0171,conv0000257,sess0000517,A,1,3.44,2024-01-11 14:00:00
u0172,conv0000258,sess0000518,A,1,3.5,2024-01-04 01:00:00
u0172,conv0000258,sess0000519,A,0,2.07,2024-01-04 11:00:00
u0172,conv0000259,sess0000520,A,0,2.34,2024-01-04 05:00:00
u0173,conv0000260,sess0000521,A,1,3.72,2024-01-04 10:00:00
u0173,conv0000260,sess0000522,A,0,2.56,2024-01-07 19:00:00
u0173,conv0000260,sess0000523,A,0,2.12,2024-01-06 21:00:00
u0173,conv0000260,sess0000524,A,0,3.54,2024-01-04 07:00:00
u0174,conv0000261,sess0000525,A,0,2.38,2024-01-02 07:00:00
u0174,conv0000261,sess0000526,A,1,4.66,2024-01-06 17:00:00
u0174,conv0000261,sess0000527,A,1,4.2,2024-01-05 17:00:00
u0174,conv0000262,sess0000528,A,1,2.61,2024-01-03 23:00:00
u0174,conv0000262,sess0000529,A,0,1.34,2024-01-09 06:00:00
u0175,conv0000263,sess0000530,A,0,1.9,2024-01-06 00:00:00
u0175,conv0000263,sess0000531,A,1,4.79,2024-01-09 20:00:00
u0175,conv0000264,sess0000532,A,0,1.61,2024-01-01 20:00:00
u0175,conv0000264,sess0000533,A,1,4.24,2024-01-09 21:00:00
u0176,conv0000265,sess0000534,A,0,2.37,2024-01-01 07:00:00
u0176,conv0000265,sess0000535,A,0,2.9,2024-01-02 18:00:00
u0176,conv0000266,sess0000536,A,1,3.81,2024-01-02 05:00:00
u0177,conv0000267,sess0000537,A,0,2.96,2024-01-03 05:00:00
u0177,conv0000267,sess0000538,A,1,3.91,2024-01-04 19:00:00
u0177,conv0000268,sess0000539,A,1,4.0,2024-01-02 10:00:00
u0177,conv0000268,sess0000540,A,1,4.28,2024-01-06 09:00:00
u0178,conv0000269,sess0000541,A,1,2.98,2024-01-04 09:00:00
u0178,conv0000269,sess0000542,A,0,3.25,2024-01-02 08:00:00
u0178,conv0000269,sess0000543,A,0,2.02,2024-01-09 19:00:00
u0178,conv0000270,sess0000544,A,1,5.0,2024-01-05 02:00:00
u0178,conv0000270,sess0000545,A,1,3.54,2024-01-07 14:00:00
u0179,conv0000271,sess0000546,A,1,4.79,2024-01-04 07:00:00
u0180,conv0000272,sess0000547,A,1,3.95,2024-01-03 19:00:00
u0180,conv0000272,sess0000548,A,0,1.87,2024-01-09 01:00:00
u0180,conv0000272,sess0000549,A,1,3.9,2024-01-08 04:00:00
u0180,conv0000272,sess0000550,A,0,1.95,2024-01-09 16:00:00
u0180,conv0000272,sess0000551,A,0,3.31,2024-01-10 11:00:00
u0181,conv0000273,sess0000552,A,1,2.87,2024-01-06 23:00:00
u0181,conv0000273,sess0000553,A,0,3.63,2024-01-05 15:00:00
u0181,conv0000273,sess0000554,A,1,4.08,2024-01-06 22:00:00
u0181,conv0000273,sess0000555,A,0,1.22,2024-01-05 00:00:00
u0181,conv0000273,sess0000556,A,0,3.48,2024-01-10 09:00:00
u0182,conv0000274,sess0000557,A,0,1.57,2024-01-05 07:00:00
u0182,conv0000274,sess0000558,A,1,4.82,2024-01-06 10:00:00
u0182,conv0000275,sess0000559,A,0,2.99,2024-01-07 20:00:00
u0183,conv0000276,sess0000560,A,1,4.12,2024-01-05 01:00:00
u0183,conv0000276,sess0000561,A,0,2.04,2024-01-04 16:00:00
u0183,conv0000276,sess0000562,A,1,4.12,2024-01-08 22:00:00
u0183,conv0000277,sess0000563,A,0,1.38,2024-01-01 06:00:00
u0183,conv0000277,sess0000564,A,1,4.78,2024-01-09 03:00:00
u0184,conv0000278,sess0000565,A,0,1.66,2024-01-06 11:00:00
u0184,conv0000278,sess0000566,A,0,2.24,2024-01-04 07:00:00
u0184,conv0000278,sess0000567,A,1,4.48,2024-01-04 11:00:00
u0185,conv0000279,sess0000568,A,0,1.71,2024-01-01 03:00:00
u0185,conv0000279,sess0000569,A,1,3.35,2024-01-05 16:00:00
u0185,conv0000279,sess0000570,A,0,2.58,2024-01-06 00:00:00
u0186,conv0000280,sess0000571,A,0,3.67,2024-01-02 19:00:00
u0187,conv0000282,sess0000572,A,0,1.16,2024-01-06 10:00:00
u0187,conv0000282,sess0000573,A,1,4.95,2024-01-03 14:00:00
u0188,conv0000283,sess0000574,A,1,4.66,2024-01-07 22:00:00
u0189,conv0000284,sess0000575,A,1,4.3,2024-01-01 22:00:00
u0189,conv0000284,sess0000576,A,0,1.44,2024-01-05 13:00:00
u0189,conv0000284,sess0000577,A,0,1.22,2024-01-11 09:00:00
u0189,conv0000285,sess0000578,A,0,3.74,2024-01-05 07:00:00
u0189,conv0000285,sess0000579,A,1,3.71,2024-01-08 13:00:00
u0190,conv0000286,sess0000580,A,0,2.36,2024-01-01 21:00:00
u0190,conv0000286,sess0000581,A,1,3.98,2024-01-08 19:00:00
u0190,conv0000286,sess0000582,A,0,3.21,2024-01-05 04:00:00
u0190,conv0000287,sess0000583,A,1,4.1,2024-01-06 08:00:00
u0190,conv0000287,sess0000584,A,0,2.37,2024-01-05 05:00:00
u0191,conv0000288,sess0000585,A,1,5.0,2024-01-05 04:00:00
u0191,conv0000288,sess0000586,A,1,3.21,2024-01-07 01:00:00
u0191,conv0000289,sess0000587,A,0,3.4,2024-01-04 01:00:00
u0192,conv0000290,sess0000588,A,1,5.0,2024-01-04 07:00:00
u0192,conv0000290,sess0000589,A,1,2.87,2024-01-10 12:00:00
u0192,conv0000290,sess0000590,A,1,4.4,2024-01-10 22:00:00
u0192,conv0000290,sess0000591,A,1,3.44,2024-01-11 02:00:00
u0193,conv0000291,sess0000592,A,0,3.63,2024-01-04 01:00:00
u0193,conv0000291,sess0000593,A,1,5.0,2024-01-06 00:00:00
u0193,conv0000291,sess0000594,A,1,3.23,2024-01-11 22:00:00
u0193,conv0000291,sess0000595,A,0,2.85,2024-01-08 00:00:00
u0193,conv0000291,sess0000596,A,0,2.03,2024-01-05 04:00:00
u0194,conv0000292,sess0000597,A,1,5.0,2024-01-06 09:00:00
u0195,conv0000294,sess0000598,A,1,2.98,2024-01-04 22:00:00
u0196,conv0000296,sess0000599,A,0,0.95,2024-01-04 10:00:00
u0196,conv0000296,sess0000600,A,1,4.0,2024-01-06 17:00:00
u0196,conv0000297,sess0000601,A,1,3.53,2024-01-02 22:00:00
u0196,conv0000297,sess0000602,A,0,1.43,2024-01-08 02:00:00
u0197,conv0000298,sess0000603,A,1,4.25,2024-01-04 16:00:00
u0197,conv0000298,sess0000604,A,1,5.0,2024-01-09 20:00:00
u0197,conv0000298,sess0000605,A,1,5.0,2024-01-04 04:00:00
u0197,conv0000298,sess0000606,A,0,2.99,2024-01-10 06:00:00
u0198,conv0000299,sess0000607,A,1,4.74,2024-01-07 17:00:00
u0198,conv0000299,sess0000608,A,1,2.66,2024-01-02 20:00:00
u0198,conv0000299,sess0000609,A,0,3.21,2024-01-07 21:00:00
u0198,conv0000299,sess0000610,A,0,1.58,2024-01-10 12:00:00
u0199,conv0000300,sess0000611,A,0,2.51,2024-01-04 13:00:00
u0199,conv0000300,sess0000612,A,1,3.53,2024-01-08 00:00:00
u0199,conv0000300,sess0000613,A,1,3.42,2024-01-02 08:00:00
u0199,conv0000300,sess0000614,A,1,3.67,2024-01-12 05:00:00
u0200,conv0000301,sess0000615,A,1,3.82,2024-01-07 18:00:00
u0201,conv0000302,sess0000616,A,1,3.96,2024-01-03 08:00:00
u0201,conv0000302,sess0000617,A,0,1.44,2024-01-02 07:00:00
u0201,conv0000302,sess0000618,A,1,4.96,2024-01-07 19:00:00
u0201,conv0000302,sess0000619,A,0,2.54,2024-01-08 14:00:00
u0201,conv0000302,sess0000620,A,1,3.88,2024-01-09 06:00:00
u0202,conv0000303,sess0000621,A,1,4.96,2024-01-05 20:00:00
u0202,conv0000303,sess0000622,A,1,3.69,2024-01-06 03:00:00
u0202,conv0000303,sess0000623,A,1,4.66,2024-01-07 02:00:00
u0202,conv0000303,sess0000624,A,1,4.14,2024-01-09 23:00:00
u0202,conv0000303,sess0000625,A,1,4.56,2024-01-14 03:00:00
u0203,conv0000304,sess0000626,A,1,3.55,2024-01-03 08:00:00
u0203,conv0000304,sess0000627,A,0,2.02,2024-01-04 15:00:00
u0203,conv0000304,sess0000628,A,1,4.45,2024-01-09 05:00:00
u0203,conv0000304,sess0000629,A,0,2.52,2024-01-11 03:00:00
u0204,conv0000305,sess0000630,A,1,4.16,2024-01-02 11:00:00
u0204,conv0000306,sess0000631,A,0,2.38,2024-01-02 23:00:00
u0205,conv0000307,sess0000632,A,0,2.43,2024-01-01 14:00:00
u0205,conv0000308,sess0000633,A,1,3.41,2024-01-07 17:00:00
u0206,conv0000309,sess0000634,A,1,3.18,2024-01-04 00:00:00
u0206,conv0000309,sess0000635,A,1,4.12,2024-01-04 20:00:00
u0206,conv0000309,sess0000636,A,1,2.94,2024-01-10 07:00:00
u0207,conv0000310,sess0000637,A,0,3.59,2024-01-01 18:00:00
u0207,conv0000310,sess0000638,A,1,3.57,2024-01-04 21:00:00
u0207,conv0000310,sess0000639,A,0,3.0,2024-01-08 22:00:00
u0208,conv0000311,sess0000640,A,0,1.53,2024-01-01 19:00:00
u0208,conv0000311,sess0000641,A,0,1.04,2024-01-06 12:00:00
u0208,conv0000311,sess0000642,A,1,3.7,2024-01-08 09:00:00
u0209,conv0000312,sess0000643,A,1,3.45,2024-01-03 00:00:00
u0209,conv0000312,sess0000644,A,1,4.02,2024-01-10 02:00:00
u0209,conv0000313,sess0000645,A,0,2.88,2024-01-02 23:00:00
u0209,conv0000313,sess0000646,A,0,1.51,2024-01-09 15:00:00
u0210,conv0000314,sess0000647,A,1,2.56,2024-01-07 22:00:00
u0211,conv0000316,sess0000648,A,1,3.72,2024-01-05 03:00:00
u0211,conv0000316,sess0000649,A,1,5.0,2024-01-08 10:00:00
u0211,conv0000317,sess0000650,A,1,3.13,2024-01-02 09:00:00
u0211,conv0000317,sess0000651,A,1,4.01,2024-01-04 10:00:00
u0212,conv0000318,sess0000652,A,1,3.58,2024-01-04 17:00:00
u0212,conv0000318,sess0000653,A,1,2.71,2024-01-09 00:00:00
u0212,conv0000318,sess0000654,A,0,2.99,2024-01-11 13:00:00
u0212,conv0000318,sess0000655,A,1,3.17,2024-01-07 00:00:00
u0213,conv0000319,sess0000656,A,0,2.77,2024-01-07 18:00:00
u0213,conv0000319,sess0000657,A,0,1.0,2024-01-06 00:00:00
u0213,conv0000319,sess0000658,A,1,4.17,2024-01-07 09:00:00
u0214,conv0000320,sess0000659,A,1,4.06,2024-01-07 05:00:00
u0215,conv0000321,sess0000660,A,0,1.97,2024-01-05 00:00:00
u0215,conv0000321,sess0000661,A,0,2.31,2024-01-05 13:00:00
u0216,conv0000322,sess0000662,A,1,4.94,2024-01-05 09:00:00
u0216,conv0000322,sess0000663,A,1,2.46,2024-01-02 21:00:00
u0216,conv0000322,sess0000664,A,0,2.2,2024-01-04 15:00:00
u0216,conv0000322,sess0000665,A,1,4.08,2024-01-06 02:00:00
u0217,conv0000323,sess0000666,A,0,3.5,2024-01-01 10:00:00
u0217,conv0000324,sess0000667,A,1,4.42,2024-01-06 08:00:00
u0218,conv0000325,sess0000668,A,1,3.93,2024-01-05 04:00:00
u0218,conv0000326,sess0000669,A,0,2.39,2024-01-02 10:00:00
u0219,conv0000327,sess0000670,A,1,4.0,2024-01-03 11:00:00
u0220,conv0000328,sess0000671,A,1,3.84,2024-01-01 01:00:00
u0220,conv0000329,sess0000672,A,1,3.53,2024-01-05 10:00:00
u0221,conv0000330,sess0000673,A,1,4.15,2024-01-06 10:00:00
u0221,conv0000330,sess0000674,A,0,2.25,2024-01-05 13:00:00
u0221,conv0000330,sess0000675,A,0,2.34,2024-01-10 23:00:00
u0221,conv0000331,sess0000676,A,0,1.53,2024-01-01 14:00:00
u0221,conv0000331,sess0000677,A,0,1.78,2024-01-07 19:00:00
u0222,conv0000332,sess0000678,A,0,2.54,2024-01-03 04:00:00
u0222,conv0000332,sess0000679,A,1,4.45,2024-01-07 05:00:00
u0222,conv0000333,sess0000680,A,0,2.0,2024-01-03 12:00:00
u0222,conv0000333,sess0000681,A,1,3.64,2024-01-07 20:00:00
u0223,conv0000334,sess0000682,A,1,3.92,2024-01-06 12:00:00
u0223,conv0000334,sess0000683,A,0,3.97,2024-01-03 22:00:00
u0223,conv0000334,sess0000684,A,0,2.65,2024-01-07 22:00:00
u0223,conv0000334,sess0000685,A,1,4.38,2024-01-11 05:00:00
u0223,conv0000334,sess0000686,A,1,3.61,2024-01-18 09:00:00
u0224,conv0000335,sess0000687,A,1,3.31,2024-01-07 10:00:00
u0224,conv0000336,sess0000688,A,1,4.05,2024-01-06 13:00:00
u0225,conv0000337,sess0000689,A,1,2.73,2024-01-05 03:00:00
u0226,conv0000339,sess0000690,A,1,3.19,2024-01-02 00:00:00
u0226,conv0000339,sess0000691,A,0,3.43,2024-01-04 11:00:00
u0226,conv0000339,sess0000692,A,1,3.77,2024-01-08 14:00:00
u0226,conv0000339,sess0000693,A,0,0.6,2024-01-13 17:00:00
u0226,conv0000339,sess0000694,A,1,5.0,2024-01-09 03:00:00
u0227,conv0000340,sess0000695,A,0,3.16,2024-01-03 22:00:00
u0227,conv0000340,sess0000696,A,1,2.64,2024-01-05 14:00:00
u0227,conv0000341,sess0000697,A,1,2.8,2024-01-07 01:00:00
u0227,conv0000341,sess0000698,A,1,4.64,2024-01-05 23:00:00
u0228,conv0000342,sess0000699,A,1,3.79,2024-01-05 10:00:00
u0229,conv0000344,sess0000700,A,0,2.7,2024-01-03 16:00:00
u0229,conv0000344,sess0000701,A,1,4.43,2024-01-07 22:00:00
u0229,conv0000344,sess0000702,A,1,3.95,2024-01-12 11:00:00
u0230,conv0000345,sess0000703,A,0,2.6,2024-01-03 18:00:00
u0230,conv0000345,sess0000704,A,0,2.37,2024-01-04 10:00:00
u0230,conv0000346,sess0000705,A,1,4.16,2024-01-04 16:00:00
u0230,conv0000346,sess0000706,A,0,1.39,2024-01-08 08:00:00
u0231,conv0000347,sess0000707,A,0,2.5,2024-01-05 02:00:00
u0232,conv0000349,sess0000708,A,0,2.27,2024-01-03 18:00:00
u0232,conv0000349,sess0000709,A,0,3.33,2024-01-04 05:00:00
u0232,conv0000349,sess0000710,A,0,2.21,2024-01-07 02:00:00
u0233,conv0000350,sess0000711,A,1,3.65,2024-01-05 12:00:00
u0233,conv0000350,sess0000712,A,1,3.56,2024-01-03 01:00:00
u0233,conv0000350,sess0000713,A,0,2.69,2024-01-12 14:00:00
u0233,conv0000351,sess0000714,A,1,3.54,2024-01-07 12:00:00
u0233,conv0000351,sess0000715,A,0,3.78,2024-01-06 21:00:00
u0234,conv0000352,sess0000716,A,0,2.68,2024-01-04 20:00:00
u0234,conv0000352,sess0000717,A,1,5.0,2024-01-05 14:00:00
u0234,conv0000353,sess0000718,A,1,3.68,2024-01-06 19:00:00
u0235,conv0000354,sess0000719,A,0,2.98,2024-01-04 09:00:00
u0235,conv0000354,sess0000720,A,1,3.34,2024-01-04 15:00:00
u0235,conv0000355,sess0000721,A,1,4.0,2024-01-01 01:00:00
u0236,conv0000356,sess0000722,A,1,4.43,2024-01-01 21:00:00
u0237,conv0000357,sess0000723,A,0,2.22,2024-01-05 10:00:00
u0237,conv0000357,sess0000724,A,0,2.92,2024-01-06 11:00:00
u0237,conv0000357,sess0000725,A,0,1.98,2024-01-05 12:00:00
u0237,conv0000358,sess0000726,A,1,4.2,2024-01-07 15:00:00
u0237,conv0000358,sess0000727,A,0,4.0,2024-01-06 19:00:00
u0238,conv0000359,sess0000728,A,1,3.67,2024-01-03 01:00:00
u0238,conv0000359,sess0000729,A,0,1.81,2024-01-06 00:00:00
u0239,conv0000360,sess0000730,A,1,4.57,2024-01-01 02:00:00
u0239,conv0000360,sess0000731,A,0,3.49,2024-01-03 08:00:00
u0239,conv0000360,sess0000732,A,0,1.13,2024-01-08 09:00:00
u0239,conv0000360,sess0000733,A,0,2.01,2024-01-16 00:00:00
u0239,conv0000360,sess0000734,A,1,3.54,2024-01-08 06:00:00
u0240,conv0000361,sess0000735,A,1,2.95,2024-01-01 02:00:00
u0240,conv0000361,sess0000736,A,1,4.79,2024-01-09 02:00:00
u0241,conv0000362,sess0000737,A,1,5.0,2024-01-06 22:00:00
u0241,conv0000362,sess0000738,A,1,3.24,2024-01-05 21:00:00
u0241,conv0000363,sess0000739,A,1,3.34,2024-01-01 17:00:00
u0242,conv0000364,sess0000740,A,1,3.12,2024-01-04 11:00:00
u0242,conv0000364,sess0000741,A,1,4.75,2024-01-10 03:00:00
u0242,conv0000365,sess0000742,A,1,4.33,2024-01-06 21:00:00
u0243,conv0000366,sess0000743,A,0,2.68,2024-01-03 01:00:00
u0243,conv0000366,sess0000744,A,1,3.08,2024-01-07 19:00:00
u0243,conv0000366,sess0000745,A,0,2.47,2024-01-06 11:00:00
u0243,conv0000366,sess0000746,A,1,3.84,2024-01-11 20:00:00
u0244,conv0000367,sess0000747,A,1,4.48,2024-01-01 10:00:00
u0245,conv0000368,sess0000748,A,1,4.63,2024-01-07 07:00:00
u0245,conv0000368,sess0000749,A,0,3.39,2024-01-09 18:00:00
u0245,conv0000368,sess0000750,A,0,2.77,2024-01-05 13:00:00
u0245,conv0000368,sess0000751,A,0,0.9,2024-01-05 22:00:00
u0246,conv0000369,sess0000752,A,0,1.73,2024-01-05 02:00:00
u0246,conv0000369,sess0000753,A,0,3.15,2024-01-07 20:00:00
u0247,conv0000370,sess0000754,A,1,4.27,2024-01-03 11:00:00
u0247,conv0000370,sess0000755,A,1,4.37,2024-01-06 05:00:00
u0247,conv0000370,sess0000756,A,0,3.0,2024-01-08 01:00:00
u0247,conv0000370,sess0000757,A,1,3.93,2024-01-11 02:00:00
u0248,conv0000371,sess0000758,A,0,3.67,2024-01-03 04:00:00
u0248,conv0000371,sess0000759,A,1,3.04,2024-01-07 12:00:00
u0248,conv0000372,sess0000760,A,0,2.79,2024-01-06 14:00:00
u0248,conv0000372,sess0000761,A,1,3.65,2024-01-09 09:00:00
u0249,conv0000373,sess0000762,A,0,3.63,2024-01-05 07:00:00
u0249,conv0000373,sess0000763,A,1,4.52,2024-01-04 01:00:00
u0249,conv0000373,sess0000764,A,1,3.75,2024-01-05 21:00:00
u0249,conv0000374,sess0000765,A,0,1.43,2024-01-03 02:00:00
u0249,conv0000374,sess0000766,A,1,3.53,2024-01-08 20:00:00
u0250,conv0000375,sess0000767,A,0,2.56,2024-01-02 10:00:00
u0250,conv0000375,sess0000768,A,1,2.91,2024-01-04 04:00:00
u0250,conv0000375,sess0000769,A,1,3.98,2024-01-06 13:00:00
u0250,conv0000375,sess0000770,A,0,2.31,2024-01-09 11:00:00
u0250,conv0000375,sess0000771,A,1,3.81,2024-01-06 10:00:00
u0251,conv0000376,sess0000772,A,1,4.38,2024-01-03 02:00:00
u0251,conv0000376,sess0000773,A,1,4.25,2024-01-08 22:00:00
u0251,conv0000376,sess0000774,A,1,3.76,2024-01-09 11:00:00
u0252,conv0000377,sess0000775,A,1,3.35,2024-01-04 01:00:00
u0252,conv0000377,sess0000776,A,1,4.69,2024-01-05 12:00:00
u0252,conv0000377,sess0000777,A,1,4.57,2024-01-07 06:00:00
u0253,conv0000378,sess0000778,A,0,3.97,2024-01-03 21:00:00
u0253,conv0000378,sess0000779,A,1,4.35,2024-01-05 17:00:00
u0254,conv0000379,sess0000780,A,1,4.4,2024-01-02 14:00:00
u0254,conv0000379,sess0000781,A,0,2.55,2024-01-04 19:00:00
u0255,conv0000380,sess0000782,A,1,4.41,2024-01-02 00:00:00
u0255,conv0000380,sess0000783,A,1,4.31,2024-01-04 09:00:00
u0255,conv0000380,sess0000784,A,1,4.14,2024-01-04 09:00:00
u0256,conv0000381,sess0000785,A,1,4.06,2024-01-04 12:00:00
u0256,conv0000382,sess0000786,A,1,4.89,2024-01-07 08:00:00
u0257,conv0000383,sess0000787,A,1,4.11,2024-01-05 04:00:00
u0257,conv0000383,sess0000788,A,1,4.42,2024-01-05 14:00:00
u0257,conv0000383,sess0000789,A,0,1.73,2024-01-08 14:00:00
u0257,conv0000383,sess0000790,A,1,4.03,2024-01-08 14:00:00
u0257,conv0000383,sess0000791,A,0,3.02,2024-01-14 15:00:00
u0258,conv0000384,sess0000792,A,1,5.0,2024-01-07 16:00:00
u0258,conv0000384,sess0000793,A,1,3.58,2024-01-08 10:00:00
u0258,conv0000385,sess0000794,A,1,3.33,2024-01-01 04:00:00
u0259,conv0000386,sess0000795,A,0,2.64,2024-01-06 04:00:00
u0260,conv0000388,sess0000796,A,0,2.37,2024-01-03 17:00:00
u0260,conv0000388,sess0000797,A,1,3.9,2024-01-03 18:00:00
u0260,conv0000388,sess0000798,A,0,2.22,2024-01-05 11:00:00
u0261,conv0000389,sess0000799,A,1,4.28,2024-01-01 09:00:00
u0261,conv0000389,sess0000800,A,0,3.95,2024-01-09 04:00:00
u0261,conv0000389,sess0000801,A,0,3.43,2024-01-07 04:00:00
u0261,conv0000390,sess0000802,A,0,2.6,2024-01-03 13:00:00
u0261,conv0000390,sess0000803,A,0,2.62,2024-01-07 02:00:00
u0262,conv0000391,sess0000804,A,1,4.4,2024-01-07 01:00:00
u0262,conv0000391,sess0000805,A,0,1.79,2024-01-07 07:00:00
u0262,conv0000391,sess0000806,A,1,5.0,2024-01-08 16:00:00
u0262,conv0000392,sess0000807,A,0,3.07,2024-01-04 12:00:00
u0262,conv0000392,sess0000808,A,0,0.9,2024-01-05 09:00:00
u0263,conv0000393,sess0000809,A,1,3.24,2024-01-05 18:00:00
u0263,conv0000393,sess0000810,A,1,4.43,2024-01-07 05:00:00
u0263,conv0000393,sess0000811,A,1,3.26,2024-01-11 02:00:00
u0263,conv0000393,sess0000812,A,1,3.57,2024-01-07 09:00:00
u0263,conv0000393,sess0000813,A,1,3.61,2024-01-08 02:00:00
u0264,conv0000394,sess0000814,A,0,4.08,2024-01-05 03:00:00
u0265,conv0000395,sess0000815,A,0,4.04,2024-01-03 22:00:00
u0265,conv0000395,sess0000816,A,1,3.45,2024-01-04 21:00:00
u0266,conv0000396,sess0000817,A,1,4.92,2024-01-04 02:00:00
u0266,conv0000396,sess0000818,A,1,3.05,2024-01-04 10:00:00
u0266,conv0000396,sess0000819,A,0,1.37,2024-01-06 06:00:00
u0266,conv0000396,sess0000820,A,1,3.79,2024-01-03 12:00:00
u0266,conv0000396,sess0000821,A,1,3.54,2024-01-19 07:00:00
u0267,conv0000397,sess0000822,A,0,2.92,2024-01-05 18:00:00
u0267,conv0000397,sess0000823,A,1,3.87,2024-01-03 01:00:00
u0267,conv0000398,sess0000824,A,1,3.9,2024-01-03 04:00:00
u0267,conv0000398,sess0000825,A,0,3.25,2024-01-05 15:00:00
u0268,conv0000399,sess0000826,A,1,5.0,2024-01-05 03:00:00
u0268,conv0000399,sess0000827,A,1,3.82,2024-01-05 05:00:00
u0268,conv0000399,sess0000828,A,0,3.34,2024-01-06 14:00:00
u0268,conv0000399,sess0000829,A,1,4.22,2024-01-13 06:00:00
u0269,conv0000400,sess0000830,A,1,3.28,2024-01-03 22:00:00
u0269,conv0000400,sess0000831,A,1,4.04,2024-01-05 02:00:00
u0269,conv0000400,sess0000832,A,0,3.3,2024-01-09 03:00:00
u0269,conv0000401,sess0000833,A,0,1.45,2024-01-04 08:00:00
u0269,conv0000401,sess0000834,A,0,3.4,2024-01-03 03:00:00
u0270,conv0000402,sess0000835,A,1,3.12,2024-01-03 07:00:00
u0271,conv0000404,sess0000836,A,0,2.77,2024-01-04 00:00:00
u0271,conv0000405,sess0000837,A,0,3.51,2024-01-07 15:00:00
u0272,conv0000406,sess0000838,A,0,2.5,2024-01-01 03:00:00
u0272,conv0000407,sess0000839,A,1,4.64,2024-01-02 15:00:00
u0273,conv0000408,sess0000840,A,1,4.43,2024-01-01 19:00:00
u0273,conv0000408,sess0000841,A,1,3.23,2024-01-04 22:00:00
u0273,conv0000408,sess0000842,A,0,3.89,2024-01-06 08:00:00
u0274,conv0000409,sess0000843,A,1,2.83,2024-01-01 11:00:00
u0275,conv0000410,sess0000844,A,0,3.0,2024-01-06 20:00:00
u0276,conv0000412,sess0000845,A,1,4.31,2024-01-07 02:00:00
u0277,conv0000414,sess0000846,A,1,3.52,2024-01-07 03:00:00
u0277,conv0000414,sess0000847,A,1,3.86,2024-01-04 21:00:00
u0277,conv0000414,sess0000848,A,0,2.56,2024-01-08 03:00:00
u0277,conv0000414,sess0000849,A,0,1.66,2024-01-06 07:00:00
u0277,conv0000414,sess0000850,A,0,2.25,2024-01-05 10:00:00
u0278,conv0000415,sess0000851,A,0,3.46,2024-01-07 20:00:00
u0279,conv0000416,sess0000852,A,1,3.58,2024-01-07 21:00:00
u0280,conv0000417,sess0000853,A,1,4.7,2024-01-07 14:00:00
u0280,conv0000417,sess0000854,A,1,4.21,2024-01-08 14:00:00
u0280,conv0000417,sess0000855,A,1,3.63,2024-01-10 17:00:00
u0280,conv0000417,sess0000856,A,1,4.92,2024-01-09 05:00:00
u0281,conv0000418,sess0000857,A,1,4.17,2024-01-03 05:00:00
u0281,conv0000418,sess0000858,A,1,3.08,2024-01-08 06:00:00
u0281,conv0000419,sess0000859,A,1,3.43,2024-01-04 19:00:00
u0281,conv0000419,sess0000860,A,0,3.25,2024-01-04 13:00:00
u0282,conv0000420,sess0000861,A,0,2.22,2024-01-06 21:00:00
u0282,conv0000420,sess0000862,A,1,2.7,2024-01-06 17:00:00
u0282,conv0000421,sess0000863,A,1,2.91,2024-01-01 05:00:00
u0283,conv0000422,sess0000864,A,0,3.11,2024-01-05 06:00:00
u0283,conv0000422,sess0000865,A,1,4.09,2024-01-09 09:00:00
u0283,conv0000422,sess0000866,A,1,3.78,2024-01-06 02:00:00
u0284,conv0000423,sess0000867,A,1,5.0,2024-01-06 07:00:00
u0284,conv0000423,sess0000868,A,0,1.99,2024-01-07 19:00:00
u0284,conv0000423,sess0000869,A,1,3.77,2024-01-09 02:00:00
u0284,conv0000423,sess0000870,A,1,3.6,2024-01-08 13:00:00
u0285,conv0000424,sess0000871,A,0,2.67,2024-01-07 20:00:00
u0285,conv0000424,sess0000872,A,0,2.13,2024-01-04 11:00:00
u0285,conv0000425,sess0000873,A,0,2.33,2024-01-06 06:00:00
u0285,conv0000425,sess0000874,A,1,4.85,2024-01-08 09:00:00
u0286,conv0000426,sess0000875,A,0,1.32,2024-01-05 23:00:00
u0286,conv0000426,sess0000876,A,1,4.16,2024-01-04 18:00:00
u0286,conv0000426,sess0000877,A,1,4.17,2024-01-06 18:00:00
u0286,conv0000426,sess0000878,A,0,1.37,2024-01-06 10:00:00
u0287,conv0000427,sess0000879,A,1,3.33,2024-01-04 08:00:00
u0287,conv0000427,sess0000880,A,1,3.78,2024-01-06 20:00:00
u0287,conv0000427,sess0000881,A,1,3.01,2024-01-09 02:00:00
u0288,conv0000428,sess0000882,A,0,1.09,2024-01-04 15:00:00
u0288,conv0000428,sess0000883,A,1,2.98,2024-01-02 02:00:00
u0288,conv0000429,sess0000884,A,1,4.05,2024-01-02 20:00:00
u0289,conv0000430,sess0000885,A,0,2.01,2024-01-04 00:00:00
u0289,conv0000430,sess0000886,A,0,2.04,2024-01-06 18:00:00
u0289,conv0000430,sess0000887,A,0,1.88,2024-01-04 12:00:00
u0289,conv0000431,sess0000888,A,1,4.63,2024-01-05 04:00:00
u0289,conv0000431,sess0000889,A,0,2.32,2024-01-04 20:00:00
u0290,conv0000432,sess0000890,A,1,3.45,2024-01-05 01:00:00
u0290,conv0000433,sess0000891,A,1,3.8,2024-01-02 09:00:00
u0291,conv0000434,sess0000892,A,1,2.82,2024-01-03 13:00:00
u0292,conv0000436,sess0000893,A,0,1.51,2024-01-01 09:00:00
u0292,conv0000436,sess0000894,A,0,2.79,2024-01-04 04:00:00
u0292,conv0000436,sess0000895,A,0,3.39,2024-01-09 21:00:00
u0293,conv0000437,sess0000896,A,0,2.25,2024-01-02 08:00:00
u0293,conv0000437,sess0000897,A,1,4.22,2024-01-07 21:00:00
u0293,conv0000437,sess0000898,A,0,1.42,2024-01-12 20:00:00
u0294,conv0000438,sess0000899,A,1,4.06,2024-01-01 15:00:00
u0294,conv0000438,sess0000900,A,0,1.33,2024-01-03 07:00:00
u0294,conv0000438,sess0000901,A,1,4.84,2024-01-12 21:00:00
u0294,conv0000439,sess0000902,A,1,5.0,2024-01-02 13:00:00
u0294,conv0000439,sess0000903,A,1,2.96,2024-01-03 14:00:00
u0295,conv0000440,sess0000904,A,0,2.3,2024-01-07 00:00:00
u0295,conv0000440,sess0000905,A,1,2.65,2024-01-03 15:00:00
u0295,conv0000441,sess0000906,A,0,3.29,2024-01-06 05:00:00
u0296,conv0000442,sess0000907,A,1,3.84,2024-01-04 07:00:00
u0296,conv0000442,sess0000908,A,1,3.87,2024-01-04 07:00:00
u0297,conv0000443,sess0000909,A,0,2.74,2024-01-05 03:00:00
u0297,conv0000443,sess0000910,A,1,4.52,2024-01-08 11:00:00
u0297,conv0000443,sess0000911,A,1,4.43,2024-01-13 07:00:00
u0298,conv0000444,sess0000912,A,1,3.91,2024-01-06 23:00:00
u0298,conv0000444,sess0000913,A,0,3.32,2024-01-05 04:00:00
u0298,conv0000445,sess0000914,A,0,1.89,2024-01-03 14:00:00
u0298,conv0000445,sess0000915,A,1,2.83,2024-01-08 16:00:00
u0299,conv0000446,sess0000916,A,1,3.67,2024-01-03 15:00:00
u0299,conv0000446,sess0000917,A,0,3.65,2024-01-05 21:00:00
u0299,conv0000447,sess0000918,A,1,3.63,2024-01-05 21:00:00
u0299,conv0000447,sess0000919,A,1,3.75,2024-01-05 00:00:00
u0300,conv0000448,sess0000920,A,0,2.19,2024-01-03 18:00:00
u0300,conv0000448,sess0000921,A,1,4.74,2024-01-06 22:00:00
u0301,conv0000449,sess0000922,A,1,4.0,2024-01-07 10:00:00
u0301,conv0000450,sess0000923,A,1,3.84,2024-01-03 17:00:00
u0302,conv0000451,sess0000924,A,1,3.44,2024-01-07 23:00:00
u0302,conv0000451,sess0000925,A,1,3.35,2024-01-08 14:00:00
u0302,conv0000451,sess0000926,A,1,3.96,2024-01-08 14:00:00
u0302,conv0000452,sess0000927,A,0,3.12,2024-01-05 14:00:00
u0302,conv0000452,sess0000928,A,1,3.32,2024-01-06 00:00:00
u0303,conv0000453,sess0000929,A,1,3.48,2024-01-01 08:00:00
u0303,conv0000453,sess0000930,A,1,2.97,2024-01-03 16:00:00
u0303,conv0000453,sess0000931,A,1,5.0,2024-01-11 23:00:00
u0303,conv0000453,sess0000932,A,1,4.43,2024-01-09 23:00:00
u0304,conv0000454,sess0000933,A,0,3.43,2024-01-06 06:00:00
u0304,conv0000454,sess0000934,A,0,2.87,2024-01-03 10:00:00
u0304,conv0000455,sess0000935,A,1,2.73,2024-01-07 08:00:00
u0304,conv0000455,sess0000936,A,0,2.23,2024-01-02 21:00:00
u0305,conv0000456,sess0000937,A,0,2.2,2024-01-05 10:00:00
u0305,conv0000456,sess0000938,A,1,5.0,2024-01-08 03:00:00
u0305,conv0000456,sess0000939,A,1,3.68,2024-01-09 15:00:00
u0305,conv0000456,sess0000940,A,1,4.47,2024-01-11 06:00:00
u0306,conv0000457,sess0000941,A,1,4.37,2024-01-02 16:00:00
u0306,conv0000457,sess0000942,A,0,2.71,2024-01-06 17:00:00
u0306,conv0000457,sess0000943,A,1,4.2,2024-01-07 16:00:00
u0306,conv0000458,sess0000944,A,1,4.81,2024-01-03 11:00:00
u0306,conv0000458,sess0000945,A,1,4.4,2024-01-03 06:00:00
u0307,conv0000459,sess0000946,A,0,2.32,2024-01-06 18:00:00
u0308,conv0000460,sess0000947,A,1,4.75,2024-01-03 21:00:00
u0308,conv0000460,sess0000948,A,0,3.27,2024-01-05 20:00:00
u0308,conv0000460,sess0000949,A,1,4.05,2024-01-11 02:00:00
u0308,conv0000460,sess0000950,A,0,2.88,2024-01-04 03:00:00
u0309,conv0000461,sess0000951,A,1,2.93,2024-01-07 14:00:00
u0309,conv0000461,sess0000952,A,1,4.5,2024-01-06 08:00:00
u0309,conv0000462,sess0000953,A,0,2.91,2024-01-07 10:00:00
u0310,conv0000463,sess0000954,A,0,2.53,2024-01-07 17:00:00
u0310,conv0000463,sess0000955,A,0,1.8,2024-01-02 16:00:00
u0310,conv0000464,sess0000956,A,1,3.97,2024-01-05 08:00:00
u0310,conv0000464,sess0000957,A,1,4.4,2024-01-06 23:00:00
u0311,conv0000465,sess0000958,A,0,2.38,2024-01-04 08:00:00
u0311,conv0000465,sess0000959,A,1,3.11,2024-01-06 00:00:00
u0311,conv0000465,sess0000960,A,1,4.73,2024-01-10 17:00:00
u0311,conv0000465,sess0000961,A,0,2.43,2024-01-04 16:00:00
u0311,conv0000465,sess0000962,A,1,4.03,2024-01-07 01:00:00
u0312,conv0000466,sess0000963,A,1,4.01,2024-01-03 17:00:00
u0312,conv0000466,sess0000964,A,1,5.0,2024-01-07 12:00:00
u0312,conv0000467,sess0000965,A,1,3.87,2024-01-07 23:00:00
u0312,conv0000467,sess0000966,A,1,5.0,2024-01-08 09:00:00
u0313,conv0000468,sess0000967,A,0,2.43,2024-01-03 16:00:00
u0313,conv0000468,sess0000968,A,0,2.71,2024-01-03 17:00:00
u0314,conv0000469,sess0000969,A,1,3.28,2024-01-02 12:00:00
u0314,conv0000469,sess0000970,A,1,4.51,2024-01-09 01:00:00
u0315,conv0000470,sess0000971,A,0,2.37,2024-01-01 19:00:00
u0315,conv0000470,sess0000972,A,1,3.81,2024-01-04 23:00:00
u0315,conv0000471,sess0000973,A,1,4.96,2024-01-06 16:00:00
u0316,conv0000472,sess0000974,A,0,3.1,2024-01-07 06:00:00
u0316,conv0000472,sess0000975,A,1,3.94,2024-01-07 19:00:00
u0316,conv0000472,sess0000976,A,0,2.04,2024-01-08 19:00:00
u0316,conv0000473,sess0000977,A,1,4.22,2024-01-03 06:00:00
u0316,conv0000473,sess0000978,A,1,4.37,2024-01-05 11:00:00
u0317,conv0000474,sess0000979,A,1,2.63,2024-01-01 20:00:00
u0317,conv0000474,sess0000980,A,0,2.68,2024-01-03 19:00:00
u0317,conv0000474,sess0000981,A,0,2.89,2024-01-10 10:00:00
u0317,conv0000474,sess0000982,A,1,4.68,2024-01-12 23:00:00
u0318,conv0000475,sess0000983,A,0,1.58,2024-01-03 03:00:00
u0318,conv0000475,sess0000984,A,0,1.48,2024-01-05 22:00:00
u0319,conv0000476,sess0000985,A,1,4.9,2024-01-04 12:00:00
u0320,conv0000477,sess0000986,A,1,4.76,2024-01-03 05:00:00
u0320,conv0000477,sess0000987,A,1,2.93,2024-01-05 00:00:00
u0321,conv0000478,sess0000988,A,1,3.78,2024-01-02 19:00:00
u0322,conv0000479,sess0000989,A,0,3.83,2024-01-02 19:00:00
u0322,conv0000479,sess0000990,A,0,2.52,2024-01-06 08:00:00
u0322,conv0000479,sess0000991,A,1,3.91,2024-01-10 14:00:00
u0322,conv0000479,sess0000992,A,1,3.82,2024-01-10 03:00:00
u0323,conv0000480,sess0000993,A,1,4.66,2024-01-04 22:00:00
u0323,conv0000480,sess0000994,A,1,3.96,2024-01-05 11:00:00
u0323,conv0000481,sess0000995,A,1,3.63,2024-01-02 04:00:00
u0324,conv0000482,sess0000996,A,1,3.99,2024-01-02 04:00:00
u0325,conv0000483,sess0000997,A,1,5.0,2024-01-01 21:00:00
u0325,conv0000483,sess0000998,A,1,2.3,2024-01-07 12:00:00
u0325,conv0000483,sess0000999,A,1,2.7,2024-01-06 10:00:00
u0325,conv0000483,sess0001000,A,0,2.02,2024-01-07 01:00:00
u0325,conv0000483,sess0001001,A,0,1.35,2024-01-12 05:00:00
u0326,conv0000484,sess0001002,A,1,4.29,2024-01-05 00:00:00
u0326,conv0000484,sess0001003,A,0,2.17,2024-01-09 23:00:00
u0326,conv0000485,sess0001004,A,1,3.83,2024-01-02 14:00:00
u0326,conv0000485,sess0001005,A,0,3.66,2024-01-08 10:00:00
u0327,conv0000486,sess0001006,A,1,5.0,2024-01-01 10:00:00
u0327,conv0000486,sess0001007,A,1,4.32,2024-01-05 02:00:00
u0327,conv0000486,sess0001008,A,1,4.04,2024-01-07 17:00:00
u0328,conv0000487,sess0001009,A,1,5.0,2024-01-03 23:00:00
u0328,conv0000487,sess0001010,A,0,2.05,2024-01-02 09:00:00
u0328,conv0000488,sess0001011,A,0,2.8,2024-01-04 15:00:00
u0328,conv0000488,sess0001012,A,0,3.09,2024-01-08 09:00:00
u0329,conv0000489,sess0001013,A,0,3.36,2024-01-07 03:00:00
u0329,conv0000489,sess0001014,A,1,3.89,2024-01-06 04:00:00
u0329,conv0000490,sess0001015,A,0,3.13,2024-01-06 15:00:00
u0329,conv0000490,sess0001016,A,0,1.89,2024-01-07 05:00:00
u0330,conv0000491,sess0001017,A,1,3.65,2024-01-03 07:00:00
u0330,conv0000491,sess0001018,A,1,3.1,2024-01-03 11:00:00
u0330,conv0000491,sess0001019,A,1,3.07,2024-01-07 16:00:00
u0330,conv0000491,sess0001020,A,0,2.2,2024-01-08 11:00:00
u0330,conv0000491,sess0001021,A,0,3.23,2024-01-11 08:00:00
u0331,conv0000492,sess0001022,A,1,5.0,2024-01-04 13:00:00
u0331,conv0000493,sess0001023,A,0,1.84,2024-01-03 03:00:00
u0332,conv0000494,sess0001024,A,0,1.94,2024-01-01 22:00:00
u0332,conv0000494,sess0001025,A,1,4.51,2024-01-05 22:00:00
u0332,conv0000495,sess0001026,A,1,4.75,2024-01-01 23:00:00
u0332,conv0000495,sess0001027,A,1,5.0,2024-01-06 23:00:00
u0333,conv0000496,sess0001028,A,0,3.2,2024-01-06 17:00:00
u0333,conv0000496,sess0001029,A,1,3.02,2024-01-04 03:00:00
u0333,conv0000496,sess0001030,A,0,2.4,2024-01-06 22:00:00
u0333,conv0000497,sess0001031,A,1,2.91,2024-01-02 12:00:00
u0333,conv0000497,sess0001032,A,0,1.67,2024-01-04 14:00:00
u0334,conv0000498,sess0001033,A,0,2.55,2024-01-04 11:00:00
u0334,conv0000498,sess0001034,A,0,1.81,2024-01-07 04:00:00
u0334,conv0000498,sess0001035,A,1,4.03,2024-01-08 11:00:00
u0334,conv0000499,sess0001036,A,1,2.61,2024-01-01 03:00:00
u0334,conv0000499,sess0001037,A,1,4.22,2024-01-07 02:00:00
u0335,conv0000500,sess0001038,A,1,4.1,2024-01-01 21:00:00
u0335,conv0000500,sess0001039,A,1,4.38,2024-01-08 04:00:00
u0335,conv0000500,sess0001040,A,0,2.26,2024-01-10 19:00:00
u0335,conv0000500,sess0001041,A,0,2.97,2024-01-13 04:00:00
u0336,conv0000501,sess0001042,A,1,3.49,2024-01-03 01:00:00
u0337,conv0000502,sess0001043,A,1,3.38,2024-01-07 21:00:00
u0337,conv0000502,sess0001044,A,0,2.36,2024-01-05 03:00:00
u0337,conv0000503,sess0001045,A,1,4.17,2024-01-01 00:00:00
u0337,conv0000503,sess0001046,A,0,2.73,2024-01-09 23:00:00
u0338,conv0000504,sess0001047,A,1,3.66,2024-01-04 15:00:00
u0338,conv0000504,sess0001048,A,1,2.92,2024-01-03 23:00:00
u0338,conv0000504,sess0001049,A,0,2.75,2024-01-09 06:00:00
u0338,conv0000505,sess0001050,A,0,1.97,2024-01-05 18:00:00
u0338,conv0000505,sess0001051,A,1,4.73,2024-01-04 11:00:00
u0339,conv0000506,sess0001052,A,1,4.07,2024-01-01 11:00:00
u0339,conv0000506,sess0001053,A,1,4.34,2024-01-06 01:00:00
u0339,conv0000507,sess0001054,A,1,4.75,2024-01-07 16:00:00
u0340,conv0000508,sess0001055,A,1,4.73,2024-01-07 13:00:00
u0341,conv0000509,sess0001056,A,0,2.2,2024-01-02 04:00:00
u0341,conv0000510,sess0001057,A,1,4.01,2024-01-01 04:00:00
u0342,conv0000511,sess0001058,A,0,2.45,2024-01-03 18:00:00
u0342,conv0000511,sess0001059,A,1,3.08,2024-01-07 09:00:00
u0342,conv0000511,sess0001060,A,0,3.01,2024-01-05 05:00:00
u0343,conv0000512,sess0001061,A,1,4.83,2024-01-06 03:00:00
u0343,conv0000513,sess0001062,A,1,3.61,2024-01-05 18:00:00
u0344,conv0000514,sess0001063,A,1,4.14,2024-01-06 14:00:00
u0344,conv0000514,sess0001064,A,0,2.49,2024-01-05 07:00:00
u0345,conv0000515,sess0001065,A,1,4.02,2024-01-03 22:00:00
u0345,conv0000515,sess0001066,A,0,1.95,2024-01-08 22:00:00
u0345,conv0000515,sess0001067,A,1,4.41,2024-01-10 05:00:00
u0346,conv0000516,sess0001068,A,1,4.22,2024-01-01 09:00:00
u0346,conv0000516,sess0001069,A,0,1.84,2024-01-09 10:00:00
u0346,conv0000516,sess0001070,A,1,4.81,2024-01-11 04:00:00
u0346,conv0000516,sess0001071,A,1,4.57,2024-01-13 00:00:00
u0347,conv0000517,sess0001072,A,1,3.98,2024-01-03 18:00:00
u0347,conv0000517,sess0001073,A,1,3.08,2024-01-10 08:00:00
u0347,conv0000517,sess0001074,A,1,3.39,2024-01-06 12:00:00
u0348,conv0000518,sess0001075,A,0,3.18,2024-01-05 19:00:00
u0349,conv0000520,sess0001076,A,1,3.02,2024-01-05 05:00:00
u0349,conv0000520,sess0001077,A,1,2.64,2024-01-07 22:00:00
u0349,conv0000521,sess0001078,A,1,3.78,2024-01-06 00:00:00
u0350,conv0000522,sess0001079,A,1,4.79,2024-01-05 19:00:00
u0350,conv0000522,sess0001080,A,0,1.6,2024-01-01 17:00:00
u0350,conv0000523,sess0001081,A,1,2.47,2024-01-02 01:00:00
u0350,conv0000523,sess0001082,A,0,2.15,2024-01-06 11:00:00
u0351,conv0000524,sess0001083,A,1,2.96,2024-01-03 17:00:00
u0351,conv0000524,sess0001084,A,1,3.82,2024-01-10 00:00:00
u0351,conv0000524,sess0001085,A,0,2.26,2024-01-07 14:00:00
u0351,conv0000524,sess0001086,A,1,3.88,2024-01-08 12:00:00
u0352,conv0000525,sess0001087,A,1,4.39,2024-01-05 13:00:00
u0352,conv0000525,sess0001088,A,1,4.76,2024-01-05 11:00:00
u0352,conv0000525,sess0001089,A,1,3.71,2024-01-05 23:00:00
u0352,conv0000525,sess0001090,A,1,3.98,2024-01-10 04:00:00
u0353,conv0000526,sess0001091,A,1,3.25,2024-01-03 07:00:00
u0353,conv0000526,sess0001092,A,0,2.07,2024-01-10 06:00:00
u0354,conv0000527,sess0001093,A,0,1.18,2024-01-01 04:00:00
u0354,conv0000527,sess0001094,A,1,4.11,2024-01-04 08:00:00
u0354,conv0000527,sess0001095,A,1,3.08,2024-01-11 04:00:00
u0354,conv0000527,sess0001096,A,0,1.82,2024-01-11 13:00:00
u0354,conv0000527,sess0001097,A,1,5.0,2024-01-08 18:00:00
u0355,conv0000528,sess0001098,A,0,3.02,2024-01-04 20:00:00
u0355,conv0000528,sess0001099,A,0,3.02,2024-01-07 22:00:00
u0355,conv0000528,sess0001100,A,1,5.0,2024-01-07 05:00:00
u0355,conv0000529,sess0001101,A,0,3.11,2024-01-01 19:00:00
u0355,conv0000529,sess0001102,A,1,2.93,2024-01-07 18:00:00
u0356,conv0000530,sess0001103,A,1,3.33,2024-01-07 19:00:00
u0356,conv0000530,sess0001104,A,1,4.32,2024-01-08 18:00:00
u0356,conv0000531,sess0001105,A,1,3.93,2024-01-02 09:00:00
u0356,conv0000531,sess0001106,A,0,1.76,2024-01-08 13:00:00
u0357,conv0000532,sess0001107,A,1,2.6,2024-01-03 14:00:00
u0357,conv0000533,sess0001108,A,0,3.07,2024-01-01 08:00:00
u0358,conv0000534,sess0001109,A,1,3.45,2024-01-07 09:00:00
u0358,conv0000534,sess0001110,A,1,3.59,2024-01-04 14:00:00
u0358,conv0000534,sess0001111,A,1,4.38,2024-01-08 05:00:00
u0358,conv0000534,sess0001112,A,1,3.83,2024-01-10 03:00:00
u0358,conv0000534,sess0001113,A,1,4.99,2024-01-16 20:00:00
u0359,conv0000535,sess0001114,A,0,2.17,2024-01-03 03:00:00
u0359,conv0000535,sess0001115,A,1,4.21,2024-01-03 17:00:00
u0360,conv0000536,sess0001116,A,0,2.3,2024-01-03 04:00:00
u0360,conv0000536,sess0001117,A,1,4.59,2024-01-04 15:00:00
u0360,conv0000537,sess0001118,A,0,3.55,2024-01-01 04:00:00
u0361,conv0000538,sess0001119,A,1,4.66,2024-01-04 10:00:00
u0362,conv0000540,sess0001120,A,0,3.8,2024-01-02 16:00:00
u0362,conv0000540,sess0001121,A,0,1.69,2024-01-09 10:00:00
u0362,conv0000541,sess0001122,A,0,0.51,2024-01-05 10:00:00
u0363,conv0000542,sess0001123,A,0,0.05,2024-01-01 22:00:00
u0363,conv0000542,sess0001124,A,0,2.94,2024-01-04 05:00:00
u0363,conv0000542,sess0001125,A,1,3.41,2024-01-06 18:00:00
u0364,conv0000543,sess0001126,A,1,3.97,2024-01-05 08:00:00
u0364,conv0000543,sess0001127,A,1,5.0,2024-01-03 01:00:00
u0365,conv0000544,sess0001128,A,1,2.41,2024-01-05 10:00:00
u0365,conv0000545,sess0001129,A,1,3.01,2024-01-02 03:00:00
u0366,conv0000546,sess0001130,A,1,3.98,2024-01-05 16:00:00
u0366,conv0000546,sess0001131,A,0,1.5,2024-01-07 18:00:00
u0366,conv0000546,sess0001132,A,1,3.57,2024-01-10 00:00:00
u0366,conv0000546,sess0001133,A,1,3.75,2024-01-13 22:00:00
u0366,conv0000546,sess0001134,A,0,1.7,2024-01-08 07:00:00
u0367,conv0000547,sess0001135,A,1,3.78,2024-01-03 22:00:00
u0367,conv0000547,sess0001136,A,1,4.3,2024-01-04 10:00:00
u0367,conv0000547,sess0001137,A,1,3.71,2024-01-05 16:00:00
u0367,conv0000548,sess0001138,A,1,3.32,2024-01-03 20:00:00
u0367,conv0000548,sess0001139,A,0,0.87,2024-01-09 13:00:00
u0368,conv0000549,sess0001140,A,1,4.0,2024-01-05 03:00:00
u0368,conv0000549,sess0001141,A,1,3.96,2024-01-06 08:00:00
u0368,conv0000550,sess0001142,A,1,3.85,2024-01-03 04:00:00
u0369,conv0000551,sess0001143,A,0,3.0,2024-01-04 22:00:00
u0369,conv0000551,sess0001144,A,1,3.66,2024-01-08 07:00:00
u0369,conv0000552,sess0001145,A,0,3.22,2024-01-07 06:00:00
u0370,conv0000553,sess0001146,A,1,3.92,2024-01-01 19:00:00
u0370,conv0000553,sess0001147,A,1,4.13,2024-01-03 23:00:00
u0370,conv0000553,sess0001148,A,1,5.0,2024-01-06 00:00:00
u0370,conv0000553,sess0001149,A,1,4.54,2024-01-14 00:00:00
u0370,conv0000553,sess0001150,A,0,2.24,2024-01-05 20:00:00
u0371,conv0000554,sess0001151,A,0,1.52,2024-01-07 21:00:00
u0371,conv0000554,sess0001152,A,1,3.93,2024-01-03 10:00:00
u0371,conv0000555,sess0001153,A,1,3.96,2024-01-07 01:00:00
u0371,conv0000555,sess0001154,A,0,1.2,2024-01-08 07:00:00
u0372,conv0000556,sess0001155,A,1,4.01,2024-01-02 21:00:00
u0372,conv0000556,sess0001156,A,0,2.02,2024-01-06 03:00:00
u0372,conv0000557,sess0001157,A,0,2.97,2024-01-05 16:00:00
u0373,conv0000558,sess0001158,A,1,3.93,2024-01-01 14:00:00
u0373,conv0000558,sess0001159,A,0,3.41,2024-01-06 16:00:00
u0373,conv0000558,sess0001160,A,0,2.33,2024-01-08 08:00:00
u0373,conv0000558,sess0001161,A,1,4.04,2024-01-08 18:00:00
u0374,conv0000559,sess0001162,A,1,2.7,2024-01-02 05:00:00
u0375,conv0000560,sess0001163,A,1,3.74,2024-01-04 21:00:00
u0376,conv0000561,sess0001164,A,1,4.32,2024-01-05 17:00:00
u0376,conv0000561,sess0001165,A,1,4.12,2024-01-04 00:00:00
u0376,conv0000562,sess0001166,A,1,3.51,2024-01-03 03:00:00
u0377,conv0000563,sess0001167,A,0,2.39,2024-01-04 12:00:00
u0377,conv0000563,sess0001168,A,1,3.62,2024-01-03 14:00:00
u0378,conv0000564,sess0001169,A,1,3.05,2024-01-03 13:00:00
u0379,conv0000566,sess0001170,A,1,4.45,2024-01-03 05:00:00
u0379,conv0000567,sess0001171,A,0,1.9,2024-01-04 02:00:00
u0380,conv0000568,sess0001172,A,0,2.02,2024-01-03 23:00:00
u0380,conv0000569,sess0001173,A,1,3.68,2024-01-01 01:00:00
u0381,conv0000570,sess0001174,A,1,4.2,2024-01-01 08:00:00
u0381,conv0000570,sess0001175,A,1,4.11,2024-01-08 19:00:00
u0381,conv0000570,sess0001176,A,1,5.0,2024-01-08 17:00:00
u0381,conv0000570,sess0001177,A,0,2.22,2024-01-12 04:00:00
u0381,conv0000570,sess0001178,A,0,1.71,2024-01-05 23:00:00
u0382,conv0000571,sess0001179,A,1,2.75,2024-01-04 17:00:00
u0382,conv0000571,sess0001180,A,0,3.45,2024-01-02 19:00:00
u0382,conv0000571,sess0001181,A,1,5.0,2024-01-08 14:00:00
u0382,conv0000571,sess0001182,A,0,3.1,2024-01-13 15:00:00
u0383,conv0000572,sess0001183,A,1,2.96,2024-01-05 22:00:00
u0383,conv0000572,sess0001184,A,1,3.83,2024-01-02 06:00:00
u0383,conv0000573,sess0001185,A,0,3.44,2024-01-03 12:00:00
u0384,conv0000574,sess0001186,A,1,4.19,2024-01-03 01:00:00
u0384,conv0000574,sess0001187,A,0,3.87,2024-01-05 04:00:00
u0384,conv0000574,sess0001188,A,0,1.67,2024-01-04 15:00:00
u0385,conv0000575,sess0001189,A,1,4.32,2024-01-07 15:00:00
u0386,conv0000577,sess0001190,A,0,2.22,2024-01-04 13:00:00
u0386,conv0000577,sess0001191,A,0,1.37,2024-01-06 17:00:00
u0387,conv0000578,sess0001192,A,0,3.17,2024-01-07 02:00:00
u0388,conv0000580,sess0001193,A,0,2.89,2024-01-04 10:00:00
u0388,conv0000581,sess0001194,A,1,3.9,2024-01-04 19:00:00
u0389,conv0000582,sess0001195,A,1,5.0,2024-01-06 19:00:00
u0390,conv0000584,sess0001196,A,0,3.27,2024-01-06 03:00:00
u0390,conv0000584,sess0001197,A,1,3.22,2024-01-08 12:00:00
u0390,conv0000584,sess0001198,A,0,1.9,2024-01-05 20:00:00
u0390,conv0000585,sess0001199,A,1,4.74,2024-01-01 10:00:00
u0390,conv0000585,sess0001200,A,1,4.0,2024-01-01 18:00:00
u0391,conv0000586,sess0001201,A,0,1.64,2024-01-02 07:00:00
u0391,conv0000587,sess0001202,A,0,2.63,2024-01-05 12:00:00
u0392,conv0000588,sess0001203,A,1,3.06,2024-01-06 13:00:00
u0392,conv0000588,sess0001204,A,0,3.31,2024-01-04 23:00:00
u0392,conv0000589,sess0001205,A,1,3.0,2024-01-01 02:00:00
u0392,conv0000589,sess0001206,A,1,4.12,2024-01-05 21:00:00
u0393,conv0000590,sess0001207,A,1,4.4,2024-01-04 21:00:00
u0393,conv0000590,sess0001208,A,1,3.11,2024-01-07 15:00:00
u0393,conv0000590,sess0001209,A,1,4.4,2024-01-10 16:00:00
u0393,conv0000590,sess0001210,A,1,4.28,2024-01-06 15:00:00
u0393,conv0000590,sess0001211,A,1,3.52,2024-01-10 21:00:00
u0394,conv0000591,sess0001212,A,1,4.73,2024-01-01 18:00:00
u0394,conv0000591,sess0001213,A,0,1.99,2024-01-07 02:00:00
u0394,conv0000592,sess0001214,A,0,2.47,2024-01-05 12:00:00
u0395,conv0000593,sess0001215,A,0,2.08,2024-01-07 08:00:00
u0395,conv0000593,sess0001216,A,0,1.95,2024-01-10 13:00:00
u0395,conv0000593,sess0001217,A,1,4.93,2024-01-04 05:00:00
u0395,conv0000593,sess0001218,A,1,3.79,2024-01-11 21:00:00
u0395,conv0000593,sess0001219,A,1,4.99,2024-01-07 07:00:00
u0396,conv0000594,sess0001220,A,1,3.34,2024-01-05 02:00:00
u0396,conv0000594,sess0001221,A,1,3.62,2024-01-07 08:00:00
u0396,conv0000595,sess0001222,A,0,1.7,2024-01-01 20:00:00
u0396,conv0000595,sess0001223,A,1,3.87,2024-01-02 19:00:00
u0397,conv0000596,sess0001224,A,1,3.16,2024-01-04 11:00:00
u0397,conv0000596,sess0001225,A,0,2.88,2024-01-08 01:00:00
u0397,conv0000597,sess0001226,A,0,2.37,2024-01-04 00:00:00
u0397,conv0000597,sess0001227,A,1,4.16,2024-01-08 21:00:00
u0398,conv0000598,sess0001228,A,0,1.37,2024-01-05 03:00:00
u0398,conv0000598,sess0001229,A,0,2.56,2024-01-05 18:00:00
u0398,conv0000598,sess0001230,A,1,3.36,2024-01-09 09:00:00
u0399,conv0000599,sess0001231,A,1,5.0,2024-01-01 09:00:00
u0399,conv0000599,sess0001232,A,1,3.9,2024-01-04 05:00:00
u0399,conv0000599,sess0001233,A,0,1.38,2024-01-12 03:00:00
u0399,conv0000599,sess0001234,A,1,3.69,2024-01-11 21:00:00
u0400,conv0000600,sess0001235,A,1,4.23,2024-01-02 21:00:00
u0400,conv0000600,sess0001236,A,1,4.56,2024-01-02 22:00:00
u0400,conv0000600,sess0001237,A,1,3.14,2024-01-10 14:00:00
u0400,conv0000600,sess0001238,A,0,2.62,2024-01-09 09:00:00
u0400,conv0000600,sess0001239,A,1,5.0,2024-01-08 23:00:00
u0401,conv0000601,sess0001240,A,1,3.42,2024-01-01 14:00:00
u0401,conv0000601,sess0001241,A,1,3.79,2024-01-06 00:00:00
u0401,conv0000602,sess0001242,A,0,2.64,2024-01-06 08:00:00
u0401,conv0000602,sess0001243,A,1,3.19,2024-01-03 12:00:00
u0402,conv0000603,sess0001244,A,1,3.46,2024-01-03 07:00:00
u0403,conv0000604,sess0001245,A,1,4.84,2024-01-04 07:00:00
u0404,conv0000606,sess0001246,A,1,4.35,2024-01-03 17:00:00
u0404,conv0000606,sess0001247,A,1,5.0,2024-01-05 23:00:00
u0404,conv0000606,sess0001248,A,1,4.08,2024-01-11 17:00:00
u0404,conv0000607,sess0001249,A,0,1.46,2024-01-04 08:00:00
u0404,conv0000607,sess0001250,A,1,4.3,2024-01-10 06:00:00
u0405,conv0000608,sess0001251,A,0,1.07,2024-01-06 00:00:00
u0405,conv0000608,sess0001252,A,1,4.3,2024-01-03 10:00:00
u0405,conv0000608,sess0001253,A,1,4.21,2024-01-11 05:00:00
u0405,conv0000608,sess0001254,A,0,3.38,2024-01-09 11:00:00
u0406,conv0000609,sess0001255,A,0,1.17,2024-01-01 03:00:00
u0407,conv0000611,sess0001256,A,1,3.46,2024-01-06 17:00:00
u0407,conv0000611,sess0001257,A,1,4.38,2024-01-06 00:00:00
u0407,conv0000611,sess0001258,A,1,4.08,2024-01-09 22:00:00
u0407,conv0000611,sess0001259,A,0,3.56,2024-01-11 04:00:00
u0407,conv0000611,sess0001260,A,0,2.82,2024-01-17 03:00:00
u0408,conv0000612,sess0001261,A,1,4.04,2024-01-02 18:00:00
u0409,conv0000614,sess0001262,A,1,2.85,2024-01-06 09:00:00
u0410,conv0000616,sess0001263,A,1,4.72,2024-01-06 04:00:00
u0410,conv0000616,sess0001264,A,1,3.87,2024-01-05 01:00:00
u0410,conv0000616,sess0001265,A,1,4.44,2024-01-05 09:00:00
u0410,conv0000616,sess0001266,A,0,1.34,2024-01-13 03:00:00
u0411,conv0000617,sess0001267,A,0,1.18,2024-01-04 03:00:00
u0411,conv0000618,sess0001268,A,1,4.53,2024-01-06 08:00:00
u0412,conv0000619,sess0001269,A,0,2.0,2024-01-05 17:00:00
u0412,conv0000620,sess0001270,A,1,4.72,2024-01-03 07:00:00
u0413,conv0000621,sess0001271,A,0,2.84,2024-01-04 17:00:00
u0413,conv0000621,sess0001272,A,1,4.23,2024-01-07 07:00:00
u0413,conv0000621,sess0001273,A,1,5.0,2024-01-05 07:00:00
u0414,conv0000622,sess0001274,A,1,4.23,2024-01-03 03:00:00
u0414,conv0000622,sess0001275,A,0,3.54,2024-01-03 06:00:00
u0414,conv0000622,sess0001276,A,1,4.95,2024-01-06 14:00:00
u0414,conv0000622,sess0001277,A,0,2.65,2024-01-12 01:00:00
u0415,conv0000623,sess0001278,A,1,3.44,2024-01-07 22:00:00
u0415,conv0000624,sess0001279,A,0,2.69,2024-01-03 01:00:00
u0416,conv0000625,sess0001280,A,1,3.62,2024-01-06 21:00:00
u0416,conv0000625,sess0001281,A,1,2.8,2024-01-04 14:00:00
u0416,conv0000625,sess0001282,A,1,3.87,2024-01-12 06:00:00
u0416,conv0000625,sess0001283,A,0,3.53,2024-01-10 12:00:00
u0417,conv0000626,sess0001284,A,1,3.64,2024-01-05 17:00:00
u0417,conv0000626,sess0001285,A,1,4.76,2024-01-09 02:00:00
u0417,conv0000626,sess0001286,A,1,4.27,2024-01-06 19:00:00
u0417,conv0000626,sess0001287,A,1,4.29,2024-01-11 06:00:00
u0417,conv0000626,sess0001288,A,1,4.85,2024-01-06 20:00:00
u0418,conv0000627,sess0001289,A,1,4.33,2024-01-06 02:00:00
u0418,conv0000628,sess0001290,A,1,4.05,2024-01-01 18:00:00
u0419,conv0000629,sess0001291,A,1,3.99,2024-01-01 07:00:00
u0420,conv0000630,sess0001292,A,1,3.87,2024-01-05 18:00:00
u0420,conv0000630,sess0001293,A,1,2.87,2024-01-07 15:00:00
u0420,conv0000630,sess0001294,A,0,2.48,2024-01-06 04:00:00
u0421,conv0000631,sess0001295,A,0,3.37,2024-01-06 00:00:00
u0421,conv0000631,sess0001296,A,1,3.73,2024-01-04 01:00:00
u0421,conv0000632,sess0001297,A,1,4.77,2024-01-01 06:00:00
u0421,conv0000632,sess0001298,A,1,3.79,2024-01-03 16:00:00
u0422,conv0000633,sess0001299,A,0,0.44,2024-01-04 15:00:00
u0422,conv0000633,sess0001300,A,0,2.17,2024-01-08 02:00:00
u0423,conv0000634,sess0001301,A,0,2.7,2024-01-03 04:00:00
u0424,conv0000636,sess0001302,A,1,3.39,2024-01-06 15:00:00
u0425,conv0000637,sess0001303,A,0,3.5,2024-01-04 07:00:00
u0425,conv0000638,sess0001304,A,1,5.0,2024-01-02 11:00:00
u0426,conv0000639,sess0001305,A,1,3.4,2024-01-05 04:00:00
u0426,conv0000639,sess0001306,A,1,3.71,2024-01-05 13:00:00
u0426,conv0000639,sess0001307,A,0,2.46,2024-01-05 06:00:00
u0426,conv0000639,sess0001308,A,0,1.78,2024-01-13 16:00:00
u0426,conv0000639,sess0001309,A,1,5.0,2024-01-06 17:00:00
u0427,conv0000640,sess0001310,A,0,2.14,2024-01-06 14:00:00
u0427,conv0000640,sess0001311,A,1,3.38,2024-01-02 04:00:00
u0427,conv0000641,sess0001312,A,1,3.73,2024-01-05 23:00:00
u0427,conv0000641,sess0001313,A,1,3.77,2024-01-05 10:00:00
u0428,conv0000642,sess0001314,A,1,3.2,2024-01-02 23:00:00
u0428,conv0000642,sess0001315,A,0,2.67,2024-01-04 22:00:00
u0429,conv0000643,sess0001316,A,1,3.64,2024-01-01 05:00:00
u0429,conv0000643,sess0001317,A,0,3.03,2024-01-04 00:00:00
u0430,conv0000644,sess0001318,A,0,3.04,2024-01-01 04:00:00
u0430,conv0000644,sess0001319,A,1,2.39,2024-01-03 08:00:00
u0430,conv0000645,sess0001320,A,1,4.98,2024-01-02 23:00:00
u0431,conv0000646,sess0001321,A,0,2.49,2024-01-03 14:00:00
u0432,conv0000648,sess0001322,A,1,4.02,2024-01-02 13:00:00
u0432,conv0000649,sess0001323,A,0,2.05,2024-01-03 15:00:00
u0433,conv0000650,sess0001324,A,1,4.41,2024-01-05 14:00:00
u0433,conv0000650,sess0001325,A,1,5.0,2024-01-04 22:00:00
u0433,conv0000650,sess0001326,A,0,3.54,2024-01-11 10:00:00
u0433,conv0000650,sess0001327,A,0,1.03,2024-01-10 04:00:00
u0434,conv0000651,sess0001328,A,0,2.29,2024-01-02 20:00:00
u0434,conv0000651,sess0001329,A,1,3.69,2024-01-04 07:00:00
u0434,conv0000652,sess0001330,A,1,4.02,2024-01-03 07:00:00
u0435,conv0000653,sess0001331,A,1,3.01,2024-01-05 09:00:00
u0435,conv0000654,sess0001332,A,1,4.01,2024-01-05 20:00:00
u0436,conv0000655,sess0001333,A,1,3.18,2024-01-01 19:00:00
u0436,conv0000655,sess0001334,A,1,4.17,2024-01-05 13:00:00
u0436,conv0000655,sess0001335,A,1,4.06,2024-01-09 23:00:00
u0436,conv0000656,sess0001336,A,0,2.68,2024-01-04 05:00:00
u0436,conv0000656,sess0001337,A,1,3.76,2024-01-05 22:00:00
u0437,conv0000657,sess0001338,A,0,2.95,2024-01-05 06:00:00
u0437,conv0000657,sess0001339,A,1,3.98,2024-01-09 05:00:00
u0437,conv0000657,sess0001340,A,1,4.45,2024-01-05 00:00:00
u0437,conv0000658,sess0001341,A,0,3.06,2024-01-07 12:00:00
u0437,conv0000658,sess0001342,A,1,4.84,2024-01-07 07:00:00
u0438,conv0000659,sess0001343,A,0,1.88,2024-01-06 22:00:00
u0438,conv0000659,sess0001344,A,1,3.93,2024-01-10 01:00:00
u0438,conv0000660,sess0001345,A,1,4.1,2024-01-07 11:00:00
u0438,conv0000660,sess0001346,A,0,2.68,2024-01-04 06:00:00
u0439,conv0000661,sess0001347,A,1,3.04,2024-01-03 00:00:00
u0440,conv0000662,sess0001348,A,1,4.58,2024-01-02 06:00:00
u0440,conv0000662,sess0001349,A,0,3.27,2024-01-05 00:00:00
u0440,conv0000662,sess0001350,A,1,4.39,2024-01-06 21:00:00
u0440,conv0000662,sess0001351,A,1,3.99,2024-01-08 22:00:00
u0441,conv0000663,sess0001352,A,0,1.98,2024-01-05 20:00:00
u0441,conv0000663,sess0001353,A,0,2.72,2024-01-04 17:00:00
u0442,conv0000664,sess0001354,A,1,3.83,2024-01-05 21:00:00
u0442,conv0000664,sess0001355,A,1,4.09,2024-01-08 02:00:00
u0443,conv0000665,sess0001356,A,1,4.21,2024-01-04 00:00:00
u0443,conv0000665,sess0001357,A,1,4.21,2024-01-06 01:00:00
u0443,conv0000665,sess0001358,A,1,4.75,2024-01-04 01:00:00
u0443,conv0000665,sess0001359,A,0,0.74,2024-01-10 06:00:00
u0444,conv0000666,sess0001360,A,0,1.33,2024-01-05 11:00:00
u0444,conv0000666,sess0001361,A,1,3.3,2024-01-06 13:00:00
u0444,conv0000666,sess0001362,A,1,3.99,2024-01-05 08:00:00
u0444,conv0000667,sess0001363,A,0,2.4,2024-01-06 23:00:00
u0444,conv0000667,sess0001364,A,1,3.8,2024-01-09 20:00:00
u0445,conv0000668,sess0001365,A,1,4.15,2024-01-05 09:00:00
u0445,conv0000668,sess0001366,A,1,3.64,2024-01-03 15:00:00
u0446,conv0000669,sess0001367,A,0,3.21,2024-01-05 03:00:00
u0446,conv0000669,sess0001368,A,0,3.24,2024-01-09 12:00:00
u0446,conv0000670,sess0001369,A,1,3.57,2024-01-07 05:00:00
u0447,conv0000671,sess0001370,A,1,5.0,2024-01-03 22:00:00
u0447,conv0000671,sess0001371,A,1,3.86,2024-01-08 02:00:00
u0447,conv0000672,sess0001372,A,1,3.54,2024-01-07 17:00:00
u0448,conv0000673,sess0001373,A,1,4.51,2024-01-03 08:00:00
u0448,conv0000673,sess0001374,A,1,3.96,2024-01-07 02:00:00
u0448,conv0000673,sess0001375,A,1,4.52,2024-01-07 21:00:00
u0448,conv0000673,sess0001376,A,0,2.72,2024-01-08 16:00:00
u0449,conv0000674,sess0001377,A,1,3.42,2024-01-04 13:00:00
u0449,conv0000674,sess0001378,A,0,2.68,2024-01-09 15:00:00
u0449,conv0000674,sess0001379,A,1,4.86,2024-01-06 11:00:00
u0449,conv0000674,sess0001380,A,1,4.82,2024-01-05 19:00:00
u0449,conv0000674,sess0001381,A,1,3.97,2024-01-07 10:00:00
u0450,conv0000675,sess0001382,A,0,3.37,2024-01-03 23:00:00
u0450,conv0000675,sess0001383,A,1,5.0,2024-01-04 06:00:00
u0450,conv0000675,sess0001384,A,0,3.08,2024-01-08 10:00:00
u0450,conv0000676,sess0001385,A,0,2.72,2024-01-03 21:00:00
u0450,conv0000676,sess0001386,A,1,3.79,2024-01-06 22:00:00
u0451,conv0000677,sess0001387,A,1,3.54,2024-01-02 17:00:00
u0452,conv0000679,sess0001388,A,0,1.23,2024-01-03 06:00:00
u0452,conv0000679,sess0001389,A,1,2.52,2024-01-05 06:00:00
u0453,conv0000680,sess0001390,A,1,3.98,2024-01-01 19:00:00
u0453,conv0000680,sess0001391,A,1,4.84,2024-01-09 08:00:00
u0453,conv0000681,sess0001392,A,1,4.66,2024-01-03 11:00:00
u0454,conv0000682,sess0001393,A,0,2.5,2024-01-06 15:00:00
u0455,conv0000683,sess0001394,A,1,3.6,2024-01-05 03:00:00
u0456,conv0000685,sess0001395,A,1,2.92,2024-01-03 05:00:00
u0456,conv0000685,sess0001396,A,1,4.07,2024-01-02 08:00:00
u0456,conv0000685,sess0001397,A,1,3.12,2024-01-13 08:00:00
u0456,conv0000685,sess0001398,A,1,2.82,2024-01-11 15:00:00
u0456,conv0000685,sess0001399,A,0,2.45,2024-01-11 06:00:00
u0457,conv0000686,sess0001400,A,1,3.36,2024-01-03 04:00:00
u0457,conv0000686,sess0001401,A,0,2.77,2024-01-05 05:00:00
u0457,conv0000686,sess0001402,A,0,2.65,2024-01-10 20:00:00
u0458,conv0000687,sess0001403,A,0,1.45,2024-01-01 01:00:00
u0458,conv0000687,sess0001404,A,1,4.56,2024-01-09 16:00:00
u0458,conv0000687,sess0001405,A,1,4.36,2024-01-07 17:00:00
u0459,conv0000688,sess0001406,A,1,5.0,2024-01-07 10:00:00
u0459,conv0000689,sess0001407,A,1,4.7,2024-01-01 11:00:00
u0460,conv0000690,sess0001408,A,0,1.67,2024-01-04 10:00:00
u0460,conv0000690,sess0001409,A,1,4.66,2024-01-05 01:00:00
u0460,conv0000690,sess0001410,A,1,3.52,2024-01-08 11:00:00
u0460,conv0000690,sess0001411,A,1,3.96,2024-01-08 03:00:00
u0460,conv0000690,sess0001412,A,0,1.99,2024-01-05 17:00:00
u0461,conv0000691,sess0001413,A,1,4.8,2024-01-07 00:00:00
u0461,conv0000691,sess0001414,A,0,1.44,2024-01-05 07:00:00
u0461,conv0000691,sess0001415,A,0,0.95,2024-01-05 15:00:00
u0461,conv0000692,sess0001416,A,1,4.08,2024-01-03 04:00:00
u0461,conv0000692,sess0001417,A,1,4.82,2024-01-06 13:00:00
u0462,conv0000693,sess0001418,A,1,4.84,2024-01-02 03:00:00
u0463,conv0000695,sess0001419,A,1,4.09,2024-01-01 12:00:00
u0463,conv0000695,sess0001420,A,1,3.69,2024-01-04 08:00:00
u0463,conv0000695,sess0001421,A,0,3.2,2024-01-13 08:00:00
u0463,conv0000695,sess0001422,A,0,2.69,2024-01-10 15:00:00
u0463,conv0000695,sess0001423,A,1,4.78,2024-01-12 11:00:00
u0464,conv0000696,sess0001424,A,1,3.31,2024-01-01 18:00:00
u0464,conv0000696,sess0001425,A,1,4.64,2024-01-08 00:00:00
u0464,conv0000697,sess0001426,A,1,4.54,2024-01-06 22:00:00
u0464,conv0000697,sess0001427,A,1,4.72,2024-01-08 19:00:00
u0465,conv0000698,sess0001428,A,0,3.15,2024-01-02 19:00:00
u0465,conv0000698,sess0001429,A,0,2.69,2024-01-03 10:00:00
u0465,conv0000698,sess0001430,A,1,3.64,2024-01-04 10:00:00
u0465,conv0000699,sess0001431,A,0,2.67,2024-01-06 21:00:00
u0465,conv0000699,sess0001432,A,1,3.29,2024-01-07 17:00:00
u0466,conv0000700,sess0001433,A,1,4.23,2024-01-04 08:00:00
u0467,conv0000701,sess0001434,A,1,3.31,2024-01-05 13:00:00
u0467,conv0000701,sess0001435,A,1,3.24,2024-01-07 16:00:00
u0467,conv0000702,sess0001436,A,1,4.24,2024-01-05 03:00:00
u0468,conv0000703,sess0001437,A,0,1.77,2024-01-06 21:00:00
u0469,conv0000704,sess0001438,A,1,3.47,2024-01-04 03:00:00
u0469,conv0000704,sess0001439,A,0,1.53,2024-01-06 01:00:00
u0469,conv0000704,sess0001440,A,1,4.11,2024-01-11 09:00:00
u0469,conv0000704,sess0001441,A,1,3.64,2024-01-08 19:00:00
u0470,conv0000705,sess0001442,A,1,3.83,2024-01-01 01:00:00
u0470,conv0000705,sess0001443,A,1,4.1,2024-01-04 21:00:00
u0470,conv0000706,sess0001444,A,0,2.63,2024-01-03 15:00:00
u0471,conv0000707,sess0001445,A,0,2.4,2024-01-03 09:00:00
u0472,conv0000708,sess0001446,A,1,2.51,2024-01-06 12:00:00
u0472,conv0000708,sess0001447,A,1,3.99,2024-01-08 09:00:00
u0472,conv0000708,sess0001448,A,0,3.69,2024-01-07 22:00:00
u0473,conv0000709,sess0001449,A,0,2.12,2024-01-05 07:00:00
u0473,conv0000709,sess0001450,A,0,1.43,2024-01-06 21:00:00
u0473,conv0000710,sess0001451,A,0,3.46,2024-01-07 19:00:00
u0474,conv0000711,sess0001452,A,0,3.59,2024-01-07 12:00:00
u0474,conv0000711,sess0001453,A,1,4.02,2024-01-04 16:00:00
u0474,conv0000711,sess0001454,A,0,2.24,2024-01-10 03:00:00
u0474,conv0000712,sess0001455,A,1,3.45,2024-01-06 23:00:00
u0474,conv0000712,sess0001456,A,1,4.12,2024-01-07 12:00:00
u0475,conv0000713,sess0001457,A,0,1.96,2024-01-01 15:00:00
u0475,conv0000714,sess0001458,A,1,5.0,2024-01-02 09:00:00
u0476,conv0000715,sess0001459,A,1,4.57,2024-01-04 19:00:00
u0476,conv0000715,sess0001460,A,1,2.52,2024-01-03 08:00:00
u0476,conv0000715,sess0001461,A,1,2.98,2024-01-05 10:00:00
u0476,conv0000715,sess0001462,A,0,2.15,2024-01-09 15:00:00
u0476,conv0000715,sess0001463,A,1,4.07,2024-01-13 21:00:00
u0477,conv0000716,sess0001464,A,0,3.14,2024-01-01 23:00:00
u0477,conv0000716,sess0001465,A,1,2.96,2024-01-05 20:00:00
u0477,conv0000717,sess0001466,A,0,2.38,2024-01-06 06:00:00
u0477,conv0000717,sess0001467,A,0,1.2,2024-01-02 14:00:00
u0478,conv0000718,sess0001468,A,1,2.69,2024-01-07 12:00:00
u0478,conv0000718,sess0001469,A,1,4.19,2024-01-07 08:00:00
u0478,conv0000719,sess0001470,A,1,4.38,2024-01-04 17:00:00
u0479,conv0000720,sess0001471,A,0,1.29,2024-01-06 19:00:00
u0480,conv0000722,sess0001472,A,0,2.16,2024-01-04 16:00:00
u0480,conv0000722,sess0001473,A,0,2.98,2024-01-05 02:00:00
u0480,conv0000722,sess0001474,A,0,1.25,2024-01-04 20:00:00
u0480,conv0000722,sess0001475,A,1,4.4,2024-01-11 01:00:00
u0480,conv0000722,sess0001476,A,1,5.0,2024-01-14 20:00:00
u0481,conv0000723,sess0001477,A,1,4.68,2024-01-02 21:00:00
u0481,conv0000723,sess0001478,A,1,4.05,2024-01-05 14:00:00
u0481,conv0000724,sess0001479,A,1,3.55,2024-01-05 18:00:00
u0481,conv0000724,sess0001480,A,1,4.64,2024-01-07 09:00:00
u0482,conv0000725,sess0001481,A,1,3.58,2024-01-06 09:00:00
u0482,conv0000725,sess0001482,A,1,5.0,2024-01-06 21:00:00
u0482,conv0000725,sess0001483,A,0,3.2,2024-01-12 06:00:00
u0482,conv0000725,sess0001484,A,0,3.89,2024-01-12 04:00:00
u0482,conv0000725,sess0001485,A,1,3.48,2024-01-15 03:00:00
u0483,conv0000726,sess0001486,A,1,3.54,2024-01-01 02:00:00
u0483,conv0000726,sess0001487,A,1,3.19,2024-01-06 17:00:00
u0483,conv0000726,sess0001488,A,1,4.03,2024-01-12 22:00:00
u0483,conv0000726,sess0001489,A,0,1.98,2024-01-05 11:00:00
u0483,conv0000726,sess0001490,A,1,4.56,2024-01-11 01:00:00
u0484,conv0000727,sess0001491,A,0,0.89,2024-01-02 03:00:00
u0484,conv0000727,sess0001492,A,0,0.92,2024-01-04 09:00:00
u0484,conv0000727,sess0001493,A,1,3.6,2024-01-06 07:00:00
u0484,conv0000727,sess0001494,A,1,5.0,2024-01-07 06:00:00
u0484,conv0000727,sess0001495,A,1,5.0,2024-01-09 23:00:00
u0485,conv0000728,sess0001496,A,1,4.65,2024-01-03 07:00:00
u0486,conv0000729,sess0001497,A,0,2.7,2024-01-04 15:00:00
u0487,conv0000730,sess0001498,A,1,4.8,2024-01-06 03:00:00
u0488,conv0000732,sess0001499,A,0,2.68,2024-01-02 00:00:00
u0488,conv0000733,sess0001500,A,1,4.62,2024-01-01 11:00:00
u0489,conv0000734,sess0001501,A,0,3.08,2024-01-04 13:00:00
u0489,conv0000734,sess0001502,A,0,2.38,2024-01-06 09:00:00
u0489,conv0000734,sess0001503,A,1,3.08,2024-01-09 21:00:00
u0489,conv0000734,sess0001504,A,0,2.78,2024-01-07 08:00:00
u0490,conv0000735,sess0001505,A,0,2.05,2024-01-06 00:00:00
u0490,conv0000735,sess0001506,A,1,4.06,2024-01-07 23:00:00
u0490,conv0000735,sess0001507,A,1,4.62,2024-01-07 10:00:00
u0490,conv0000735,sess0001508,A,0,1.98,2024-01-11 20:00:00
u0490,conv0000735,sess0001509,A,0,3.27,2024-01-07 09:00:00
u0491,conv0000736,sess0001510,A,0,1.59,2024-01-01 07:00:00
u0491,conv0000736,sess0001511,A,0,2.1,2024-01-06 02:00:00
u0491,conv0000736,sess0001512,A,1,3.39,2024-01-06 22:00:00
u0491,conv0000736,sess0001513,A,1,3.02,2024-01-12 10:00:00
u0491,conv0000736,sess0001514,A,0,2.21,2024-01-17 09:00:00
u0492,conv0000737,sess0001515,A,1,5.0,2024-01-07 07:00:00
u0492,conv0000738,sess0001516,A,0,2.49,2024-01-07 18:00:00
u0493,conv0000739,sess0001517,A,1,3.78,2024-01-02 05:00:00
u0494,conv0000740,sess0001518,A,0,1.68,2024-01-06 15:00:00
u0494,conv0000740,sess0001519,A,1,2.97,2024-01-06 05:00:00
u0495,conv0000741,sess0001520,A,1,3.54,2024-01-06 10:00:00
u0495,conv0000741,sess0001521,A,1,3.91,2024-01-06 00:00:00
u0495,conv0000741,sess0001522,A,0,3.08,2024-01-09 01:00:00
u0496,conv0000742,sess0001523,A,1,3.84,2024-01-04 11:00:00
u0496,conv0000742,sess0001524,A,1,3.46,2024-01-06 16:00:00
u0497,conv0000743,sess0001525,A,1,3.21,2024-01-01 13:00:00
u0498,conv0000744,sess0001526,A,1,3.69,2024-01-01 23:00:00
u0499,conv0000746,sess0001527,A,1,3.83,2024-01-01 12:00:00
u0499,conv0000747,sess0001528,A,1,4.11,2024-01-02 23:00:00
u0500,conv0000748,sess0001529,A,0,2.56,2024-01-07 22:00:00
u0500,conv0000749,sess0001530,A,1,3.92,2024-01-07 17:00:00
u0501,conv0000750,sess0001531,A,0,2.33,2024-01-02 06:00:00
u0502,conv0000751,sess0001532,A,0,3.32,2024-01-04 09:00:00
u0502,conv0000751,sess0001533,A,1,2.94,2024-01-08 12:00:00
u0502,conv0000752,sess0001534,A,0,2.36,2024-01-02 10:00:00
u0502,conv0000752,sess0001535,A,0,2.34,2024-01-08 20:00:00
u0503,conv0000753,sess0001536,A,0,1.3,2024-01-05 18:00:00
u0503,conv0000753,sess0001537,A,1,3.66,2024-01-05 01:00:00
u0503,conv0000753,sess0001538,A,0,3.22,2024-01-12 07:00:00
u0504,conv0000754,sess0001539,A,0,1.83,2024-01-05 04:00:00
u0504,conv0000754,sess0001540,A,1,3.15,2024-01-04 08:00:00
u0504,conv0000754,sess0001541,A,1,4.12,2024-01-10 13:00:00
u0504,conv0000754,sess0001542,A,0,3.42,2024-01-12 14:00:00
u0505,conv0000755,sess0001543,A,1,2.7,2024-01-05 23:00:00
u0505,conv0000755,sess0001544,A,1,2.99,2024-01-04 23:00:00
u0505,conv0000756,sess0001545,A,1,2.67,2024-01-07 21:00:00
u0506,conv0000757,sess0001546,A,0,2.45,2024-01-07 03:00:00
u0506,conv0000757,sess0001547,A,0,1.36,2024-01-06 22:00:00
u0506,conv0000757,sess0001548,A,1,4.41,2024-01-08 05:00:00
u0506,conv0000757,sess0001549,A,0,3.37,2024-01-03 06:00:00
u0507,conv0000758,sess0001550,A,1,3.96,2024-01-06 02:00:00
u0507,conv0000758,sess0001551,A,1,2.68,2024-01-07 09:00:00
u0507,conv0000759,sess0001552,A,0,0.67,2024-01-04 19:00:00
u0507,conv0000759,sess0001553,A,0,2.7,2024-01-05 11:00:00
u0508,conv0000760,sess0001554,A,0,3.29,2024-01-07 05:00:00
u0508,conv0000760,sess0001555,A,0,3.78,2024-01-10 11:00:00
u0508,conv0000760,sess0001556,A,1,3.23,2024-01-07 01:00:00
u0508,conv0000760,sess0001557,A,1,5.0,2024-01-11 16:00:00
u0508,conv0000760,sess0001558,A,1,3.79,2024-01-14 16:00:00
u0509,conv0000761,sess0001559,A,1,4.03,2024-01-06 11:00:00
u0509,conv0000761,sess0001560,A,1,3.66,2024-01-08 01:00:00
u0509,conv0000761,sess0001561,A,1,4.97,2024-01-04 16:00:00
u0510,conv0000762,sess0001562,A,1,3.06,2024-01-05 23:00:00
u0510,conv0000762,sess0001563,A,0,1.81,2024-01-04 15:00:00
u0510,conv0000762,sess0001564,A,1,3.35,2024-01-06 13:00:00
u0511,conv0000763,sess0001565,A,0,2.51,2024-01-06 19:00:00
u0511,conv0000763,sess0001566,A,1,4.23,2024-01-07 21:00:00
u0511,conv0000763,sess0001567,A,1,3.65,2024-01-10 00:00:00
u0512,conv0000764,sess0001568,A,0,2.15,2024-01-05 04:00:00
u0512,conv0000765,sess0001569,A,0,3.11,2024-01-04 14:00:00
u0513,conv0000766,sess0001570,A,1,4.27,2024-01-05 05:00:00
u0513,conv0000766,sess0001571,A,0,2.32,2024-01-05 07:00:00
u0514,conv0000767,sess0001572,A,0,2.84,2024-01-03 08:00:00
u0515,conv0000769,sess0001573,A,1,3.07,2024-01-01 15:00:00
u0516,conv0000771,sess0001574,A,1,4.54,2024-01-01 02:00:00
u0516,conv0000771,sess0001575,A,1,3.51,2024-01-08 12:00:00
u0516,conv0000771,sess0001576,A,0,1.92,2024-01-04 16:00:00
u0516,conv0000771,sess0001577,A,1,4.67,2024-01-12 18:00:00
u0517,conv0000772,sess0001578,A,0,3.88,2024-01-05 01:00:00
u0517,conv0000772,sess0001579,A,1,3.51,2024-01-09 07:00:00
u0517,conv0000773,sess0001580,A,1,4.58,2024-01-03 22:00:00
u0517,conv0000773,sess0001581,A,1,4.49,2024-01-02 15:00:00
u0518,conv0000774,sess0001582,A,0,2.4,2024-01-07 19:00:00
u0518,conv0000774,sess0001583,A,0,2.77,2024-01-05 13:00:00
u0518,conv0000774,sess0001584,A,1,3.81,2024-01-06 04:00:00
u0519,conv0000775,sess0001585,A,1,4.34,2024-01-06 16:00:00
u0519,conv0000775,sess0001586,A,1,3.63,2024-01-04 20:00:00
u0519,conv0000775,sess0001587,A,1,3.18,2024-01-04 10:00:00
u0519,conv0000776,sess0001588,A,0,3.38,2024-01-02 06:00:00
u0519,conv0000776,sess0001589,A,1,4.47,2024-01-08 12:00:00
u0520,conv0000777,sess0001590,A,1,4.17,2024-01-03 04:00:00
u0520,conv0000777,sess0001591,A,1,4.27,2024-01-03 20:00:00
u0521,conv0000778,sess0001592,A,1,3.99,2024-01-01 16:00:00
u0521,conv0000778,sess0001593,A,0,2.22,2024-01-05 05:00:00
u0521,conv0000778,sess0001594,A,1,3.52,2024-01-07 01:00:00
u0521,conv0000778,sess0001595,A,1,2.43,2024-01-06 23:00:00
u0522,conv0000779,sess0001596,A,0,3.99,2024-01-06 19:00:00
u0523,conv0000781,sess0001597,A,0,2.99,2024-01-05 19:00:00
u0523,conv0000781,sess0001598,A,1,5.0,2024-01-03 17:00:00
u0523,conv0000781,sess0001599,A,0,1.96,2024-01-08 03:00:00
u0523,conv0000782,sess0001600,A,1,4.71,2024-01-05 11:00:00
u0523,conv0000782,sess0001601,A,1,2.41,2024-01-05 06:00:00
u0524,conv0000783,sess0001602,A,1,3.56,2024-01-03 23:00:00
u0524,conv0000784,sess0001603,A,1,3.69,2024-01-02 15:00:00
u0525,conv0000785,sess0001604,A,0,3.06,2024-01-02 00:00:00
u0526,conv0000787,sess0001605,A,1,4.21,2024-01-07 21:00:00
u0526,conv0000787,sess0001606,A,0,3.12,2024-01-03 13:00:00
u0526,conv0000788,sess0001607,A,0,2.63,2024-01-03 07:00:00
u0527,conv0000789,sess0001608,A,0,2.24,2024-01-01 21:00:00
u0528,conv0000791,sess0001609,A,0,1.97,2024-01-07 01:00:00
u0528,conv0000791,sess0001610,A,0,2.07,2024-01-08 09:00:00
u0528,conv0000791,sess0001611,A,0,2.69,2024-01-13 02:00:00
u0529,conv0000792,sess0001612,A,0,3.77,2024-01-04 05:00:00
u0530,conv0000793,sess0001613,A,0,4.59,2024-01-02 14:00:00
u0530,conv0000793,sess0001614,A,0,2.63,2024-01-04 20:00:00
u0530,conv0000793,sess0001615,A,1,3.44,2024-01-06 20:00:00
u0530,conv0000793,sess0001616,A,0,3.39,2024-01-08 07:00:00
u0530,conv0000793,sess0001617,A,1,5.0,2024-01-13 22:00:00
u0531,conv0000794,sess0001618,A,0,2.58,2024-01-05 14:00:00
u0531,conv0000794,sess0001619,A,0,1.48,2024-01-04 21:00:00
u0531,conv0000794,sess0001620,A,0,3.53,2024-01-10 00:00:00
u0532,conv0000795,sess0001621,A,0,0.74,2024-01-04 13:00:00
u0532,conv0000795,sess0001622,A,1,4.0,2024-01-05 02:00:00
u0533,conv0000796,sess0001623,A,1,3.8,2024-01-07 04:00:00
u0533,conv0000796,sess0001624,A,0,3.46,2024-01-08 13:00:00
u0533,conv0000796,sess0001625,A,1,4.84,2024-01-10 07:00:00
u0533,conv0000797,sess0001626,A,1,3.84,2024-01-06 21:00:00
u0533,conv0000797,sess0001627,A,0,2.54,2024-01-03 23:00:00
u0534,conv0000798,sess0001628,A,0,3.88,2024-01-03 12:00:00
u0534,conv0000798,sess0001629,A,0,3.12,2024-01-04 12:00:00
u0534,conv0000799,sess0001630,A,0,2.0,2024-01-04 23:00:00
u0535,conv0000800,sess0001631,A,1,3.86,2024-01-01 02:00:00
u0535,conv0000800,sess0001632,A,0,4.11,2024-01-05 20:00:00
u0535,conv0000800,sess0001633,A,1,4.7,2024-01-07 10:00:00
u0535,conv0000800,sess0001634,A,1,3.86,2024-01-09 18:00:00
u0536,conv0000801,sess0001635,A,1,3.89,2024-01-03 18:00:00
u0536,conv0000801,sess0001636,A,0,1.75,2024-01-04 06:00:00
u0536,conv0000802,sess0001637,A,1,4.11,2024-01-03 02:00:00
u0536,conv0000802,sess0001638,A,1,3.72,2024-01-05 03:00:00
u0537,conv0000803,sess0001639,A,1,4.28,2024-01-06 01:00:00
u0537,conv0000803,sess0001640,A,1,3.15,2024-01-06 10:00:00
u0537,conv0000803,sess0001641,A,1,3.63,2024-01-08 01:00:00
u0538,conv0000804,sess0001642,A,1,2.72,2024-01-05 04:00:00
u0538,conv0000804,sess0001643,A,0,2.68,2024-01-07 15:00:00
u0538,conv0000804,sess0001644,A,0,2.21,2024-01-04 20:00:00
u0538,conv0000805,sess0001645,A,0,3.48,2024-01-03 05:00:00
u0538,conv0000805,sess0001646,A,1,3.96,2024-01-06 18:00:00
u0539,conv0000806,sess0001647,A,1,5.0,2024-01-03 09:00:00
u0539,conv0000806,sess0001648,A,0,2.33,2024-01-04 12:00:00
u0539,conv0000806,sess0001649,A,1,4.44,2024-01-07 05:00:00
u0539,conv0000806,sess0001650,A,0,3.18,2024-01-14 07:00:00
u0539,conv0000806,sess0001651,A,1,3.66,2024-01-08 22:00:00
u0540,conv0000807,sess0001652,A,1,4.0,2024-01-03 17:00:00
u0540,conv0000807,sess0001653,A,1,3.54,2024-01-07 23:00:00
u0540,conv0000807,sess0001654,A,0,2.92,2024-01-10 15:00:00
u0540,conv0000807,sess0001655,A,1,4.49,2024-01-11 14:00:00
u0540,conv0000807,sess0001656,A,1,4.82,2024-01-06 01:00:00
u0541,conv0000808,sess0001657,A,1,3.74,2024-01-03 22:00:00
u0542,conv0000809,sess0001658,A,1,4.68,2024-01-07 09:00:00
u0542,conv0000809,sess0001659,A,1,3.45,2024-01-04 00:00:00
u0542,conv0000809,sess0001660,A,1,3.26,2024-01-04 09:00:00
u0542,conv0000810,sess0001661,A,0,1.83,2024-01-05 20:00:00
u0542,conv0000810,sess0001662,A,0,3.29,2024-01-08 08:00:00
u0543,conv0000811,sess0001663,A,0,1.76,2024-01-03 23:00:00
u0543,conv0000811,sess0001664,A,1,3.33,2024-01-06 12:00:00
u0544,conv0000812,sess0001665,A,1,4.18,2024-01-04 22:00:00
u0545,conv0000813,sess0001666,A,1,4.08,2024-01-01 16:00:00
u0545,conv0000813,sess0001667,A,0,3.25,2024-01-07 01:00:00
u0546,conv0000814,sess0001668,A,0,2.35,2024-01-03 09:00:00
u0547,conv0000815,sess0001669,A,0,3.49,2024-01-07 20:00:00
u0547,conv0000815,sess0001670,A,1,2.21,2024-01-07 04:00:00
u0547,conv0000816,sess0001671,A,0,2.22,2024-01-03 05:00:00
u0547,conv0000816,sess0001672,A,1,4.05,2024-01-05 23:00:00
u0548,conv0000817,sess0001673,A,1,1.85,2024-01-05 08:00:00
u0548,conv0000817,sess0001674,A,0,2.34,2024-01-02 03:00:00
u0548,conv0000818,sess0001675,A,1,2.69,2024-01-02 13:00:00
u0549,conv0000819,sess0001676,A,1,3.87,2024-01-02 08:00:00
u0549,conv0000819,sess0001677,A,1,4.14,2024-01-08 08:00:00
u0550,conv0000820,sess0001678,A,1,3.8,2024-01-04 18:00:00
u0551,conv0000821,sess0001679,A,0,3.36,2024-01-01 04:00:00
u0552,conv0000823,sess0001680,A,1,3.96,2024-01-07 08:00:00
u0552,conv0000823,sess0001681,A,0,1.71,2024-01-04 19:00:00
u0552,conv0000824,sess0001682,A,0,2.42,2024-01-02 19:00:00
u0552,conv0000824,sess0001683,A,0,3.75,2024-01-06 07:00:00
u0553,conv0000825,sess0001684,A,1,5.0,2024-01-03 22:00:00
u0553,conv0000825,sess0001685,A,0,3.48,2024-01-02 11:00:00
u0553,conv0000826,sess0001686,A,0,2.99,2024-01-06 04:00:00
u0554,conv0000827,sess0001687,A,0,1.89,2024-01-04 11:00:00
u0554,conv0000828,sess0001688,A,1,5.0,2024-01-04 01:00:00
u0555,conv0000829,sess0001689,A,1,3.73,2024-01-02 03:00:00
u0555,conv0000829,sess0001690,A,1,4.01,2024-01-09 01:00:00
u0556,conv0000830,sess0001691,A,1,4.61,2024-01-07 02:00:00
u0556,conv0000830,sess0001692,A,1,3.05,2024-01-03 21:00:00
u0556,conv0000831,sess0001693,A,1,4.64,2024-01-05 17:00:00
u0556,conv0000831,sess0001694,A,1,3.77,2024-01-07 07:00:00
u0557,conv0000832,sess0001695,A,1,3.93,2024-01-06 03:00:00
u0558,conv0000833,sess0001696,A,1,5.0,2024-01-07 02:00:00
u0558,conv0000833,sess0001697,A,0,2.76,2024-01-06 00:00:00
u0559,conv0000834,sess0001698,A,1,3.89,2024-01-07 09:00:00
u0559,conv0000834,sess0001699,A,0,3.61,2024-01-07 23:00:00
u0559,conv0000834,sess0001700,A,1,3.32,2024-01-06 21:00:00
u0560,conv0000835,sess0001701,A,0,2.65,2024-01-03 04:00:00
u0560,conv0000835,sess0001702,A,1,4.27,2024-01-05 03:00:00
u0560,conv0000835,sess0001703,A,0,2.01,2024-01-11 23:00:00
u0561,conv0000836,sess0001704,A,1,4.75,2024-01-05 08:00:00
u0561,conv0000837,sess0001705,A,1,3.03,2024-01-01 18:00:00
u0562,conv0000838,sess0001706,A,0,1.07,2024-01-02 03:00:00
u0562,conv0000838,sess0001707,A,1,3.0,2024-01-10 00:00:00
u0562,conv0000838,sess0001708,A,0,2.58,2024-01-12 01:00:00
u0562,conv0000838,sess0001709,A,1,3.91,2024-01-06 16:00:00
u0563,conv0000839,sess0001710,A,0,2.44,2024-01-01 11:00:00
u0564,conv0000840,sess0001711,A,1,3.89,2024-01-05 18:00:00
u0564,conv0000840,sess0001712,A,1,4.31,2024-01-03 15:00:00
u0564,conv0000841,sess0001713,A,1,3.92,2024-01-04 00:00:00
u0564,conv0000841,sess0001714,A,1,4.82,2024-01-08 13:00:00
u0565,conv0000842,sess0001715,A,1,3.99,2024-01-04 02:00:00
u0565,conv0000842,sess0001716,A,1,4.5,2024-01-05 12:00:00
u0565,conv0000842,sess0001717,A,0,2.69,2024-01-07 02:00:00
u0566,conv0000843,sess0001718,A,1,4.77,2024-01-05 00:00:00
u0566,conv0000843,sess0001719,A,1,3.32,2024-01-02 18:00:00
u0566,conv0000844,sess0001720,A,0,2.86,2024-01-02 17:00:00
u0566,conv0000844,sess0001721,A,1,5.0,2024-01-08 05:00:00
u0567,conv0000845,sess0001722,A,1,4.91,2024-01-01 04:00:00
u0567,conv0000845,sess0001723,A,1,4.58,2024-01-07 11:00:00
u0567,conv0000845,sess0001724,A,1,3.33,2024-01-05 09:00:00
u0567,conv0000845,sess0001725,A,1,4.49,2024-01-11 14:00:00
u0568,conv0000846,sess0001726,A,1,2.07,2024-01-03 06:00:00
u0568,conv0000846,sess0001727,A,1,4.01,2024-01-04 17:00:00
u0568,conv0000846,sess0001728,A,1,4.18,2024-01-09 11:00:00
u0568,conv0000847,sess0001729,A,1,3.98,2024-01-06 06:00:00
u0568,conv0000847,sess0001730,A,1,4.94,2024-01-10 10:00:00
u0569,conv0000848,sess0001731,A,1,4.79,2024-01-07 23:00:00
u0569,conv0000848,sess0001732,A,0,1.94,2024-01-05 09:00:00
u0569,conv0000848,sess0001733,A,0,1.55,2024-01-03 23:00:00
u0570,conv0000849,sess0001734,A,1,4.15,2024-01-04 19:00:00
u0571,conv0000850,sess0001735,A,1,3.21,2024-01-01 19:00:00
u0571,conv0000850,sess0001736,A,1,3.83,2024-01-04 12:00:00
u0571,conv0000850,sess0001737,A,0,2.33,2024-01-08 01:00:00
u0572,conv0000851,sess0001738,A,1,4.81,2024-01-07 14:00:00
u0573,conv0000852,sess0001739,A,1,3.51,2024-01-07 12:00:00
u0574,conv0000854,sess0001740,A,1,5.0,2024-01-07 19:00:00
u0575,conv0000856,sess0001741,A,1,5.0,2024-01-04 05:00:00
u0576,conv0000857,sess0001742,A,0,3.19,2024-01-04 22:00:00
u0576,conv0000857,sess0001743,A,0,1.79,2024-01-06 14:00:00
u0576,conv0000858,sess0001744,A,0,2.35,2024-01-03 17:00:00
u0576,conv0000858,sess0001745,A,0,2.53,2024-01-09 08:00:00
u0577,conv0000859,sess0001746,A,0,1.92,2024-01-07 18:00:00
u0577,conv0000859,sess0001747,A,0,2.18,2024-01-03 10:00:00
u0577,conv0000859,sess0001748,A,1,5.0,2024-01-11 00:00:00
u0577,conv0000859,sess0001749,A,0,2.24,2024-01-09 11:00:00
u0577,conv0000859,sess0001750,A,1,4.5,2024-01-07 04:00:00
u0578,conv0000860,sess0001751,A,1,4.3,2024-01-03 18:00:00
u0578,conv0000861,sess0001752,A,1,2.19,2024-01-06 21:00:00
u0579,conv0000862,sess0001753,A,1,4.84,2024-01-06 02:00:00
u0579,conv0000862,sess0001754,A,1,3.78,2024-01-06 19:00:00
u0579,conv0000862,sess0001755,A,1,3.99,2024-01-09 09:00:00
u0579,conv0000862,sess0001756,A,1,3.45,2024-01-10 06:00:00
u0579,conv0000862,sess0001757,A,1,3.9,2024-01-13 03:00:00
u0580,conv0000863,sess0001758,A,0,2.42,2024-01-03 11:00:00
u0580,conv0000864,sess0001759,A,1,5.0,2024-01-06 09:00:00
u0581,conv0000865,sess0001760,A,0,2.0,2024-01-07 07:00:00
u0581,conv0000865,sess0001761,A,1,3.9,2024-01-03 11:00:00
u0582,conv0000866,sess0001762,A,1,4.92,2024-01-01 02:00:00
u0582,conv0000866,sess0001763,A,1,4.22,2024-01-03 23:00:00
u0582,conv0000866,sess0001764,A,0,2.32,2024-01-10 21:00:00
u0583,conv0000867,sess0001765,A,1,4.15,2024-01-03 13:00:00
u0583,conv0000867,sess0001766,A,1,3.72,2024-01-10 06:00:00
u0583,conv0000867,sess0001767,A,0,2.8,2024-01-05 18:00:00
u0583,conv0000867,sess0001768,A,0,2.71,2024-01-09 09:00:00
u0584,conv0000868,sess0001769,A,1,3.27,2024-01-01 05:00:00
u0584,conv0000868,sess0001770,A,1,4.49,2024-01-02 13:00:00
u0584,conv0000868,sess0001771,A,1,4.27,2024-01-08 02:00:00
u0584,conv0000869,sess0001772,A,1,4.43,2024-01-04 00:00:00
u0584,conv0000869,sess0001773,A,0,2.51,2024-01-07 13:00:00
u0585,conv0000870,sess0001774,A,1,4.49,2024-01-04 18:00:00
u0585,conv0000871,sess0001775,A,1,3.34,2024-01-05 06:00:00
u0586,conv0000872,sess0001776,A,0,2.27,2024-01-04 05:00:00
u0587,conv0000874,sess0001777,A,1,3.12,2024-01-07 06:00:00
u0587,conv0000874,sess0001778,A,1,3.91,2024-01-07 21:00:00
u0587,conv0000874,sess0001779,A,1,3.92,2024-01-05 09:00:00
u0587,conv0000874,sess0001780,A,1,4.57,2024-01-16 06:00:00
u0588,conv0000875,sess0001781,A,1,4.06,2024-01-03 02:00:00
u0588,conv0000875,sess0001782,A,1,3.81,2024-01-07 08:00:00
u0588,conv0000875,sess0001783,A,1,5.0,2024-01-08 12:00:00
u0588,conv0000876,sess0001784,A,0,2.97,2024-01-07 08:00:00
u0588,conv0000876,sess0001785,A,1,3.74,2024-01-03 03:00:00
u0589,conv0000877,sess0001786,A,0,3.25,2024-01-07 10:00:00
u0589,conv0000877,sess0001787,A,0,1.97,2024-01-01 14:00:00
u0589,conv0000877,sess0001788,A,1,3.59,2024-01-09 17:00:00
u0589,conv0000877,sess0001789,A,1,3.14,2024-01-10 19:00:00
u0589,conv0000877,sess0001790,A,1,4.13,2024-01-07 09:00:00
u0590,conv0000878,sess0001791,A,0,2.01,2024-01-07 05:00:00
u0590,conv0000878,sess0001792,A,1,2.83,2024-01-04 18:00:00
u0590,conv0000878,sess0001793,A,1,4.3,2024-01-05 17:00:00
u0590,conv0000879,sess0001794,A,0,2.53,2024-01-05 21:00:00
u0590,conv0000879,sess0001795,A,1,4.1,2024-01-02 10:00:00
u0591,conv0000880,sess0001796,A,0,2.3,2024-01-07 10:00:00
u0592,conv0000881,sess0001797,A,1,4.4,2024-01-01 06:00:00
u0592,conv0000881,sess0001798,A,1,5.0,2024-01-03 08:00:00
u0592,conv0000881,sess0001799,A,0,1.87,2024-01-09 16:00:00
u0592,conv0000881,sess0001800,A,0,2.99,2024-01-12 02:00:00
u0592,conv0000881,sess0001801,A,1,3.45,2024-01-12 13:00:00
u0593,conv0000882,sess0001802,A,0,2.55,2024-01-06 09:00:00
u0593,conv0000882,sess0001803,A,1,3.94,2024-01-07 00:00:00
u0593,conv0000882,sess0001804,A,0,3.94,2024-01-05 15:00:00
u0594,conv0000883,sess0001805,A,0,2.71,2024-01-07 05:00:00
u0594,conv0000883,sess0001806,A,0,1.1,2024-01-09 07:00:00
u0594,conv0000883,sess0001807,A,0,1.68,2024-01-12 11:00:00
u0594,conv0000884,sess0001808,A,1,4.01,2024-01-05 08:00:00
u0594,conv0000884,sess0001809,A,1,2.99,2024-01-07 17:00:00
u0595,conv0000885,sess0001810,A,1,4.46,2024-01-01 11:00:00
u0595,conv0000885,sess0001811,A,1,3.78,2024-01-03 14:00:00
u0595,conv0000886,sess0001812,A,1,2.89,2024-01-02 16:00:00
u0595,conv0000886,sess0001813,A,0,2.12,2024-01-09 00:00:00
u0596,conv0000887,sess0001814,A,1,2.66,2024-01-07 08:00:00
u0596,conv0000887,sess0001815,A,1,4.0,2024-01-05 15:00:00
u0596,conv0000887,sess0001816,A,1,4.73,2024-01-13 06:00:00
u0596,conv0000887,sess0001817,A,1,4.26,2024-01-09 20:00:00
u0596,conv0000887,sess0001818,A,0,2.91,2024-01-07 07:00:00
u0597,conv0000888,sess0001819,A,1,4.54,2024-01-01 10:00:00
u0597,conv0000888,sess0001820,A,1,5.0,2024-01-03 17:00:00
u0597,conv0000888,sess0001821,A,1,4.59,2024-01-12 15:00:00
u0597,conv0000888,sess0001822,A,0,2.62,2024-01-12 10:00:00
u0597,conv0000888,sess0001823,A,0,2.33,2024-01-08 03:00:00
u0598,conv0000889,sess0001824,A,1,3.35,2024-01-02 04:00:00
u0598,conv0000889,sess0001825,A,0,2.1,2024-01-05 17:00:00
u0598,conv0000890,sess0001826,A,1,4.34,2024-01-06 12:00:00
u0599,conv0000891,sess0001827,A,1,4.23,2024-01-06 19:00:00
u0599,conv0000891,sess0001828,A,1,3.46,2024-01-08 09:00:00
u0599,conv0000891,sess0001829,A,0,2.09,2024-01-07 10:00:00
u0600,conv0000892,sess0001830,A,0,1.76,2024-01-01 06:00:00
u0600,conv0000893,sess0001831,A,1,4.24,2024-01-04 22:00:00
u0601,conv0000894,sess0001832,A,1,4.49,2024-01-07 14:00:00
u0602,conv0000896,sess0001833,A,1,4.44,2024-01-01 12:00:00
u0602,conv0000896,sess0001834,A,0,2.05,2024-01-04 11:00:00
u0602,conv0000896,sess0001835,A,1,3.57,2024-01-08 15:00:00
u0602,conv0000897,sess0001836,A,1,4.23,2024-01-06 10:00:00
u0602,conv0000897,sess0001837,A,1,4.09,2024-01-09 01:00:00
u0603,conv0000898,sess0001838,A,1,4.93,2024-01-05 20:00:00
u0603,conv0000898,sess0001839,A,0,1.53,2024-01-04 16:00:00
u0603,conv0000899,sess0001840,A,0,3.31,2024-01-06 20:00:00
u0604,conv0000900,sess0001841,A,1,3.52,2024-01-07 10:00:00
u0605,conv0000901,sess0001842,A,1,4.14,2024-01-04 23:00:00
u0605,conv0000901,sess0001843,A,0,3.33,2024-01-03 13:00:00
u0605,conv0000902,sess0001844,A,1,4.33,2024-01-02 12:00:00
u0606,conv0000903,sess0001845,A,0,3.06,2024-01-05 18:00:00
u0606,conv0000904,sess0001846,A,0,1.86,2024-01-04 14:00:00
u0607,conv0000905,sess0001847,A,1,4.74,2024-01-04 05:00:00
u0607,conv0000905,sess0001848,A,1,3.03,2024-01-03 02:00:00
u0607,conv0000905,sess0001849,A,0,2.37,2024-01-03 08:00:00
u0607,conv0000905,sess0001850,A,1,4.17,2024-01-03 23:00:00
u0607,conv0000905,sess0001851,A,1,4.08,2024-01-09 02:00:00
u0608,conv0000906,sess0001852,A,1,3.41,2024-01-04 07:00:00
u0608,conv0000906,sess0001853,A,1,3.56,2024-01-05 19:00:00
u0609,conv0000907,sess0001854,A,1,3.53,2024-01-07 06:00:00
u0609,conv0000908,sess0001855,A,1,4.03,2024-01-07 21:00:00
u0610,conv0000909,sess0001856,A,1,5.0,2024-01-07 09:00:00
u0611,conv0000910,sess0001857,A,1,3.73,2024-01-03 19:00:00
u0611,conv0000910,sess0001858,A,1,3.9,2024-01-04 09:00:00
u0611,conv0000910,sess0001859,A,0,2.22,2024-01-06 14:00:00
u0612,conv0000911,sess0001860,A,0,1.95,2024-01-04 03:00:00
u0612,conv0000911,sess0001861,A,0,1.48,2024-01-02 10:00:00
u0612,conv0000911,sess0001862,A,0,3.6,2024-01-04 23:00:00
u0612,conv0000911,sess0001863,A,0,3.56,2024-01-07 15:00:00
u0612,conv0000911,sess0001864,A,0,1.29,2024-01-07 04:00:00
u0613,conv0000912,sess0001865,A,1,4.03,2024-01-02 00:00:00
u0613,conv0000912,sess0001866,A,1,3.63,2024-01-08 13:00:00
u0614,conv0000913,sess0001867,A,0,2.64,2024-01-01 23:00:00
u0614,conv0000913,sess0001868,A,1,2.77,2024-01-06 08:00:00
u0614,conv0000914,sess0001869,A,0,3.39,2024-01-04 12:00:00
u0614,conv0000914,sess0001870,A,0,1.8,2024-01-08 09:00:00
u0615,conv0000915,sess0001871,A,0,2.9,2024-01-01 04:00:00
u0616,conv0000917,sess0001872,A,1,4.35,2024-01-01 22:00:00
u0617,conv0000919,sess0001873,A,0,2.42,2024-01-05 11:00:00
u0617,conv0000919,sess0001874,A,1,3.81,2024-01-08 18:00:00
u0618,conv0000920,sess0001875,A,1,3.09,2024-01-05 04:00:00
u0618,conv0000920,sess0001876,A,0,2.12,2024-01-07 21:00:00
u0618,conv0000920,sess0001877,A,1,4.36,2024-01-07 06:00:00
u0618,conv0000921,sess0001878,A,1,5.0,2024-01-06 10:00:00
u0618,conv0000921,sess0001879,A,1,3.86,2024-01-08 18:00:00
u0619,conv0000922,sess0001880,A,1,3.39,2024-01-01 05:00:00
u0619,conv0000922,sess0001881,A,1,4.28,2024-01-09 03:00:00
u0619,conv0000923,sess0001882,A,1,4.5,2024-01-06 15:00:00
u0619,conv0000923,sess0001883,A,0,1.66,2024-01-02 14:00:00
u0620,conv0000924,sess0001884,A,1,3.6,2024-01-05 03:00:00
u0621,conv0000925,sess0001885,A,1,3.47,2024-01-02 19:00:00
u0621,conv0000926,sess0001886,A,0,3.89,2024-01-03 08:00:00
u0622,conv0000927,sess0001887,A,1,4.84,2024-01-05 01:00:00
u0622,conv0000928,sess0001888,A,0,1.33,2024-01-07 22:00:00
u0623,conv0000929,sess0001889,A,0,3.15,2024-01-06 04:00:00
u0623,conv0000929,sess0001890,A,0,1.19,2024-01-06 10:00:00
u0623,conv0000930,sess0001891,A,1,4.08,2024-01-01 11:00:00
u0623,conv0000930,sess0001892,A,0,2.14,2024-01-04 00:00:00
u0624,conv0000931,sess0001893,A,1,3.53,2024-01-01 06:00:00
u0625,conv0000933,sess0001894,A,1,3.71,2024-01-01 17:00:00
u0625,conv0000933,sess0001895,A,1,5.0,2024-01-09 05:00:00
u0625,conv0000934,sess0001896,A,1,2.72,2024-01-05 18:00:00
u0625,conv0000934,sess0001897,A,0,1.38,2024-01-07 19:00:00
u0626,conv0000935,sess0001898,A,0,1.46,2024-01-03 23:00:00
u0626,conv0000936,sess0001899,A,1,4.99,2024-01-06 01:00:00
u0627,conv0000937,sess0001900,A,1,5.0,2024-01-06 01:00:00
u0627,conv0000937,sess0001901,A,1,4.3,2024-01-04 15:00:00
u0627,conv0000938,sess0001902,A,1,4.9,2024-01-01 10:00:00
u0628,conv0000939,sess0001903,A,1,3.54,2024-01-01 03:00:00
u0628,conv0000939,sess0001904,A,0,1.8,2024-01-07 21:00:00
u0628,conv0000940,sess0001905,A,1,3.12,2024-01-01 09:00:00
u0629,conv0000941,sess0001906,A,0,2.49,2024-01-02 09:00:00
u0629,conv0000941,sess0001907,A,1,3.96,2024-01-06 11:00:00
u0629,conv0000941,sess0001908,A,1,4.01,2024-01-09 22:00:00
u0629,conv0000942,sess0001909,A,1,4.15,2024-01-05 22:00:00
u0629,conv0000942,sess0001910,A,1,3.5,2024-01-07 07:00:00
u0630,conv0000943,sess0001911,A,1,3.24,2024-01-03 15:00:00
u0630,conv0000943,sess0001912,A,1,2.98,2024-01-05 09:00:00
u0630,conv0000943,sess0001913,A,1,2.88,2024-01-04 04:00:00
u0631,conv0000944,sess0001914,A,1,4.19,2024-01-03 06:00:00
u0632,conv0000946,sess0001915,A,0,0.8,2024-01-05 02:00:00
u0632,conv0000946,sess0001916,A,0,2.2,2024-01-08 09:00:00
u0632,conv0000946,sess0001917,A,1,5.0,2024-01-08 18:00:00
u0632,conv0000946,sess0001918,A,0,3.07,2024-01-13 22:00:00
u0632,conv0000946,sess0001919,A,1,4.1,2024-01-14 22:00:00
u0633,conv0000947,sess0001920,A,0,2.03,2024-01-02 04:00:00
u0633,conv0000947,sess0001921,A,0,2.45,2024-01-05 13:00:00
u0633,conv0000947,sess0001922,A,1,4.92,2024-01-05 18:00:00
u0633,conv0000948,sess0001923,A,1,4.79,2024-01-03 20:00:00
u0633,conv0000948,sess0001924,A,0,1.98,2024-01-10 07:00:00
u0634,conv0000949,sess0001925,A,1,4.76,2024-01-03 12:00:00
u0634,conv0000950,sess0001926,A,1,4.04,2024-01-06 09:00:00
u0635,conv0000951,sess0001927,A,1,4.07,2024-01-04 08:00:00
u0635,conv0000951,sess0001928,A,0,1.35,2024-01-03 07:00:00
u0635,conv0000951,sess0001929,A,1,4.37,2024-01-08 09:00:00
u0636,conv0000952,sess0001930,A,1,4.32,2024-01-04 12:00:00
u0637,conv0000953,sess0001931,A,1,4.55,2024-01-03 17:00:00
u0637,conv0000953,sess0001932,A,0,2.7,2024-01-06 18:00:00
u0637,conv0000953,sess0001933,A,0,1.72,2024-01-06 23:00:00
u0637,conv0000953,sess0001934,A,1,3.69,2024-01-04 20:00:00
u0638,conv0000954,sess0001935,A,1,4.53,2024-01-02 10:00:00
u0638,conv0000954,sess0001936,A,1,3.88,2024-01-10 02:00:00
u0638,conv0000954,sess0001937,A,1,3.75,2024-01-05 13:00:00
u0638,conv0000954,sess0001938,A,1,4.11,2024-01-12 09:00:00
u0638,conv0000954,sess0001939,A,1,3.01,2024-01-18 02:00:00
u0639,conv0000955,sess0001940,A,1,3.6,2024-01-04 02:00:00
u0639,conv0000955,sess0001941,A,0,3.54,2024-01-05 04:00:00
u0640,conv0000956,sess0001942,A,1,3.75,2024-01-05 16:00:00
u0640,conv0000956,sess0001943,A,1,4.34,2024-01-05 00:00:00
u0640,conv0000957,sess0001944,A,1,3.02,2024-01-04 16:00:00
u0641,conv0000958,sess0001945,A,1,2.73,2024-01-06 03:00:00
u0642,conv0000959,sess0001946,A,1,4.62,2024-01-03 02:00:00
u0643,conv0000961,sess0001947,A,1,4.72,2024-01-01 19:00:00
u0643,conv0000961,sess0001948,A,1,3.92,2024-01-05 16:00:00
u0643,conv0000962,sess0001949,A,1,3.98,2024-01-01 03:00:00
u0644,conv0000963,sess0001950,A,1,4.58,2024-01-01 04:00:00
u0644,conv0000963,sess0001951,A,0,1.25,2024-01-08 10:00:00
u0644,conv0000964,sess0001952,A,1,4.13,2024-01-03 00:00:00
u0645,conv0000965,sess0001953,A,1,4.29,2024-01-03 12:00:00
u0645,conv0000965,sess0001954,A,1,4.62,2024-01-03 19:00:00
u0645,conv0000965,sess0001955,A,1,3.82,2024-01-04 23:00:00
u0645,conv0000966,sess0001956,A,1,5.0,2024-01-03 04:00:00
u0645,conv0000966,sess0001957,A,1,4.42,2024-01-05 09:00:00
u0646,conv0000967,sess0001958,A,1,3.88,2024-01-04 07:00:00
u0646,conv0000967,sess0001959,A,0,2.97,2024-01-07 10:00:00
u0646,conv0000967,sess0001960,A,1,3.88,2024-01-08 20:00:00
u0646,conv0000968,sess0001961,A,1,4.01,2024-01-02 21:00:00
u0646,conv0000968,sess0001962,A,1,5.0,2024-01-09 16:00:00
u0647,conv0000969,sess0001963,A,1,3.31,2024-01-06 06:00:00
u0647,conv0000969,sess0001964,A,0,2.53,2024-01-05 20:00:00
u0647,conv0000970,sess0001965,A,1,4.24,2024-01-04 03:00:00
u0647,conv0000970,sess0001966,A,0,1.88,2024-01-07 17:00:00
u0648,conv0000971,sess0001967,A,1,3.88,2024-01-07 21:00:00
u0648,conv0000971,sess0001968,A,1,3.48,2024-01-09 19:00:00
u0648,conv0000971,sess0001969,A,0,2.88,2024-01-10 18:00:00
u0648,conv0000971,sess0001970,A,1,3.17,2024-01-11 01:00:00
u0649,conv0000972,sess0001971,A,0,2.7,2024-01-05 01:00:00
u0649,conv0000972,sess0001972,A,1,3.68,2024-01-09 11:00:00
u0649,conv0000973,sess0001973,A,1,3.43,2024-01-04 10:00:00
u0650,conv0000974,sess0001974,A,0,2.38,2024-01-01 17:00:00
u0650,conv0000974,sess0001975,A,1,2.99,2024-01-06 22:00:00
u0651,conv0000975,sess0001976,A,0,2.07,2024-01-05 20:00:00
u0652,conv0000976,sess0001977,A,0,3.37,2024-01-06 02:00:00
u0652,conv0000976,sess0001978,A,1,3.54,2024-01-06 10:00:00
u0652,conv0000977,sess0001979,A,1,4.37,2024-01-07 01:00:00
u0653,conv0000978,sess0001980,A,1,5.0,2024-01-01 08:00:00
u0653,conv0000978,sess0001981,A,1,4.32,2024-01-08 22:00:00
u0654,conv0000979,sess0001982,A,1,4.33,2024-01-02 22:00:00
u0654,conv0000979,sess0001983,A,0,1.01,2024-01-10 06:00:00
u0654,conv0000979,sess0001984,A,0,2.36,2024-01-08 22:00:00
u0654,conv0000979,sess0001985,A,1,3.87,2024-01-08 09:00:00
u0654,conv0000979,sess0001986,A,1,5.0,2024-01-15 02:00:00
u0655,conv0000980,sess0001987,A,1,3.37,2024-01-02 10:00:00
u0655,conv0000980,sess0001988,A,1,3.91,2024-01-05 21:00:00
u0655,conv0000981,sess0001989,A,1,3.7,2024-01-01 14:00:00
u0656,conv0000982,sess0001990,A,1,3.21,2024-01-01 16:00:00
u0656,conv0000982,sess0001991,A,1,4.59,2024-01-03 20:00:00
u0656,conv0000982,sess0001992,A,0,3.37,2024-01-05 07:00:00
u0657,conv0000983,sess0001993,A,1,4.38,2024-01-06 04:00:00
u0657,conv0000984,sess0001994,A,1,3.72,2024-01-06 21:00:00
u0658,conv0000985,sess0001995,A,0,2.44,2024-01-07 10:00:00
u0658,conv0000985,sess0001996,A,1,3.25,2024-01-06 06:00:00
u0659,conv0000986,sess0001997,A,0,1.1,2024-01-02 09:00:00
u0660,conv0000988,sess0001998,A,1,3.15,2024-01-07 01:00:00
u0660,conv0000988,sess0001999,A,1,3.8,2024-01-07 08:00:00
u0660,conv0000988,sess0002000,A,0,2.98,2024-01-11 05:00:00
u0660,conv0000988,sess0002001,A,1,2.71,2024-01-09 23:00:00
u0660,conv0000988,sess0002002,A,1,3.44,2024-01-05 14:00:00
u0661,conv0000989,sess0002003,A,1,4.78,2024-01-03 21:00:00
u0661,conv0000989,sess0002004,A,1,3.88,2024-01-03 08:00:00
u0661,conv0000990,sess0002005,A,1,3.98,2024-01-06 21:00:00
u0661,conv0000990,sess0002006,A,0,2.13,2024-01-06 03:00:00
u0662,conv0000991,sess0002007,A,1,2.1,2024-01-06 07:00:00
u0662,conv0000991,sess0002008,A,1,4.74,2024-01-05 06:00:00
u0663,conv0000992,sess0002009,A,0,3.37,2024-01-06 19:00:00
u0663,conv0000993,sess0002010,A,1,4.74,2024-01-05 00:00:00
u0664,conv0000994,sess0002011,A,0,2.23,2024-01-05 04:00:00
u0664,conv0000994,sess0002012,A,1,4.5,2024-01-02 13:00:00
u0664,conv0000994,sess0002013,A,0,3.3,2024-01-08 11:00:00
u0664,conv0000994,sess0002014,A,1,5.0,2024-01-10 10:00:00
u0664,conv0000994,sess0002015,A,1,3.9,2024-01-06 17:00:00
u0665,conv0000995,sess0002016,A,1,4.49,2024-01-07 16:00:00
u0665,conv0000995,sess0002017,A,1,3.08,2024-01-03 08:00:00
u0665,conv0000996,sess0002018,A,1,3.42,2024-01-01 07:00:00
u0665,conv0000996,sess0002019,A,0,1.55,2024-01-06 14:00:00
u0666,conv0000997,sess0002020,A,1,5.0,2024-01-06 06:00:00
u0667,conv0000998,sess0002021,A,1,3.36,2024-01-05 16:00:00
u0667,conv0000998,sess0002022,A,1,2.91,2024-01-08 11:00:00
u0667,conv0000999,sess0002023,A,1,3.21,2024-01-04 08:00:00
u0668,conv0001000,sess0002024,A,0,3.13,2024-01-03 19:00:00
u0668,conv0001000,sess0002025,A,1,4.09,2024-01-07 11:00:00
u0668,conv0001001,sess0002026,A,0,1.56,2024-01-02 08:00:00
u0668,conv0001001,sess0002027,A,1,3.03,2024-01-04 17:00:00
u0669,conv0001002,sess0002028,A,0,3.5,2024-01-07 18:00:00
u0669,conv0001002,sess0002029,A,0,3.0,2024-01-08 23:00:00
u0669,conv0001002,sess0002030,A,0,3.59,2024-01-04 15:00:00
u0669,conv0001002,sess0002031,A,1,4.9,2024-01-03 15:00:00
u0670,conv0001003,sess0002032,A,0,1.0,2024-01-01 20:00:00
u0670,conv0001004,sess0002033,A,0,3.35,2024-01-02 13:00:00
u0671,conv0001005,sess0002034,A,1,4.43,2024-01-02 07:00:00
u0671,conv0001005,sess0002035,A,0,2.51,2024-01-09 16:00:00
u0671,conv0001005,sess0002036,A,1,4.16,2024-01-08 07:00:00
u0671,conv0001006,sess0002037,A,1,3.6,2024-01-07 17:00:00
u0671,conv0001006,sess0002038,A,1,4.47,2024-01-07 18:00:00
u0672,conv0001007,sess0002039,A,1,4.1,2024-01-02 17:00:00
u0672,conv0001008,sess0002040,A,1,3.44,2024-01-07 12:00:00
u0673,conv0001009,sess0002041,A,1,2.67,2024-01-02 13:00:00
u0673,conv0001010,sess0002042,A,1,3.51,2024-01-01 09:00:00
u0674,conv0001011,sess0002043,A,1,3.29,2024-01-06 06:00:00
u0675,conv0001012,sess0002044,A,0,2.71,2024-01-01 08:00:00
u0675,conv0001012,sess0002045,A,0,1.88,2024-01-03 20:00:00
u0675,conv0001012,sess0002046,A,1,4.2,2024-01-10 16:00:00
u0675,conv0001012,sess0002047,A,1,3.45,2024-01-04 16:00:00
u0676,conv0001013,sess0002048,A,0,2.06,2024-01-06 07:00:00
u0676,conv0001013,sess0002049,A,1,5.0,2024-01-05 06:00:00
u0676,conv0001014,sess0002050,A,0,4.36,2024-01-01 08:00:00
u0677,conv0001015,sess0002051,A,1,4.23,2024-01-04 15:00:00
u0677,conv0001015,sess0002052,A,1,3.85,2024-01-08 23:00:00
u0677,conv0001016,sess0002053,A,1,3.78,2024-01-03 01:00:00
u0678,conv0001017,sess0002054,A,1,3.98,2024-01-06 19:00:00
u0678,conv0001017,sess0002055,A,0,1.93,2024-01-08 14:00:00
u0678,conv0001018,sess0002056,A,1,3.37,2024-01-05 11:00:00
u0678,conv0001018,sess0002057,A,1,4.43,2024-01-05 16:00:00
u0679,conv0001019,sess0002058,A,1,4.01,2024-01-04 09:00:00
u0679,conv0001019,sess0002059,A,0,2.14,2024-01-08 17:00:00
u0679,conv0001020,sess0002060,A,0,2.61,2024-01-05 18:00:00
u0679,conv0001020,sess0002061,A,0,2.48,2024-01-04 02:00:00
u0680,conv0001021,sess0002062,A,1,3.21,2024-01-02 00:00:00
u0680,conv0001021,sess0002063,A,1,3.66,2024-01-10 01:00:00
u0680,conv0001021,sess0002064,A,0,2.18,2024-01-08 04:00:00
u0681,conv0001022,sess0002065,A,0,3.52,2024-01-02 15:00:00
u0681,conv0001022,sess0002066,A,1,4.17,2024-01-07 10:00:00
u0681,conv0001022,sess0002067,A,0,1.13,2024-01-05 07:00:00
u0681,conv0001022,sess0002068,A,1,4.93,2024-01-10 03:00:00
u0681,conv0001022,sess0002069,A,1,3.38,2024-01-07 22:00:00
u0682,conv0001023,sess0002070,A,1,4.5,2024-01-01 02:00:00
u0683,conv0001024,sess0002071,A,1,3.53,2024-01-05 09:00:00
u0684,conv0001026,sess0002072,A,0,1.89,2024-01-04 13:00:00
u0684,conv0001026,sess0002073,A,0,1.82,2024-01-07 04:00:00
u0684,conv0001026,sess0002074,A,1,4.65,2024-01-04 07:00:00
u0684,conv0001026,sess0002075,A,0,2.17,2024-01-10 14:00:00
u0685,conv0001027,sess0002076,A,1,3.17,2024-01-06 13:00:00
u0685,conv0001027,sess0002077,A,0,1.31,2024-01-08 14:00:00
u0685,conv0001027,sess0002078,A,0,4.34,2024-01-09 23:00:00
u0686,conv0001028,sess0002079,A,1,3.38,2024-01-03 00:00:00
u0686,conv0001028,sess0002080,A,0,2.62,2024-01-08 03:00:00
u0686,conv0001029,sess0002081,A,0,3.57,2024-01-02 04:00:00
u0687,conv0001030,sess0002082,A,1,5.0,2024-01-06 22:00:00
u0687,conv0001031,sess0002083,A,0,2.39,2024-01-07 14:00:00
u0688,conv0001032,sess0002084,A,1,4.73,2024-01-03 18:00:00
u0688,conv0001032,sess0002085,A,1,3.49,2024-01-08 02:00:00
u0688,conv0001032,sess0002086,A,0,2.98,2024-01-08 19:00:00
u0688,conv0001032,sess0002087,A,1,4.46,2024-01-10 10:00:00
u0689,conv0001033,sess0002088,A,1,3.99,2024-01-04 00:00:00
u0690,conv0001035,sess0002089,A,1,4.53,2024-01-03 10:00:00
u0691,conv0001037,sess0002090,A,0,1.32,2024-01-03 14:00:00
u0691,conv0001038,sess0002091,A,1,4.85,2024-01-01 06:00:00
u0692,conv0001039,sess0002092,A,1,4.08,2024-01-01 00:00:00
u0692,conv0001039,sess0002093,A,0,2.16,2024-01-05 16:00:00
u0692,conv0001039,sess0002094,A,1,3.54,2024-01-07 12:00:00
u0692,conv0001039,sess0002095,A,1,4.52,2024-01-06 04:00:00
u0692,conv0001039,sess0002096,A,1,5.0,2024-01-14 19:00:00
u0693,conv0001040,sess0002097,A,1,4.5,2024-01-05 14:00:00
u0693,conv0001040,sess0002098,A,0,2.82,2024-01-01 12:00:00
u0693,conv0001040,sess0002099,A,0,3.43,2024-01-04 07:00:00
u0694,conv0001041,sess0002100,A,1,3.95,2024-01-04 04:00:00
u0694,conv0001041,sess0002101,A,1,5.0,2024-01-06 13:00:00
u0695,conv0001042,sess0002102,A,0,2.07,2024-01-04 17:00:00
u0695,conv0001042,sess0002103,A,1,4.49,2024-01-09 00:00:00
u0695,conv0001043,sess0002104,A,1,3.23,2024-01-02 18:00:00
u0696,conv0001044,sess0002105,A,1,4.0,2024-01-02 21:00:00
u0696,conv0001044,sess0002106,A,1,2.5,2024-01-02 15:00:00
u0696,conv0001045,sess0002107,A,1,4.2,2024-01-06 13:00:00
u0697,conv0001046,sess0002108,A,1,3.15,2024-01-04 10:00:00
u0697,conv0001046,sess0002109,A,1,4.36,2024-01-03 04:00:00
u0697,conv0001047,sess0002110,A,1,4.07,2024-01-02 09:00:00
u0698,conv0001048,sess0002111,A,1,5.0,2024-01-03 03:00:00
u0698,conv0001048,sess0002112,A,1,3.99,2024-01-03 08:00:00
u0698,conv0001048,sess0002113,A,1,4.29,2024-01-07 12:00:00
u0699,conv0001049,sess0002114,A,1,3.82,2024-01-07 16:00:00
u0699,conv0001049,sess0002115,A,0,2.4,2024-01-06 04:00:00
u0699,conv0001049,sess0002116,A,0,2.54,2024-01-13 00:00:00
u0700,conv0001050,sess0002117,A,1,3.69,2024-01-07 10:00:00
u0700,conv0001050,sess0002118,A,1,3.83,2024-01-04 00:00:00
u0700,conv0001051,sess0002119,A,0,2.87,2024-01-04 09:00:00
u0701,conv0001052,sess0002120,A,1,3.01,2024-01-02 19:00:00
u0701,conv0001052,sess0002121,A,0,3.01,2024-01-04 23:00:00
u0702,conv0001053,sess0002122,A,1,3.81,2024-01-04 08:00:00
u0702,conv0001053,sess0002123,A,1,4.6,2024-01-05 17:00:00
u0702,conv0001053,sess0002124,A,0,2.01,2024-01-04 06:00:00
u0702,conv0001053,sess0002125,A,1,3.99,2024-01-13 16:00:00
u0702,conv0001053,sess0002126,A,0,2.46,2024-01-10 17:00:00
u0703,conv0001054,sess0002127,A,0,3.86,2024-01-01 12:00:00
u0703,conv0001054,sess0002128,A,1,5.0,2024-01-08 18:00:00
u0703,conv0001055,sess0002129,A,0,3.04,2024-01-01 11:00:00
u0704,conv0001056,sess0002130,A,0,1.62,2024-01-02 11:00:00
u0705,conv0001058,sess0002131,A,1,3.16,2024-01-02 14:00:00
u0705,conv0001058,sess0002132,A,0,1.95,2024-01-05 06:00:00
u0705,conv0001058,sess0002133,A,1,4.41,2024-01-08 12:00:00
u0705,conv0001058,sess0002134,A,1,2.66,2024-01-14 03:00:00
u0705,conv0001058,sess0002135,A,1,3.05,2024-01-12 17:00:00
u0706,conv0001059,sess0002136,A,1,3.96,2024-01-03 08:00:00
u0706,conv0001059,sess0002137,A,0,3.0,2024-01-08 01:00:00
u0707,conv0001060,sess0002138,A,0,1.53,2024-01-03 09:00:00
u0707,conv0001060,sess0002139,A,1,3.82,2024-01-08 22:00:00
u0708,conv0001061,sess0002140,A,1,4.22,2024-01-03 23:00:00
u0709,conv0001062,sess0002141,A,1,3.88,2024-01-01 16:00:00
u0709,conv0001062,sess0002142,A,0,3.61,2024-01-05 08:00:00
u0709,conv0001063,sess0002143,A,0,1.64,2024-01-04 17:00:00
u0709,conv0001063,sess0002144,A,1,4.96,2024-01-04 01:00:00
u0710,conv0001064,sess0002145,A,1,3.31,2024-01-07 18:00:00
u0710,conv0001064,sess0002146,A,0,0.99,2024-01-07 20:00:00
u0710,conv0001064,sess0002147,A,0,4.62,2024-01-11 23:00:00
u0711,conv0001065,sess0002148,A,1,4.31,2024-01-06 18:00:00
u0712,conv0001067,sess0002149,A,1,5.0,2024-01-05 08:00:00
u0712,conv0001067,sess0002150,A,0,2.17,2024-01-06 01:00:00
u0713,conv0001068,sess0002151,A,1,4.52,2024-01-03 06:00:00
u0713,conv0001068,sess0002152,A,1,5.0,2024-01-08 10:00:00
u0714,conv0001069,sess0002153,A,1,4.85,2024-01-02 08:00:00
u0715,conv0001071,sess0002154,A,0,3.64,2024-01-03 03:00:00
u0715,conv0001071,sess0002155,A,0,3.56,2024-01-06 06:00:00
u0715,conv0001071,sess0002156,A,0,2.4,2024-01-09 16:00:00
u0716,conv0001072,sess0002157,A,1,3.92,2024-01-05 09:00:00
u0716,conv0001072,sess0002158,A,1,3.34,2024-01-08 03:00:00
u0716,conv0001073,sess0002159,A,1,3.86,2024-01-01 07:00:00
u0716,conv0001073,sess0002160,A,0,3.09,2024-01-08 04:00:00
u0717,conv0001074,sess0002161,A,0,2.51,2024-01-02 23:00:00
u0717,conv0001074,sess0002162,A,0,0.32,2024-01-05 23:00:00
u0717,conv0001074,sess0002163,A,1,4.51,2024-01-07 12:00:00
u0718,conv0001075,sess0002164,A,0,2.77,2024-01-07 17:00:00
u0718,conv0001075,sess0002165,A,0,2.09,2024-01-06 11:00:00
u0718,conv0001075,sess0002166,A,1,5.0,2024-01-05 20:00:00
u0718,conv0001076,sess0002167,A,0,2.6,2024-01-03 19:00:00
u0718,conv0001076,sess0002168,A,1,3.63,2024-01-07 12:00:00
u0719,conv0001077,sess0002169,A,0,2.38,2024-01-04 02:00:00
u0719,conv0001078,sess0002170,A,1,3.13,2024-01-07 20:00:00
u0720,conv0001079,sess0002171,A,0,2.8,2024-01-06 13:00:00
u0720,conv0001079,sess0002172,A,0,2.32,2024-01-07 10:00:00
u0720,conv0001079,sess0002173,A,0,2.45,2024-01-02 11:00:00
u0720,conv0001079,sess0002174,A,0,3.37,2024-01-10 11:00:00
u0720,conv0001079,sess0002175,A,1,4.2,2024-01-08 21:00:00
u0721,conv0001080,sess0002176,A,1,3.79,2024-01-05 06:00:00
u0721,conv0001080,sess0002177,A,1,4.36,2024-01-05 15:00:00
u0721,conv0001081,sess0002178,A,0,3.41,2024-01-04 13:00:00
u0721,conv0001081,sess0002179,A,1,4.25,2024-01-08 14:00:00
u0722,conv0001082,sess0002180,A,1,3.81,2024-01-03 07:00:00
u0722,conv0001082,sess0002181,A,1,3.64,2024-01-02 09:00:00
u0722,conv0001082,sess0002182,A,1,3.69,2024-01-03 05:00:00
u0722,conv0001082,sess0002183,A,0,2.58,2024-01-10 09:00:00
u0722,conv0001082,sess0002184,A,1,4.33,2024-01-10 10:00:00
u0723,conv0001083,sess0002185,A,0,2.99,2024-01-07 14:00:00
u0723,conv0001083,sess0002186,A,1,5.0,2024-01-08 02:00:00
u0723,conv0001084,sess0002187,A,1,3.38,2024-01-02 16:00:00
u0724,conv0001085,sess0002188,A,1,4.19,2024-01-04 16:00:00
u0724,conv0001086,sess0002189,A,0,2.8,2024-01-06 13:00:00
u0725,conv0001087,sess0002190,A,0,1.88,2024-01-07 02:00:00
u0725,conv0001087,sess0002191,A,0,3.3,2024-01-03 19:00:00
u0725,conv0001087,sess0002192,A,0,2.5,2024-01-09 13:00:00
u0726,conv0001088,sess0002193,A,1,4.28,2024-01-07 17:00:00
u0727,conv0001090,sess0002194,A,0,3.63,2024-01-01 04:00:00
u0727,conv0001090,sess0002195,A,0,2.56,2024-01-06 01:00:00
u0727,conv0001091,sess0002196,A,1,3.17,2024-01-05 12:00:00
u0728,conv0001092,sess0002197,A,1,4.9,2024-01-07 12:00:00
u0728,conv0001093,sess0002198,A,0,2.01,2024-01-02 04:00:00
u0729,conv0001094,sess0002199,A,1,4.32,2024-01-01 16:00:00
u0729,conv0001095,sess0002200,A,1,3.92,2024-01-07 14:00:00
u0730,conv0001096,sess0002201,A,1,4.02,2024-01-02 22:00:00
u0730,conv0001096,sess0002202,A,1,4.09,2024-01-01 22:00:00
u0730,conv0001097,sess0002203,A,0,1.51,2024-01-03 12:00:00
u0730,conv0001097,sess0002204,A,0,2.42,2024-01-08 15:00:00
u0731,conv0001098,sess0002205,A,1,4.41,2024-01-07 10:00:00
u0731,conv0001098,sess0002206,A,1,3.29,2024-01-08 19:00:00
u0732,conv0001099,sess0002207,A,1,2.95,2024-01-06 17:00:00
u0732,conv0001099,sess0002208,A,0,2.29,2024-01-09 04:00:00
u0732,conv0001099,sess0002209,A,1,5.0,2024-01-05 20:00:00
u0732,conv0001100,sess0002210,A,1,2.93,2024-01-05 04:00:00
u0732,conv0001100,sess0002211,A,1,4.14,2024-01-02 15:00:00
u0733,conv0001101,sess0002212,A,1,3.4,2024-01-03 03:00:00
u0733,conv0001101,sess0002213,A,1,3.18,2024-01-04 15:00:00
u0733,conv0001102,sess0002214,A,0,3.97,2024-01-01 02:00:00
u0734,conv0001103,sess0002215,A,0,2.04,2024-01-01 17:00:00
u0734,conv0001103,sess0002216,A,1,5.0,2024-01-05 14:00:00
u0734,conv0001103,sess0002217,A,1,3.92,2024-01-05 16:00:00
u0734,conv0001103,sess0002218,A,0,3.45,2024-01-07 00:00:00
u0734,conv0001103,sess0002219,A,1,4.16,2024-01-15 07:00:00
u0735,conv0001104,sess0002220,A,1,3.36,2024-01-04 03:00:00
u0735,conv0001104,sess0002221,A,0,2.26,2024-01-09 00:00:00
u0736,conv0001105,sess0002222,A,1,3.73,2024-01-06 16:00:00
u0736,conv0001105,sess0002223,A,1,4.84,2024-01-05 00:00:00
u0736,conv0001106,sess0002224,A,1,4.9,2024-01-02 18:00:00
u0737,conv0001107,sess0002225,A,1,4.57,2024-01-04 02:00:00
u0738,conv0001108,sess0002226,A,0,4.0,2024-01-07 00:00:00
u0738,conv0001108,sess0002227,A,0,4.5,2024-01-05 15:00:00
u0738,conv0001108,sess0002228,A,0,1.34,2024-01-09 21:00:00
u0738,conv0001108,sess0002229,A,0,4.11,2024-01-13 08:00:00
u0738,conv0001108,sess0002230,A,0,3.12,2024-01-10 00:00:00
u0739,conv0001109,sess0002231,A,0,2.64,2024-01-02 03:00:00
u0739,conv0001109,sess0002232,A,1,4.1,2024-01-05 15:00:00
u0739,conv0001109,sess0002233,A,0,2.81,2024-01-12 01:00:00
u0739,conv0001109,sess0002234,A,0,1.35,2024-01-02 22:00:00
u0740,conv0001110,sess0002235,A,0,2.13,2024-01-07 21:00:00
u0740,conv0001110,sess0002236,A,0,3.16,2024-01-07 15:00:00
u0740,conv0001111,sess0002237,A,0,3.41,2024-01-01 08:00:00
u0740,conv0001111,sess0002238,A,1,4.69,2024-01-05 07:00:00
u0741,conv0001112,sess0002239,A,1,4.75,2024-01-05 15:00:00
u0741,conv0001112,sess0002240,A,1,4.25,2024-01-04 22:00:00
u0741,conv0001112,sess0002241,A,1,2.62,2024-01-05 06:00:00
u0741,conv0001112,sess0002242,A,1,4.21,2024-01-14 02:00:00
u0741,conv0001112,sess0002243,A,0,1.89,2024-01-13 00:00:00
u0742,conv0001113,sess0002244,A,0,4.65,2024-01-03 22:00:00
u0743,conv0001114,sess0002245,A,0,2.51,2024-01-01 19:00:00
u0744,conv0001116,sess0002246,A,1,4.89,2024-01-07 23:00:00
u0744,conv0001116,sess0002247,A,1,3.75,2024-01-02 20:00:00
u0744,conv0001116,sess0002248,A,0,3.15,2024-01-10 14:00:00
u0744,conv0001116,sess0002249,A,1,4.2,2024-01-11 03:00:00
u0744,conv0001116,sess0002250,A,1,4.72,2024-01-14 13:00:00
u0745,conv0001117,sess0002251,A,0,1.81,2024-01-02 01:00:00
u0746,conv0001118,sess0002252,A,0,2.36,2024-01-07 07:00:00
u0746,conv0001118,sess0002253,A,1,2.77,2024-01-05 05:00:00
u0747,conv0001119,sess0002254,A,0,2.63,2024-01-07 09:00:00
u0748,conv0001120,sess0002255,A,0,2.6,2024-01-01 15:00:00
u0749,conv0001122,sess0002256,A,1,5.0,2024-01-01 18:00:00
u0749,conv0001122,sess0002257,A,1,3.96,2024-01-05 04:00:00
u0749,conv0001123,sess0002258,A,1,5.0,2024-01-04 18:00:00
u0750,conv0001124,sess0002259,A,1,3.36,2024-01-07 02:00:00
u0750,conv0001124,sess0002260,A,1,3.91,2024-01-02 06:00:00
u0751,conv0001125,sess0002261,A,0,2.45,2024-01-02 01:00:00
u0751,conv0001125,sess0002262,A,1,5.0,2024-01-07 08:00:00
u0751,conv0001125,sess0002263,A,0,3.13,2024-01-09 03:00:00
u0751,conv0001125,sess0002264,A,1,3.89,2024-01-11 04:00:00
u0752,conv0001126,sess0002265,A,0,2.43,2024-01-01 01:00:00
u0753,conv0001128,sess0002266,A,1,3.98,2024-01-07 21:00:00
u0753,conv0001128,sess0002267,A,1,3.96,2024-01-09 14:00:00
u0753,conv0001129,sess0002268,A,0,2.86,2024-01-03 20:00:00
u0754,conv0001130,sess0002269,A,1,3.47,2024-01-02 03:00:00
u0754,conv0001130,sess0002270,A,0,2.98,2024-01-04 05:00:00
u0755,conv0001131,sess0002271,A,1,2.08,2024-01-05 18:00:00
u0755,conv0001131,sess0002272,A,1,3.98,2024-01-04 08:00:00
u0755,conv0001131,sess0002273,A,0,2.2,2024-01-08 09:00:00
u0755,conv0001132,sess0002274,A,0,0.95,2024-01-05 08:00:00
u0755,conv0001132,sess0002275,A,1,4.57,2024-01-04 13:00:00
u0756,conv0001133,sess0002276,A,1,3.81,2024-01-07 20:00:00
u0756,conv0001133,sess0002277,A,1,4.31,2024-01-03 07:00:00
u0756,conv0001133,sess0002278,A,0,1.83,2024-01-10 03:00:00
u0756,conv0001133,sess0002279,A,0,1.99,2024-01-06 20:00:00
u0756,conv0001133,sess0002280,A,1,3.75,2024-01-07 16:00:00
u0757,conv0001134,sess0002281,A,1,3.86,2024-01-05 15:00:00
u0758,conv0001135,sess0002282,A,0,1.92,2024-01-07 07:00:00
u0758,conv0001135,sess0002283,A,1,3.96,2024-01-05 04:00:00
u0758,conv0001136,sess0002284,A,1,3.23,2024-01-07 06:00:00
u0759,conv0001137,sess0002285,A,1,5.0,2024-01-05 14:00:00
u0759,conv0001137,sess0002286,A,1,4.51,2024-01-04 08:00:00
u0759,conv0001138,sess0002287,A,1,3.82,2024-01-03 08:00:00
u0760,conv0001139,sess0002288,A,1,3.03,2024-01-07 02:00:00
u0760,conv0001140,sess0002289,A,0,3.1,2024-01-04 14:00:00
u0761,conv0001141,sess0002290,A,1,4.35,2024-01-05 22:00:00
u0762,conv0001142,sess0002291,A,0,2.11,2024-01-01 21:00:00
u0762,conv0001143,sess0002292,A,0,2.86,2024-01-06 20:00:00
u0763,conv0001144,sess0002293,A,0,2.66,2024-01-03 08:00:00
u0764,conv0001145,sess0002294,A,0,2.33,2024-01-05 18:00:00
u0765,conv0001147,sess0002295,A,1,3.19,2024-01-05 06:00:00
u0765,conv0001147,sess0002296,A,1,4.42,2024-01-02 09:00:00
u0765,conv0001147,sess0002297,A,0,3.69,2024-01-06 21:00:00
u0765,conv0001147,sess0002298,A,1,4.39,2024-01-12 16:00:00
u0765,conv0001147,sess0002299,A,0,2.39,2024-01-10 20:00:00
u0766,conv0001148,sess0002300,A,0,2.58,2024-01-02 20:00:00
u0766,conv0001148,sess0002301,A,1,4.15,2024-01-08 07:00:00
u0766,conv0001148,sess0002302,A,1,3.84,2024-01-10 14:00:00
u0766,conv0001148,sess0002303,A,1,4.17,2024-01-10 05:00:00
u0766,conv0001148,sess0002304,A,0,3.42,2024-01-09 16:00:00
u0767,conv0001149,sess0002305,A,1,3.95,2024-01-01 11:00:00
u0767,conv0001149,sess0002306,A,0,1.56,2024-01-02 20:00:00
u0768,conv0001150,sess0002307,A,1,3.98,2024-01-05 09:00:00
u0768,conv0001151,sess0002308,A,1,4.15,2024-01-02 03:00:00
u0769,conv0001152,sess0002309,A,1,4.11,2024-01-06 03:00:00
u0769,conv0001152,sess0002310,A,1,3.99,2024-01-03 15:00:00
u0769,conv0001153,sess0002311,A,1,3.99,2024-01-07 11:00:00
u0770,conv0001154,sess0002312,A,0,0.62,2024-01-06 18:00:00
u0770,conv0001154,sess0002313,A,1,4.39,2024-01-04 19:00:00
u0770,conv0001155,sess0002314,A,1,4.61,2024-01-03 03:00:00
u0770,conv0001155,sess0002315,A,0,1.71,2024-01-06 17:00:00
u0771,conv0001156,sess0002316,A,1,3.33,2024-01-07 13:00:00
u0772,conv0001157,sess0002317,A,0,2.26,2024-01-06 14:00:00
u0772,conv0001157,sess0002318,A,1,2.36,2024-01-05 01:00:00
u0773,conv0001158,sess0002319,A,1,3.65,2024-01-07 11:00:00
u0773,conv0001159,sess0002320,A,0,2.89,2024-01-07 10:00:00
u0774,conv0001160,sess0002321,A,1,4.11,2024-01-07 09:00:00
u0775,conv0001162,sess0002322,A,1,4.31,2024-01-02 04:00:00
u0775,conv0001162,sess0002323,A,0,2.47,2024-01-04 07:00:00
u0775,conv0001162,sess0002324,A,1,2.54,2024-01-12 08:00:00
u0776,conv0001163,sess0002325,A,0,1.15,2024-01-04 03:00:00
u0776,conv0001163,sess0002326,A,1,4.36,2024-01-06 22:00:00
u0776,conv0001163,sess0002327,A,0,1.78,2024-01-08 14:00:00
u0776,conv0001164,sess0002328,A,1,4.78,2024-01-05 12:00:00
u0776,conv0001164,sess0002329,A,1,3.69,2024-01-06 13:00:00
u0777,conv0001165,sess0002330,A,0,3.03,2024-01-04 06:00:00
u0777,conv0001165,sess0002331,A,1,3.98,2024-01-06 09:00:00
u0778,conv0001166,sess0002332,A,1,3.5,2024-01-05 10:00:00
u0778,conv0001166,sess0002333,A,0,2.1,2024-01-08 21:00:00
u0778,conv0001167,sess0002334,A,1,4.89,2024-01-04 07:00:00
u0778,conv0001167,sess0002335,A,0,2.23,2024-01-08 01:00:00
u0779,conv0001168,sess0002336,A,1,4.4,2024-01-05 05:00:00
u0780,conv0001169,sess0002337,A,1,3.24,2024-01-06 18:00:00
u0781,conv0001171,sess0002338,A,1,3.55,2024-01-01 23:00:00
u0781,conv0001171,sess0002339,A,1,5.0,2024-01-08 16:00:00
u0781,conv0001171,sess0002340,A,1,5.0,2024-01-08 21:00:00
u0782,conv0001172,sess0002341,A,1,4.14,2024-01-06 01:00:00
u0782,conv0001172,sess0002342,A,0,3.36,2024-01-04 15:00:00
u0782,conv0001173,sess0002343,A,0,2.56,2024-01-06 06:00:00
u0783,conv0001174,sess0002344,A,1,5.0,2024-01-05 17:00:00
u0783,conv0001175,sess0002345,A,0,4.28,2024-01-04 20:00:00
u0784,conv0001176,sess0002346,A,0,1.56,2024-01-05 23:00:00
u0785,conv0001177,sess0002347,A,0,1.21,2024-01-02 00:00:00
u0786,conv0001178,sess0002348,A,0,4.32,2024-01-06 07:00:00
u0786,conv0001178,sess0002349,A,0,2.87,2024-01-05 12:00:00
u0786,conv0001178,sess0002350,A,1,4.7,2024-01-09 12:00:00
u0787,conv0001179,sess0002351,A,1,4.84,2024-01-01 13:00:00
u0787,conv0001179,sess0002352,A,0,2.18,2024-01-08 18:00:00
u0787,conv0001179,sess0002353,A,0,3.35,2024-01-06 02:00:00
u0787,conv0001180,sess0002354,A,1,4.04,2024-01-01 01:00:00
u0787,conv0001180,sess0002355,A,1,2.09,2024-01-04 00:00:00
u0788,conv0001181,sess0002356,A,0,3.08,2024-01-02 09:00:00
u0788,conv0001181,sess0002357,A,0,1.69,2024-01-07 19:00:00
u0788,conv0001181,sess0002358,A,1,3.71,2024-01-11 13:00:00
u0788,conv0001182,sess0002359,A,1,3.97,2024-01-04 05:00:00
u0788,conv0001182,sess0002360,A,1,4.44,2024-01-06 10:00:00
u0789,conv0001183,sess0002361,A,1,3.9,2024-01-05 11:00:00
u0790,conv0001184,sess0002362,A,0,2.55,2024-01-07 05:00:00
u0790,conv0001184,sess0002363,A,1,3.6,2024-01-07 01:00:00
u0790,conv0001184,sess0002364,A,1,3.74,2024-01-05 21:00:00
u0791,conv0001185,sess0002365,A,1,4.55,2024-01-01 11:00:00
u0791,conv0001185,sess0002366,A,0,2.75,2024-01-08 22:00:00
u0791,conv0001185,sess0002367,A,1,4.34,2024-01-08 05:00:00
u0792,conv0001186,sess0002368,A,1,3.38,2024-01-01 01:00:00
u0792,conv0001186,sess0002369,A,1,4.33,2024-01-07 06:00:00
u0792,conv0001187,sess0002370,A,0,3.4,2024-01-03 05:00:00
u0792,conv0001187,sess0002371,A,0,1.11,2024-01-08 04:00:00
u0793,conv0001188,sess0002372,A,1,4.46,2024-01-05 19:00:00
u0793,conv0001188,sess0002373,A,1,3.62,2024-01-05 16:00:00
u0793,conv0001188,sess0002374,A,1,4.46,2024-01-11 13:00:00
u0793,conv0001189,sess0002375,A,1,4.71,2024-01-05 20:00:00
u0793,conv0001189,sess0002376,A,1,3.9,2024-01-09 03:00:00
u0794,conv0001190,sess0002377,A,1,3.92,2024-01-03 08:00:00
u0794,conv0001190,sess0002378,A,1,4.93,2024-01-05 09:00:00
u0795,conv0001191,sess0002379,A,0,2.24,2024-01-02 14:00:00
u0795,conv0001191,sess0002380,A,1,3.69,2024-01-03 05:00:00
u0795,conv0001191,sess0002381,A,1,4.62,2024-01-03 08:00:00
u0795,conv0001192,sess0002382,A,1,3.82,2024-01-04 12:00:00
u0795,conv0001192,sess0002383,A,1,3.88,2024-01-07 16:00:00
u0796,conv0001193,sess0002384,A,1,3.51,2024-01-06 01:00:00
u0797,conv0001194,sess0002385,A,1,4.75,2024-01-02 10:00:00
u0797,conv0001194,sess0002386,A,1,3.02,2024-01-03 04:00:00
u0797,conv0001194,sess0002387,A,1,3.2,2024-01-02 23:00:00
u0797,conv0001195,sess0002388,A,1,3.98,2024-01-01 02:00:00
u0797,conv0001195,sess0002389,A,1,3.33,2024-01-05 16:00:00
u0798,conv0001196,sess0002390,A,1,4.09,2024-01-05 05:00:00
u0798,conv0001196,sess0002391,A,1,4.98,2024-01-03 11:00:00
u0798,conv0001196,sess0002392,A,0,3.06,2024-01-09 16:00:00
u0798,conv0001196,sess0002393,A,0,2.74,2024-01-10 17:00:00
u0799,conv0001197,sess0002394,A,1,3.93,2024-01-03 06:00:00
u0799,conv0001197,sess0002395,A,0,3.54,2024-01-08 07:00:00
u0799,conv0001197,sess0002396,A,0,2.41,2024-01-04 18:00:00
u0799,conv0001197,sess0002397,A,1,4.57,2024-01-05 01:00:00
u0799,conv0001197,sess0002398,A,1,5.0,2024-01-05 18:00:00
u0800,conv0001198,sess0002399,A,1,3.69,2024-01-07 02:00:00
u0801,conv0001199,sess0002400,A,1,4.53,2024-01-06 17:00:00
u0801,conv0001199,sess0002401,A,1,3.98,2024-01-08 15:00:00
u0801,conv0001199,sess0002402,A,1,3.44,2024-01-08 21:00:00
u0801,conv0001200,sess0002403,A,1,4.74,2024-01-05 23:00:00
u0801,conv0001200,sess0002404,A,1,2.37,2024-01-08 02:00:00
u0802,conv0001201,sess0002405,A,1,3.82,2024-01-05 08:00:00
u0802,conv0001201,sess0002406,A,1,4.14,2024-01-06 14:00:00
u0802,conv0001201,sess0002407,A,1,4.38,2024-01-08 20:00:00
u0803,conv0001202,sess0002408,A,1,4.57,2024-01-05 09:00:00
u0804,conv0001203,sess0002409,A,0,3.48,2024-01-03 21:00:00
u0804,conv0001203,sess0002410,A,1,3.41,2024-01-07 12:00:00
u0804,conv0001204,sess0002411,A,0,1.24,2024-01-06 17:00:00
u0805,conv0001205,sess0002412,A,1,3.78,2024-01-06 09:00:00
u0805,conv0001205,sess0002413,A,1,4.95,2024-01-09 02:00:00
u0805,conv0001206,sess0002414,A,0,2.57,2024-01-03 06:00:00
u0805,conv0001206,sess0002415,A,1,4.92,2024-01-06 08:00:00
u0806,conv0001207,sess0002416,A,1,5.0,2024-01-04 21:00:00
u0806,conv0001208,sess0002417,A,0,3.41,2024-01-06 06:00:00
u0807,conv0001209,sess0002418,A,1,4.18,2024-01-01 20:00:00
u0807,conv0001209,sess0002419,A,1,4.0,2024-01-04 17:00:00
u0807,conv0001209,sess0002420,A,0,3.34,2024-01-07 21:00:00
u0808,conv0001210,sess0002421,A,0,3.2,2024-01-07 20:00:00
u0808,conv0001211,sess0002422,A,1,3.83,2024-01-01 21:00:00
u0809,conv0001212,sess0002423,A,0,0.99,2024-01-05 22:00:00
u0809,conv0001212,sess0002424,A,1,4.05,2024-01-06 04:00:00
u0809,conv0001213,sess0002425,A,1,3.96,2024-01-06 22:00:00
u0809,conv0001213,sess0002426,A,0,0.93,2024-01-09 08:00:00
u0810,conv0001214,sess0002427,A,1,4.46,2024-01-01 09:00:00
u0810,conv0001215,sess0002428,A,1,4.57,2024-01-03 05:00:00
u0811,conv0001216,sess0002429,A,1,3.92,2024-01-07 05:00:00
u0811,conv0001216,sess0002430,A,1,4.82,2024-01-01 22:00:00
u0811,conv0001217,sess0002431,A,1,2.45,2024-01-02 12:00:00
u0812,conv0001218,sess0002432,A,0,2.41,2024-01-06 19:00:00
u0812,conv0001218,sess0002433,A,1,2.16,2024-01-06 21:00:00
u0812,conv0001218,sess0002434,A,0,2.76,2024-01-05 20:00:00
u0812,conv0001218,sess0002435,A,0,2.37,2024-01-05 09:00:00
u0813,conv0001219,sess0002436,A,1,3.68,2024-01-04 02:00:00
u0813,conv0001219,sess0002437,A,1,4.81,2024-01-06 16:00:00
u0813,conv0001219,sess0002438,A,1,3.53,2024-01-10 16:00:00
u0813,conv0001219,sess0002439,A,0,2.3,2024-01-14 15:00:00
u0813,conv0001219,sess0002440,A,0,2.13,2024-01-10 16:00:00
u0814,conv0001220,sess0002441,A,1,4.7,2024-01-05 11:00:00
u0814,conv0001220,sess0002442,A,0,1.63,2024-01-08 11:00:00
u0814,conv0001220,sess0002443,A,1,5.0,2024-01-09 21:00:00
u0814,conv0001220,sess0002444,A,1,4.63,2024-01-09 09:00:00
u0814,conv0001220,sess0002445,A,1,3.5,2024-01-08 18:00:00
u0815,conv0001221,sess0002446,A,1,3.74,2024-01-06 23:00:00
u0815,conv0001221,sess0002447,A,1,5.0,2024-01-08 16:00:00
u0815,conv0001221,sess0002448,A,0,1.34,2024-01-09 19:00:00
u0815,conv0001221,sess0002449,A,0,2.22,2024-01-08 12:00:00
u0816,conv0001222,sess0002450,A,0,0.78,2024-01-07 03:00:00
u0816,conv0001222,sess0002451,A,1,4.12,2024-01-09 17:00:00
u0816,conv0001222,sess0002452,A,1,3.48,2024-01-05 11:00:00
u0817,conv0001223,sess0002453,A,0,2.23,2024-01-03 02:00:00
u0817,conv0001223,sess0002454,A,1,3.8,2024-01-04 03:00:00
u0817,conv0001223,sess0002455,A,1,4.13,2024-01-05 04:00:00
u0818,conv0001224,sess0002456,A,0,1.31,2024-01-07 04:00:00
u0819,conv0001225,sess0002457,A,0,2.68,2024-01-06 17:00:00
u0819,conv0001225,sess0002458,A,1,4.36,2024-01-07 14:00:00
u0819,conv0001225,sess0002459,A,0,2.94,2024-01-05 20:00:00
u0819,conv0001225,sess0002460,A,0,2.55,2024-01-04 12:00:00
u0820,conv0001226,sess0002461,A,1,3.48,2024-01-07 14:00:00
u0820,conv0001226,sess0002462,A,0,2.52,2024-01-06 00:00:00
u0821,conv0001227,sess0002463,A,1,4.51,2024-01-03 16:00:00
u0821,conv0001227,sess0002464,A,1,3.66,2024-01-06 22:00:00
u0821,conv0001227,sess0002465,A,0,2.18,2024-01-10 20:00:00
u0822,conv0001228,sess0002466,A,1,4.21,2024-01-07 00:00:00
u0822,conv0001228,sess0002467,A,1,4.05,2024-01-04 21:00:00
u0822,conv0001229,sess0002468,A,1,4.35,2024-01-06 00:00:00
u0822,conv0001229,sess0002469,A,1,2.67,2024-01-06 04:00:00
u0823,conv0001230,sess0002470,A,1,4.08,2024-01-02 02:00:00
u0824,conv0001231,sess0002471,A,0,3.35,2024-01-05 23:00:00
u0824,conv0001231,sess0002472,A,0,1.83,2024-01-06 01:00:00
u0824,conv0001231,sess0002473,A,1,4.04,2024-01-09 14:00:00
u0825,conv0001232,sess0002474,A,0,2.02,2024-01-04 20:00:00
u0825,conv0001232,sess0002475,A,1,3.97,2024-01-07 19:00:00
u0826,conv0001233,sess0002476,A,1,4.09,2024-01-02 08:00:00
u0826,conv0001233,sess0002477,A,1,3.84,2024-01-09 13:00:00
u0826,conv0001233,sess0002478,A,0,3.07,2024-01-08 05:00:00
u0826,conv0001234,sess0002479,A,0,1.65,2024-01-02 09:00:00
u0826,conv0001234,sess0002480,A,0,3.88,2024-01-06 13:00:00
u0827,conv0001235,sess0002481,A,0,3.59,2024-01-05 03:00:00
u0828,conv0001236,sess0002482,A,1,3.86,2024-01-03 17:00:00
u0828,conv0001236,sess0002483,A,0,1.26,2024-01-04 09:00:00
u0828,conv0001236,sess0002484,A,0,1.2,2024-01-11 02:00:00
u0828,conv0001236,sess0002485,A,0,2.99,2024-01-12 16:00:00
u0828,conv0001236,sess0002486,A,1,4.5,2024-01-15 17:00:00
u0829,conv0001237,sess0002487,A,1,3.18,2024-01-05 18:00:00
u0830,conv0001239,sess0002488,A,1,4.51,2024-01-06 05:00:00
u0830,conv0001239,sess0002489,A,0,2.1,2024-01-09 13:00:00
u0831,conv0001240,sess0002490,A,1,2.71,2024-01-03 23:00:00
u0831,conv0001240,sess0002491,A,1,4.26,2024-01-07 07:00:00
u0832,conv0001241,sess0002492,A,0,3.23,2024-01-06 16:00:00
u0833,conv0001242,sess0002493,A,1,3.59,2024-01-06 10:00:00
u0833,conv0001242,sess0002494,A,0,3.08,2024-01-09 07:00:00
u0833,conv0001242,sess0002495,A,1,4.41,2024-01-10 15:00:00
u0834,conv0001243,sess0002496,A,1,3.65,2024-01-01 13:00:00
u0834,conv0001243,sess0002497,A,1,3.36,2024-01-06 20:00:00
u0834,conv0001243,sess0002498,A,0,3.07,2024-01-10 00:00:00
u0834,conv0001243,sess0002499,A,1,3.65,2024-01-06 05:00:00
u0834,conv0001243,sess0002500,A,0,1.56,2024-01-09 08:00:00
u0835,conv0001244,sess0002501,A,1,4.22,2024-01-02 05:00:00
u0835,conv0001244,sess0002502,A,1,4.03,2024-01-03 00:00:00
u0835,conv0001244,sess0002503,A,1,3.91,2024-01-10 12:00:00
u0835,conv0001244,sess0002504,A,1,4.19,2024-01-08 06:00:00
u0836,conv0001245,sess0002505,A,1,2.41,2024-01-02 18:00:00
u0836,conv0001245,sess0002506,A,1,2.66,2024-01-06 03:00:00
u0836,conv0001245,sess0002507,A,0,2.84,2024-01-06 04:00:00
u0836,conv0001246,sess0002508,A,0,3.1,2024-01-05 12:00:00
u0836,conv0001246,sess0002509,A,1,3.45,2024-01-07 00:00:00
u0837,conv0001247,sess0002510,A,0,2.83,2024-01-07 07:00:00
u0837,conv0001248,sess0002511,A,1,3.5,2024-01-05 11:00:00
u0838,conv0001249,sess0002512,A,0,3.42,2024-01-04 05:00:00
u0839,conv0001251,sess0002513,A,1,4.35,2024-01-02 15:00:00
u0839,conv0001251,sess0002514,A,0,2.27,2024-01-08 02:00:00
u0840,conv0001252,sess0002515,A,1,4.06,2024-01-07 12:00:00
u0840,conv0001252,sess0002516,A,0,3.51,2024-01-04 21:00:00
u0840,conv0001252,sess0002517,A,1,3.92,2024-01-07 18:00:00
u0840,conv0001252,sess0002518,A,1,2.92,2024-01-08 23:00:00
u0840,conv0001252,sess0002519,A,1,4.95,2024-01-16 00:00:00
u0841,conv0001253,sess0002520,A,1,4.33,2024-01-03 06:00:00
u0841,conv0001253,sess0002521,A,0,2.67,2024-01-04 18:00:00
u0841,conv0001254,sess0002522,A,1,2.94,2024-01-07 02:00:00
u0841,conv0001254,sess0002523,A,1,4.68,2024-01-05 18:00:00
u0842,conv0001255,sess0002524,A,1,3.82,2024-01-03 02:00:00
u0843,conv0001257,sess0002525,A,1,4.74,2024-01-02 15:00:00
u0844,conv0001258,sess0002526,A,0,2.4,2024-01-03 03:00:00
u0844,conv0001258,sess0002527,A,1,3.89,2024-01-06 00:00:00
u0844,conv0001258,sess0002528,A,1,3.7,2024-01-07 18:00:00
u0844,conv0001258,sess0002529,A,1,4.06,2024-01-11 12:00:00
u0844,conv0001258,sess0002530,A,1,2.97,2024-01-09 01:00:00
u0845,conv0001259,sess0002531,A,1,3.86,2024-01-03 01:00:00
u0845,conv0001259,sess0002532,A,1,5.0,2024-01-04 06:00:00
u0845,conv0001260,sess0002533,A,0,2.11,2024-01-04 18:00:00
u0845,conv0001260,sess0002534,A,1,4.45,2024-01-06 10:00:00
u0846,conv0001261,sess0002535,A,0,2.55,2024-01-02 08:00:00
u0846,conv0001261,sess0002536,A,1,4.69,2024-01-06 22:00:00
u0846,conv0001261,sess0002537,A,1,4.67,2024-01-05 16:00:00
u0846,conv0001261,sess0002538,A,1,3.36,2024-01-15 06:00:00
u0846,conv0001261,sess0002539,A,1,4.97,2024-01-10 13:00:00
u0847,conv0001262,sess0002540,A,0,2.14,2024-01-06 14:00:00
u0847,conv0001262,sess0002541,A,0,3.26,2024-01-03 05:00:00
u0847,conv0001263,sess0002542,A,0,3.38,2024-01-06 00:00:00
u0848,conv0001264,sess0002543,A,1,4.6,2024-01-07 16:00:00
u0848,conv0001264,sess0002544,A,1,3.37,2024-01-05 23:00:00
u0848,conv0001264,sess0002545,A,0,2.74,2024-01-10 15:00:00
u0848,conv0001265,sess0002546,A,0,3.69,2024-01-04 20:00:00
u0848,conv0001265,sess0002547,A,0,2.22,2024-01-03 22:00:00
u0849,conv0001266,sess0002548,A,1,4.06,2024-01-06 05:00:00
u0849,conv0001266,sess0002549,A,1,3.74,2024-01-03 00:00:00
u0849,conv0001267,sess0002550,A,1,3.9,2024-01-01 03:00:00
u0850,conv0001268,sess0002551,A,1,5.0,2024-01-05 18:00:00
u0850,conv0001268,sess0002552,A,1,3.21,2024-01-05 18:00:00
u0850,conv0001268,sess0002553,A,1,3.19,2024-01-03 06:00:00
u0851,conv0001269,sess0002554,A,0,4.19,2024-01-01 21:00:00
u0851,conv0001269,sess0002555,A,0,3.31,2024-01-07 06:00:00
u0851,conv0001270,sess0002556,A,1,3.47,2024-01-01 11:00:00
u0852,conv0001271,sess0002557,A,1,3.28,2024-01-02 21:00:00
u0852,conv0001271,sess0002558,A,1,4.83,2024-01-03 20:00:00
u0853,conv0001272,sess0002559,A,1,4.37,2024-01-03 16:00:00
u0853,conv0001272,sess0002560,A,1,3.81,2024-01-02 12:00:00
u0853,conv0001273,sess0002561,A,1,3.77,2024-01-04 23:00:00
u0854,conv0001274,sess0002562,A,0,2.9,2024-01-02 15:00:00
u0854,conv0001275,sess0002563,A,0,2.4,2024-01-07 20:00:00
u0855,conv0001276,sess0002564,A,1,3.91,2024-01-02 07:00:00
u0855,conv0001276,sess0002565,A,0,2.8,2024-01-06 04:00:00
u0856,conv0001277,sess0002566,A,1,3.59,2024-01-02 05:00:00
u0857,conv0001279,sess0002567,A,0,2.64,2024-01-03 01:00:00
u0857,conv0001279,sess0002568,A,1,2.69,2024-01-08 22:00:00
u0857,conv0001279,sess0002569,A,1,3.55,2024-01-04 08:00:00
u0857,conv0001280,sess0002570,A,1,4.06,2024-01-02 20:00:00
u0857,conv0001280,sess0002571,A,0,1.43,2024-01-07 06:00:00
u0858,conv0001281,sess0002572,A,1,5.0,2024-01-06 12:00:00
u0859,conv0001283,sess0002573,A,1,4.12,2024-01-02 00:00:00
u0860,conv0001284,sess0002574,A,0,2.75,2024-01-05 04:00:00
u0860,conv0001284,sess0002575,A,1,4.06,2024-01-07 17:00:00
u0861,conv0001285,sess0002576,A,1,3.76,2024-01-01 09:00:00
u0861,conv0001285,sess0002577,A,1,3.86,2024-01-09 02:00:00
u0861,conv0001285,sess0002578,A,0,1.57,2024-01-07 13:00:00
u0862,conv0001286,sess0002579,A,1,3.48,2024-01-07 19:00:00
u0863,conv0001287,sess0002580,A,0,2.62,2024-01-02 03:00:00
u0864,conv0001289,sess0002581,A,1,4.05,2024-01-03 19:00:00
u0865,conv0001290,sess0002582,A,0,1.95,2024-01-02 21:00:00
u0865,conv0001290,sess0002583,A,1,4.84,2024-01-06 13:00:00
u0865,conv0001290,sess0002584,A,0,2.63,2024-01-05 18:00:00
u0865,conv0001290,sess0002585,A,0,1.89,2024-01-09 17:00:00
u0865,conv0001290,sess0002586,A,0,1.52,2024-01-08 02:00:00
u0866,conv0001291,sess0002587,A,1,4.21,2024-01-01 17:00:00
u0866,conv0001291,sess0002588,A,1,3.64,2024-01-08 00:00:00
u0866,conv0001292,sess0002589,A,1,4.54,2024-01-05 07:00:00
u0866,conv0001292,sess0002590,A,0,2.75,2024-01-05 12:00:00
u0867,conv0001293,sess0002591,A,0,2.81,2024-01-07 06:00:00
u0867,conv0001294,sess0002592,A,0,1.93,2024-01-03 20:00:00
u0868,conv0001295,sess0002593,A,0,2.04,2024-01-04 20:00:00
u0868,conv0001296,sess0002594,A,1,4.6,2024-01-01 07:00:00
u0869,conv0001297,sess0002595,A,1,4.72,2024-01-02 11:00:00
u0869,conv0001297,sess0002596,A,1,3.92,2024-01-04 10:00:00
u0869,conv0001297,sess0002597,A,0,2.2,2024-01-10 20:00:00
u0869,conv0001298,sess0002598,A,1,3.79,2024-01-03 00:00:00
u0869,conv0001298,sess0002599,A,0,3.21,2024-01-07 23:00:00
u0870,conv0001299,sess0002600,A,1,4.14,2024-01-01 07:00:00
u0870,conv0001300,sess0002601,A,0,2.95,2024-01-06 10:00:00
u0871,conv0001301,sess0002602,A,1,3.76,2024-01-04 07:00:00
u0872,conv0001302,sess0002603,A,0,2.04,2024-01-02 18:00:00
u0872,conv0001302,sess0002604,A,0,1.93,2024-01-09 06:00:00
u0873,conv0001303,sess0002605,A,0,2.02,2024-01-02 20:00:00
u0874,conv0001304,sess0002606,A,1,3.76,2024-01-05 12:00:00
u0874,conv0001304,sess0002607,A,0,3.3,2024-01-05 02:00:00
u0874,conv0001305,sess0002608,A,1,3.16,2024-01-04 03:00:00
u0875,conv0001306,sess0002609,A,1,5.0,2024-01-06 04:00:00
u0875,conv0001306,sess0002610,A,1,4.87,2024-01-04 20:00:00
u0875,conv0001307,sess0002611,A,0,2.34,2024-01-07 04:00:00
u0875,conv0001307,sess0002612,A,1,4.79,2024-01-08 01:00:00
u0876,conv0001308,sess0002613,A,1,4.28,2024-01-03 05:00:00
u0876,conv0001308,sess0002614,A,1,3.84,2024-01-08 08:00:00
u0876,conv0001308,sess0002615,A,1,4.54,2024-01-07 19:00:00
u0877,conv0001309,sess0002616,A,1,3.31,2024-01-02 23:00:00
u0877,conv0001309,sess0002617,A,0,1.5,2024-01-08 21:00:00
u0877,conv0001309,sess0002618,A,0,0.99,2024-01-06 00:00:00
u0877,conv0001310,sess0002619,A,0,1.89,2024-01-01 03:00:00
u0877,conv0001310,sess0002620,A,1,4.65,2024-01-06 07:00:00
u0878,conv0001311,sess0002621,A,1,4.12,2024-01-07 12:00:00
u0879,conv0001312,sess0002622,A,1,3.79,2024-01-05 08:00:00
u0879,conv0001312,sess0002623,A,0,3.46,2024-01-05 06:00:00
u0879,conv0001312,sess0002624,A,1,4.15,2024-01-03 15:00:00
u0879,conv0001313,sess0002625,A,1,4.13,2024-01-02 21:00:00
u0879,conv0001313,sess0002626,A,1,3.39,2024-01-08 05:00:00
u0880,conv0001314,sess0002627,A,1,4.76,2024-01-07 14:00:00
u0881,conv0001316,sess0002628,A,0,1.99,2024-01-06 11:00:00
u0881,conv0001316,sess0002629,A,1,3.87,2024-01-08 18:00:00
u0881,conv0001316,sess0002630,A,1,2.84,2024-01-09 13:00:00
u0881,conv0001317,sess0002631,A,1,2.72,2024-01-01 05:00:00
u0881,conv0001317,sess0002632,A,0,1.04,2024-01-01 19:00:00
u0882,conv0001318,sess0002633,A,1,3.86,2024-01-04 04:00:00
u0882,conv0001318,sess0002634,A,0,1.47,2024-01-04 22:00:00
u0883,conv0001319,sess0002635,A,1,2.79,2024-01-02 06:00:00
u0883,conv0001319,sess0002636,A,0,0.11,2024-01-09 15:00:00
u0883,conv0001319,sess0002637,A,1,3.62,2024-01-08 15:00:00
u0884,conv0001320,sess0002638,A,1,4.38,2024-01-06 06:00:00
u0884,conv0001321,sess0002639,A,1,4.75,2024-01-02 22:00:00
u0885,conv0001322,sess0002640,A,0,1.78,2024-01-02 07:00:00
u0886,conv0001324,sess0002641,A,0,1.87,2024-01-03 05:00:00
u0886,conv0001324,sess0002642,A,1,4.94,2024-01-06 15:00:00
u0886,conv0001325,sess0002643,A,0,2.78,2024-01-07 01:00:00
u0887,conv0001326,sess0002644,A,1,4.92,2024-01-05 08:00:00
u0888,conv0001328,sess0002645,A,0,1.46,2024-01-01 04:00:00
u0888,conv0001328,sess0002646,A,0,2.69,2024-01-04 23:00:00
u0888,conv0001328,sess0002647,A,1,3.42,2024-01-07 13:00:00
u0888,conv0001329,sess0002648,A,1,3.73,2024-01-03 00:00:00
u0888,conv0001329,sess0002649,A,1,5.0,2024-01-07 23:00:00
u0889,conv0001330,sess0002650,A,1,3.3,2024-01-02 18:00:00
u0889,conv0001330,sess0002651,A,0,1.0,2024-01-06 21:00:00
u0889,conv0001331,sess0002652,A,0,2.1,2024-01-02 23:00:00
u0890,conv0001332,sess0002653,A,1,3.17,2024-01-04 02:00:00
u0890,conv0001332,sess0002654,A,1,4.14,2024-01-03 07:00:00
u0890,conv0001333,sess0002655,A,0,2.45,2024-01-02 02:00:00
u0890,conv0001333,sess0002656,A,1,4.66,2024-01-05 14:00:00
u0891,conv0001334,sess0002657,A,0,2.11,2024-01-03 21:00:00
u0891,conv0001334,sess0002658,A,1,3.2,2024-01-06 08:00:00
u0891,conv0001335,sess0002659,A,1,3.35,2024-01-05 20:00:00
u0891,conv0001335,sess0002660,A,1,2.38,2024-01-05 14:00:00
u0892,conv0001336,sess0002661,A,0,2.95,2024-01-03 13:00:00
u0893,conv0001338,sess0002662,A,1,3.91,2024-01-06 20:00:00
u0893,conv0001338,sess0002663,A,1,4.7,2024-01-02 12:00:00
u0894,conv0001339,sess0002664,A,1,3.38,2024-01-02 03:00:00
u0894,conv0001339,sess0002665,A,1,2.98,2024-01-03 20:00:00
u0894,conv0001339,sess0002666,A,0,1.14,2024-01-10 15:00:00
u0894,conv0001339,sess0002667,A,1,3.56,2024-01-09 08:00:00
u0894,conv0001339,sess0002668,A,0,1.86,2024-01-09 23:00:00
u0895,conv0001340,sess0002669,A,1,4.67,2024-01-02 06:00:00
u0895,conv0001340,sess0002670,A,0,2.5,2024-01-05 20:00:00
u0896,conv0001341,sess0002671,A,1,4.21,2024-01-01 23:00:00
u0897,conv0001343,sess0002672,A,0,2.74,2024-01-07 01:00:00
u0897,conv0001343,sess0002673,A,1,3.68,2024-01-04 15:00:00
u0897,conv0001343,sess0002674,A,1,4.45,2024-01-07 16:00:00
u0898,conv0001344,sess0002675,A,1,3.48,2024-01-02 08:00:00
u0898,conv0001344,sess0002676,A,0,2.42,2024-01-05 08:00:00
u0898,conv0001345,sess0002677,A,1,4.1,2024-01-03 08:00:00
u0898,conv0001345,sess0002678,A,1,2.7,2024-01-05 10:00:00
u0899,conv0001346,sess0002679,A,0,0.38,2024-01-06 11:00:00
u0899,conv0001346,sess0002680,A,1,3.39,2024-01-04 22:00:00
u0899,conv0001346,sess0002681,A,0,2.49,2024-01-09 19:00:00
u0900,conv0001347,sess0002682,A,0,2.13,2024-01-01 03:00:00
u0901,conv0001349,sess0002683,A,0,1.08,2024-01-07 07:00:00
u0901,conv0001349,sess0002684,A,1,4.38,2024-01-05 20:00:00
u0901,conv0001350,sess0002685,A,1,4.66,2024-01-01 02:00:00
u0901,conv0001350,sess0002686,A,1,3.64,2024-01-03 06:00:00
u0902,conv0001351,sess0002687,A,1,3.65,2024-01-05 22:00:00
u0902,conv0001351,sess0002688,A,0,2.91,2024-01-08 10:00:00
u0902,conv0001351,sess0002689,A,1,3.36,2024-01-08 12:00:00
u0902,conv0001351,sess0002690,A,1,4.05,2024-01-13 21:00:00
u0902,conv0001351,sess0002691,A,0,2.77,2024-01-12 12:00:00
u0903,conv0001352,sess0002692,A,1,3.47,2024-01-07 16:00:00
u0903,conv0001352,sess0002693,A,1,4.04,2024-01-07 14:00:00
u0903,conv0001353,sess0002694,A,1,4.39,2024-01-07 05:00:00
u0904,conv0001354,sess0002695,A,1,2.35,2024-01-04 10:00:00
u0904,conv0001354,sess0002696,A,0,2.14,2024-01-09 19:00:00
u0904,conv0001355,sess0002697,A,1,5.0,2024-01-01 00:00:00
u0905,conv0001356,sess0002698,A,1,4.88,2024-01-03 10:00:00
u0905,conv0001356,sess0002699,A,1,4.05,2024-01-08 05:00:00
u0905,conv0001356,sess0002700,A,0,3.19,2024-01-06 16:00:00
u0906,conv0001357,sess0002701,A,1,3.74,2024-01-03 21:00:00
u0906,conv0001357,sess0002702,A,1,4.09,2024-01-03 01:00:00
u0906,conv0001357,sess0002703,A,1,4.89,2024-01-06 08:00:00
u0906,conv0001357,sess0002704,A,0,3.4,2024-01-13 04:00:00
u0907,conv0001358,sess0002705,A,1,4.12,2024-01-03 04:00:00
u0907,conv0001358,sess0002706,A,1,4.08,2024-01-08 04:00:00
u0907,conv0001358,sess0002707,A,1,4.53,2024-01-07 19:00:00
u0907,conv0001358,sess0002708,A,0,2.06,2024-01-04 02:00:00
u0907,conv0001358,sess0002709,A,1,2.68,2024-01-13 10:00:00
u0908,conv0001359,sess0002710,A,1,4.56,2024-01-07 07:00:00
u0908,conv0001359,sess0002711,A,1,3.53,2024-01-02 01:00:00
u0908,conv0001359,sess0002712,A,1,3.38,2024-01-11 07:00:00
u0908,conv0001359,sess0002713,A,0,2.1,2024-01-12 10:00:00
u0909,conv0001360,sess0002714,A,1,3.83,2024-01-03 17:00:00
u0909,conv0001360,sess0002715,A,1,5.0,2024-01-06 04:00:00
u0910,conv0001361,sess0002716,A,1,3.4,2024-01-06 00:00:00
u0911,conv0001362,sess0002717,A,1,3.54,2024-01-06 09:00:00
u0911,conv0001362,sess0002718,A,1,4.04,2024-01-05 01:00:00
u0911,conv0001362,sess0002719,A,1,2.66,2024-01-04 16:00:00
u0911,conv0001362,sess0002720,A,1,4.4,2024-01-14 19:00:00
u0911,conv0001362,sess0002721,A,1,5.0,2024-01-12 11:00:00
u0912,conv0001363,sess0002722,A,1,3.7,2024-01-05 17:00:00
u0912,conv0001364,sess0002723,A,1,4.25,2024-01-07 23:00:00
u0913,conv0001365,sess0002724,A,1,4.66,2024-01-04 01:00:00
u0914,conv0001367,sess0002725,A,1,5.0,2024-01-01 12:00:00
u0914,conv0001368,sess0002726,A,0,2.07,2024-01-07 03:00:00
u0915,conv0001369,sess0002727,A,1,3.56,2024-01-04 13:00:00
u0915,conv0001369,sess0002728,A,0,2.1,2024-01-07 20:00:00
u0915,conv0001369,sess0002729,A,1,3.91,2024-01-12 20:00:00
u0915,conv0001369,sess0002730,A,1,4.45,2024-01-04 05:00:00
u0916,conv0001370,sess0002731,A,0,2.18,2024-01-06 17:00:00
u0916,conv0001370,sess0002732,A,0,2.29,2024-01-09 18:00:00
u0916,conv0001370,sess0002733,A,1,5.0,2024-01-12 22:00:00
u0916,conv0001371,sess0002734,A,1,4.87,2024-01-04 13:00:00
u0916,conv0001371,sess0002735,A,0,2.28,2024-01-06 13:00:00
u0917,conv0001372,sess0002736,A,1,4.68,2024-01-02 06:00:00
u0917,conv0001373,sess0002737,A,1,3.96,2024-01-07 22:00:00
u0918,conv0001374,sess0002738,A,1,3.35,2024-01-05 22:00:00
u0918,conv0001374,sess0002739,A,1,3.72,2024-01-03 22:00:00
u0918,conv0001374,sess0002740,A,0,1.72,2024-01-04 14:00:00
u0918,conv0001374,sess0002741,A,1,4.07,2024-01-07 12:00:00
u0918,conv0001374,sess0002742,A,1,3.87,2024-01-09 07:00:00
u0919,conv0001375,sess0002743,A,0,2.78,2024-01-05 13:00:00
u0920,conv0001376,sess0002744,A,1,2.98,2024-01-04 18:00:00
u0920,conv0001377,sess0002745,A,0,3.06,2024-01-06 19:00:00
u0921,conv0001378,sess0002746,A,1,4.82,2024-01-07 20:00:00
u0921,conv0001378,sess0002747,A,0,2.38,2024-01-06 11:00:00
u0921,conv0001379,sess0002748,A,1,4.89,2024-01-02 19:00:00
u0921,conv0001379,sess0002749,A,0,1.78,2024-01-06 07:00:00
u0922,conv0001380,sess0002750,A,1,4.36,2024-01-06 13:00:00
u0923,conv0001382,sess0002751,A,0,2.78,2024-01-01 01:00:00
u0923,conv0001382,sess0002752,A,1,2.84,2024-01-05 08:00:00
u0923,conv0001382,sess0002753,A,1,5.0,2024-01-09 02:00:00
u0923,conv0001383,sess0002754,A,1,4.41,2024-01-02 18:00:00
u0923,conv0001383,sess0002755,A,1,4.7,2024-01-04 09:00:00
u0924,conv0001384,sess0002756,A,1,3.91,2024-01-06 22:00:00
u0924,conv0001384,sess0002757,A,1,5.0,2024-01-02 01:00:00
u0924,conv0001384,sess0002758,A,0,1.44,2024-01-06 12:00:00
u0924,conv0001384,sess0002759,A,1,4.01,2024-01-10 17:00:00
u0924,conv0001384,sess0002760,A,0,0.89,2024-01-13 00:00:00
u0925,conv0001385,sess0002761,A,0,2.51,2024-01-01 06:00:00
u0925,conv0001385,sess0002762,A,1,3.87,2024-01-07 17:00:00
u0925,conv0001385,sess0002763,A,1,4.61,2024-01-07 11:00:00
u0926,conv0001386,sess0002764,A,1,4.47,2024-01-05 07:00:00
u0926,conv0001386,sess0002765,A,0,2.13,2024-01-08 12:00:00
u0926,conv0001387,sess0002766,A,1,4.41,2024-01-07 12:00:00
u0926,conv0001387,sess0002767,A,1,4.47,2024-01-06 07:00:00
u0927,conv0001388,sess0002768,A,1,3.64,2024-01-03 09:00:00
u0927,conv0001388,sess0002769,A,0,1.57,2024-01-10 08:00:00
u0928,conv0001389,sess0002770,A,1,4.18,2024-01-01 12:00:00
u0928,conv0001389,sess0002771,A,0,2.43,2024-01-04 23:00:00
u0929,conv0001390,sess0002772,A,0,2.27,2024-01-03 05:00:00
u0929,conv0001390,sess0002773,A,1,3.98,2024-01-05 01:00:00
u0929,conv0001391,sess0002774,A,1,4.84,2024-01-07 02:00:00
u0930,conv0001392,sess0002775,A,1,4.06,2024-01-07 19:00:00
u0930,conv0001393,sess0002776,A,1,3.71,2024-01-02 17:00:00
u0931,conv0001394,sess0002777,A,0,2.73,2024-01-05 15:00:00
u0931,conv0001394,sess0002778,A,1,3.61,2024-01-04 23:00:00
u0932,conv0001395,sess0002779,A,0,1.03,2024-01-05 07:00:00
u0933,conv0001397,sess0002780,A,0,3.14,2024-01-05 16:00:00
u0934,conv0001399,sess0002781,A,1,3.49,2024-01-07 15:00:00
u0934,conv0001399,sess0002782,A,1,4.23,2024-01-06 12:00:00
u0934,conv0001399,sess0002783,A,1,4.17,2024-01-08 17:00:00
u0935,conv0001400,sess0002784,A,1,4.21,2024-01-04 07:00:00
u0936,conv0001402,sess0002785,A,1,5.0,2024-01-04 18:00:00
u0937,conv0001403,sess0002786,A,0,2.86,2024-01-05 12:00:00
u0938,conv0001404,sess0002787,A,1,4.85,2024-01-07 13:00:00
u0938,conv0001404,sess0002788,A,1,3.88,2024-01-09 14:00:00
u0938,conv0001404,sess0002789,A,1,4.81,2024-01-05 05:00:00
u0938,conv0001404,sess0002790,A,1,5.0,2024-01-10 22:00:00
u0939,conv0001405,sess0002791,A,0,2.05,2024-01-06 17:00:00
u0939,conv0001405,sess0002792,A,1,4.16,2024-01-10 00:00:00
u0939,conv0001405,sess0002793,A,0,1.33,2024-01-07 08:00:00
u0939,conv0001405,sess0002794,A,1,4.07,2024-01-09 02:00:00
u0939,conv0001405,sess0002795,A,0,2.22,2024-01-06 22:00:00
u0940,conv0001406,sess0002796,A,1,3.44,2024-01-03 09:00:00
u0940,conv0001406,sess0002797,A,0,2.01,2024-01-08 07:00:00
u0940,conv0001407,sess0002798,A,1,3.21,2024-01-04 14:00:00
u0941,conv0001408,sess0002799,A,0,3.83,2024-01-05 05:00:00
u0942,conv0001409,sess0002800,A,1,3.41,2024-01-01 02:00:00
u0942,conv0001409,sess0002801,A,0,3.52,2024-01-05 08:00:00
u0942,conv0001409,sess0002802,A,1,4.2,2024-01-13 09:00:00
u0943,conv0001410,sess0002803,A,0,2.94,2024-01-06 03:00:00
u0943,conv0001410,sess0002804,A,1,4.44,2024-01-08 14:00:00
u0943,conv0001411,sess0002805,A,0,2.99,2024-01-05 10:00:00
u0944,conv0001412,sess0002806,A,0,2.36,2024-01-01 08:00:00
u0944,conv0001412,sess0002807,A,1,3.77,2024-01-06 21:00:00
u0944,conv0001412,sess0002808,A,1,3.09,2024-01-09 08:00:00
u0944,conv0001413,sess0002809,A,1,2.36,2024-01-04 23:00:00
u0944,conv0001413,sess0002810,A,1,4.74,2024-01-06 11:00:00
u0945,conv0001414,sess0002811,A,1,4.23,2024-01-02 21:00:00
u0945,conv0001414,sess0002812,A,1,4.62,2024-01-06 16:00:00
u0945,conv0001414,sess0002813,A,1,3.33,2024-01-10 22:00:00
u0946,conv0001415,sess0002814,A,1,3.96,2024-01-06 14:00:00
u0947,conv0001417,sess0002815,A,1,4.33,2024-01-04 12:00:00
u0947,conv0001417,sess0002816,A,0,2.1,2024-01-08 10:00:00
u0947,conv0001418,sess0002817,A,1,2.8,2024-01-03 13:00:00
u0947,conv0001418,sess0002818,A,1,5.0,2024-01-10 02:00:00
u0948,conv0001419,sess0002819,A,0,2.56,2024-01-07 19:00:00
u0948,conv0001419,sess0002820,A,1,3.26,2024-01-04 18:00:00
u0948,conv0001419,sess0002821,A,0,0.51,2024-01-10 02:00:00
u0948,conv0001420,sess0002822,A,1,4.72,2024-01-06 17:00:00
u0948,conv0001420,sess0002823,A,1,4.34,2024-01-06 20:00:00
u0949,conv0001421,sess0002824,A,0,2.89,2024-01-05 02:00:00
u0949,conv0001422,sess0002825,A,0,2.98,2024-01-06 02:00:00
u0950,conv0001423,sess0002826,A,0,2.62,2024-01-06 21:00:00
u0950,conv0001423,sess0002827,A,1,3.76,2024-01-02 18:00:00
u0950,conv0001423,sess0002828,A,1,3.63,2024-01-05 18:00:00
u0951,conv0001424,sess0002829,A,1,3.97,2024-01-02 15:00:00
u0951,conv0001424,sess0002830,A,1,2.75,2024-01-09 19:00:00
u0951,conv0001424,sess0002831,A,1,4.3,2024-01-05 05:00:00
u0951,conv0001424,sess0002832,A,0,0.64,2024-01-03 20:00:00
u0952,conv0001425,sess0002833,A,1,4.83,2024-01-05 15:00:00
u0953,conv0001427,sess0002834,A,0,3.12,2024-01-02 18:00:00
u0954,conv0001428,sess0002835,A,1,5.0,2024-01-06 15:00:00
u0954,conv0001428,sess0002836,A,1,4.2,2024-01-02 09:00:00
u0954,conv0001429,sess0002837,A,0,0.21,2024-01-04 22:00:00
u0955,conv0001430,sess0002838,A,1,3.52,2024-01-05 12:00:00
u0955,conv0001430,sess0002839,A,0,0.0,2024-01-09 03:00:00
u0956,conv0001431,sess0002840,A,1,4.28,2024-01-04 22:00:00
u0957,conv0001433,sess0002841,A,1,4.59,2024-01-03 07:00:00
u0957,conv0001434,sess0002842,A,1,3.07,2024-01-07 04:00:00
u0958,conv0001435,sess0002843,A,0,2.64,2024-01-04 19:00:00
u0958,conv0001435,sess0002844,A,1,4.16,2024-01-06 06:00:00
u0958,conv0001436,sess0002845,A,1,3.14,2024-01-06 10:00:00
u0958,conv0001436,sess0002846,A,0,1.98,2024-01-03 21:00:00
u0959,conv0001437,sess0002847,A,0,3.23,2024-01-07 02:00:00
u0959,conv0001437,sess0002848,A,1,5.0,2024-01-07 16:00:00
u0959,conv0001437,sess0002849,A,1,4.31,2024-01-06 01:00:00
u0959,conv0001438,sess0002850,A,0,2.24,2024-01-05 06:00:00
u0959,conv0001438,sess0002851,A,1,4.68,2024-01-03 12:00:00
u0960,conv0001439,sess0002852,A,1,3.98,2024-01-06 08:00:00
u0960,conv0001439,sess0002853,A,0,3.07,2024-01-07 01:00:00
u0960,conv0001440,sess0002854,A,1,3.67,2024-01-04 02:00:00
u0961,conv0001441,sess0002855,A,1,3.47,2024-01-01 14:00:00
u0961,conv0001441,sess0002856,A,0,2.42,2024-01-02 21:00:00
u0962,conv0001442,sess0002857,A,1,3.45,2024-01-01 09:00:00
u0962,conv0001442,sess0002858,A,1,4.23,2024-01-08 22:00:00
u0962,conv0001442,sess0002859,A,0,2.69,2024-01-08 20:00:00
u0962,conv0001442,sess0002860,A,0,1.53,2024-01-09 20:00:00
u0962,conv0001442,sess0002861,A,0,1.7,2024-01-12 08:00:00
u0963,conv0001443,sess0002862,A,0,2.51,2024-01-02 21:00:00
u0964,conv0001444,sess0002863,A,0,2.88,2024-01-04 18:00:00
u0965,conv0001446,sess0002864,A,0,1.67,2024-01-07 04:00:00
u0965,conv0001446,sess0002865,A,0,2.55,2024-01-05 16:00:00
u0966,conv0001447,sess0002866,A,1,3.99,2024-01-06 15:00:00
u0966,conv0001447,sess0002867,A,1,4.05,2024-01-07 13:00:00
u0966,conv0001447,sess0002868,A,1,2.69,2024-01-09 07:00:00
u0967,conv0001448,sess0002869,A,1,3.3,2024-01-02 13:00:00
u0967,conv0001448,sess0002870,A,0,1.2,2024-01-04 15:00:00
u0968,conv0001449,sess0002871,A,0,2.4,2024-01-05 21:00:00
u0968,conv0001450,sess0002872,A,1,2.76,2024-01-05 00:00:00
u0969,conv0001451,sess0002873,A,0,1.69,2024-01-01 11:00:00
u0969,conv0001451,sess0002874,A,1,4.67,2024-01-04 22:00:00
u0969,conv0001452,sess0002875,A,0,2.11,2024-01-06 19:00:00
u0969,conv0001452,sess0002876,A,0,3.12,2024-01-07 23:00:00
u0970,conv0001453,sess0002877,A,1,3.25,2024-01-01 17:00:00
u0970,conv0001453,sess0002878,A,0,2.63,2024-01-06 03:00:00
u0970,conv0001454,sess0002879,A,1,4.78,2024-01-01 00:00:00
u0971,conv0001455,sess0002880,A,0,2.75,2024-01-04 03:00:00
u0972,conv0001457,sess0002881,A,0,1.37,2024-01-01 01:00:00
u0973,conv0001458,sess0002882,A,0,2.19,2024-01-07 08:00:00
u0973,conv0001458,sess0002883,A,1,3.55,2024-01-03 16:00:00
u0973,conv0001458,sess0002884,A,0,2.21,2024-01-05 20:00:00
u0973,conv0001458,sess0002885,A,1,3.66,2024-01-04 09:00:00
u0974,conv0001459,sess0002886,A,1,4.87,2024-01-03 13:00:00
u0974,conv0001459,sess0002887,A,1,3.45,2024-01-05 19:00:00
u0974,conv0001460,sess0002888,A,1,4.29,2024-01-01 00:00:00
u0975,conv0001461,sess0002889,A,0,2.11,2024-01-05 19:00:00
u0975,conv0001461,sess0002890,A,1,4.53,2024-01-02 10:00:00
u0976,conv0001462,sess0002891,A,1,3.96,2024-01-06 02:00:00
u0976,conv0001462,sess0002892,A,0,3.09,2024-01-03 09:00:00
u0976,conv0001462,sess0002893,A,1,3.69,2024-01-04 14:00:00
u0976,conv0001463,sess0002894,A,0,2.28,2024-01-04 05:00:00
u0976,conv0001463,sess0002895,A,0,1.86,2024-01-04 09:00:00
u0977,conv0001464,sess0002896,A,0,2.96,2024-01-06 05:00:00
u0977,conv0001464,sess0002897,A,1,4.34,2024-01-05 18:00:00
u0977,conv0001464,sess0002898,A,0,3.21,2024-01-07 17:00:00
u0977,conv0001464,sess0002899,A,1,3.26,2024-01-07 20:00:00
u0978,conv0001465,sess0002900,A,1,4.2,2024-01-05 06:00:00
u0979,conv0001467,sess0002901,A,0,3.08,2024-01-07 17:00:00
u0979,conv0001467,sess0002902,A,1,4.41,2024-01-04 21:00:00
u0979,conv0001468,sess0002903,A,0,3.01,2024-01-01 07:00:00
u0980,conv0001469,sess0002904,A,0,1.67,2024-01-02 13:00:00
u0981,conv0001470,sess0002905,A,0,2.53,2024-01-05 02:00:00
u0981,conv0001470,sess0002906,A,1,3.68,2024-01-04 10:00:00
u0981,conv0001471,sess0002907,A,1,4.25,2024-01-04 16:00:00
u0981,conv0001471,sess0002908,A,1,4.07,2024-01-07 19:00:00
u0982,conv0001472,sess0002909,A,0,2.18,2024-01-05 09:00:00
u0982,conv0001472,sess0002910,A,1,3.84,2024-01-02 08:00:00
u0982,conv0001472,sess0002911,A,0,2.9,2024-01-08 13:00:00
u0982,conv0001472,sess0002912,A,0,2.44,2024-01-09 21:00:00
u0982,conv0001472,sess0002913,A,1,3.13,2024-01-07 22:00:00
u0983,conv0001473,sess0002914,A,1,4.17,2024-01-04 05:00:00
u0983,conv0001474,sess0002915,A,1,3.95,2024-01-05 17:00:00
u0984,conv0001475,sess0002916,A,0,2.68,2024-01-07 20:00:00
u0984,conv0001476,sess0002917,A,1,3.37,2024-01-05 17:00:00
u0985,conv0001477,sess0002918,A,0,2.0,2024-01-06 17:00:00
u0985,conv0001478,sess0002919,A,1,2.76,2024-01-01 02:00:00
u0986,conv0001479,sess0002920,A,0,1.01,2024-01-05 14:00:00
u0986,conv0001479,sess0002921,A,0,1.39,2024-01-07 04:00:00
u0986,conv0001479,sess0002922,A,1,4.9,2024-01-10 23:00:00
u0986,conv0001479,sess0002923,A,1,3.44,2024-01-08 23:00:00
u0986,conv0001479,sess0002924,A,0,1.99,2024-01-06 12:00:00
u0987,conv0001480,sess0002925,A,1,3.79,2024-01-05 17:00:00
u0988,conv0001481,sess0002926,A,0,2.02,2024-01-07 20:00:00
u0988,conv0001481,sess0002927,A,0,3.53,2024-01-03 16:00:00
u0988,conv0001481,sess0002928,A,1,5.0,2024-01-05 10:00:00
u0989,conv0001482,sess0002929,A,0,2.99,2024-01-01 19:00:00
u0990,conv0001484,sess0002930,A,1,4.08,2024-01-05 08:00:00
u0990,conv0001484,sess0002931,A,1,3.34,2024-01-05 03:00:00
u0990,conv0001484,sess0002932,A,0,2.33,2024-01-08 05:00:00
u0990,conv0001485,sess0002933,A,0,2.95,2024-01-04 01:00:00
u0990,conv0001485,sess0002934,A,0,4.23,2024-01-08 19:00:00
u0991,conv0001486,sess0002935,A,0,2.38,2024-01-04 21:00:00
u0991,conv0001486,sess0002936,A,0,2.59,2024-01-06 19:00:00
u0991,conv0001487,sess0002937,A,1,4.48,2024-01-06 16:00:00
u0991,conv0001487,sess0002938,A,1,3.28,2024-01-02 10:00:00
u0992,conv0001488,sess0002939,A,0,2.3,2024-01-03 05:00:00
u0992,conv0001488,sess0002940,A,0,2.84,2024-01-10 12:00:00
u0993,conv0001489,sess0002941,A,1,3.86,2024-01-01 15:00:00
u0994,conv0001491,sess0002942,A,0,2.93,2024-01-06 19:00:00
u0994,conv0001491,sess0002943,A,0,3.46,2024-01-05 22:00:00
u0994,conv0001492,sess0002944,A,0,1.7,2024-01-03 22:00:00
u0995,conv0001493,sess0002945,A,1,3.9,2024-01-07 07:00:00
u0996,conv0001495,sess0002946,A,0,1.97,2024-01-03 03:00:00
u0996,conv0001495,sess0002947,A,0,2.11,2024-01-06 04:00:00
u0996,conv0001496,sess0002948,A,0,2.93,2024-01-02 07:00:00
u0997,conv0001497,sess0002949,A,1,3.54,2024-01-07 03:00:00
u0997,conv0001497,sess0002950,A,1,4.23,2024-01-08 13:00:00
u0998,conv0001498,sess0002951,A,0,2.53,2024-01-01 00:00:00
u0998,conv0001498,sess0002952,A,1,3.92,2024-01-03 09:00:00
u0998,conv0001498,sess0002953,A,1,3.91,2024-01-07 18:00:00
u0998,conv0001499,sess0002954,A,1,3.76,2024-01-07 10:00:00
u0998,conv0001499,sess0002955,A,0,3.42,2024-01-09 08:00:00
u0999,conv0001500,sess0002956,A,0,2.9,2024-01-02 23:00:00
u0999,conv0001501,sess0002957,A,1,4.14,2024-01-03 10:00:00
u1000,conv0001502,sess0002958,A,1,3.51,2024-01-05 10:00:00
u1000,conv0001503,sess0002959,A,1,3.87,2024-01-02 12:00:00
u1001,conv0001504,sess0002960,B,1,4.12,2024-01-03 16:00:00
u1001,conv0001505,sess0002961,B,1,4.36,2024-01-07 03:00:00
u1002,conv0001506,sess0002962,B,0,3.11,2024-01-03 05:00:00
u1003,conv0001508,sess0002963,B,1,3.94,2024-01-01 16:00:00
u1003,conv0001508,sess0002964,B,1,4.62,2024-01-03 17:00:00
u1003,conv0001508,sess0002965,B,1,3.83,2024-01-06 21:00:00
u1004,conv0001509,sess0002966,B,1,5.0,2024-01-01 11:00:00
u1004,conv0001509,sess0002967,B,1,2.21,2024-01-04 11:00:00
u1004,conv0001510,sess0002968,B,1,2.69,2024-01-02 22:00:00
u1004,conv0001510,sess0002969,B,1,4.98,2024-01-07 02:00:00
u1005,conv0001511,sess0002970,B,1,4.88,2024-01-01 15:00:00
u1006,conv0001513,sess0002971,B,1,4.07,2024-01-07 01:00:00
u1007,conv0001514,sess0002972,B,0,2.62,2024-01-07 21:00:00
u1007,conv0001514,sess0002973,B,1,3.81,2024-01-08 04:00:00
u1008,conv0001515,sess0002974,B,1,3.43,2024-01-01 01:00:00
u1008,conv0001515,sess0002975,B,1,3.91,2024-01-05 13:00:00
u1008,conv0001515,sess0002976,B,0,2.05,2024-01-07 20:00:00
u1009,conv0001516,sess0002977,B,1,5.0,2024-01-07 10:00:00
u1009,conv0001516,sess0002978,B,0,1.58,2024-01-06 11:00:00
u1009,conv0001517,sess0002979,B,1,3.75,2024-01-07 01:00:00
u1009,conv0001517,sess0002980,B,0,2.25,2024-01-06 10:00:00
u1010,conv0001518,sess0002981,B,1,4.67,2024-01-04 03:00:00
u1011,conv0001519,sess0002982,B,1,4.18,2024-01-01 17:00:00
u1011,conv0001519,sess0002983,B,1,4.53,2024-01-04 11:00:00
u1012,conv0001520,sess0002984,B,1,4.4,2024-01-06 04:00:00
u1012,conv0001520,sess0002985,B,1,4.11,2024-01-04 02:00:00
u1012,conv0001521,sess0002986,B,1,3.84,2024-01-01 19:00:00
u1012,conv0001521,sess0002987,B,1,4.87,2024-01-05 23:00:00
u1013,conv0001522,sess0002988,B,1,3.89,2024-01-02 03:00:00
u1013,conv0001523,sess0002989,B,1,2.64,2024-01-04 11:00:00
u1014,conv0001524,sess0002990,B,0,3.15,2024-01-07 09:00:00
u1014,conv0001524,sess0002991,B,1,4.52,2024-01-06 17:00:00
u1014,conv0001524,sess0002992,B,1,4.07,2024-01-12 06:00:00
u1014,conv0001524,sess0002993,B,1,3.96,2024-01-12 05:00:00
u1014,conv0001524,sess0002994,B,0,2.33,2024-01-14 20:00:00
u1015,conv0001525,sess0002995,B,1,3.73,2024-01-03 12:00:00
u1016,conv0001526,sess0002996,B,0,2.75,2024-01-07 07:00:00
u1016,conv0001526,sess0002997,B,1,4.42,2024-01-03 23:00:00
u1016,conv0001526,sess0002998,B,1,4.56,2024-01-08 13:00:00
u1016,conv0001526,sess0002999,B,1,3.66,2024-01-03 20:00:00
u1016,conv0001526,sess0003000,B,1,3.01,2024-01-08 07:00:00
u1017,conv0001527,sess0003001,B,0,3.08,2024-01-03 06:00:00
u1017,conv0001527,sess0003002,B,1,4.07,2024-01-03 11:00:00
u1017,conv0001527,sess0003003,B,1,3.5,2024-01-06 09:00:00
u1017,conv0001527,sess0003004,B,1,5.0,2024-01-14 19:00:00
u1017,conv0001527,sess0003005,B,1,4.39,2024-01-14 03:00:00
u1018,conv0001528,sess0003006,B,1,4.9,2024-01-01 10:00:00
u1018,conv0001528,sess0003007,B,0,2.82,2024-01-08 05:00:00
u1019,conv0001529,sess0003008,B,1,3.37,2024-01-04 09:00:00
u1019,conv0001529,sess0003009,B,1,4.76,2024-01-06 03:00:00
u1019,conv0001529,sess0003010,B,0,2.18,2024-01-05 03:00:00
u1019,conv0001530,sess0003011,B,0,3.57,2024-01-05 05:00:00
u1019,conv0001530,sess0003012,B,1,3.33,2024-01-05 03:00:00
u1020,conv0001531,sess0003013,B,0,3.01,2024-01-01 10:00:00
u1020,conv0001531,sess0003014,B,0,2.68,2024-01-05 02:00:00
u1020,conv0001531,sess0003015,B,1,3.82,2024-01-05 03:00:00
u1020,conv0001531,sess0003016,B,0,2.12,2024-01-04 20:00:00
u1020,conv0001531,sess0003017,B,1,5.0,2024-01-07 07:00:00
u1021,conv0001532,sess0003018,B,0,2.49,2024-01-01 03:00:00
u1021,conv0001533,sess0003019,B,0,2.78,2024-01-01 08:00:00
u1022,conv0001534,sess0003020,B,0,2.33,2024-01-03 06:00:00
u1022,conv0001534,sess0003021,B,0,2.77,2024-01-09 04:00:00
u1022,conv0001534,sess0003022,B,0,3.4,2024-01-03 10:00:00
u1023,conv0001535,sess0003023,B,1,3.66,2024-01-07 16:00:00
u1024,conv0001537,sess0003024,B,0,3.19,2024-01-01 02:00:00
u1025,conv0001538,sess0003025,B,1,3.79,2024-01-05 20:00:00
u1025,conv0001538,sess0003026,B,0,2.88,2024-01-07 18:00:00
u1025,conv0001539,sess0003027,B,1,3.81,2024-01-01 22:00:00
u1025,conv0001539,sess0003028,B,0,2.76,2024-01-04 10:00:00
u1026,conv0001540,sess0003029,B,1,3.98,2024-01-01 09:00:00
u1026,conv0001541,sess0003030,B,1,3.23,2024-01-07 23:00:00
u1027,conv0001542,sess0003031,B,1,2.91,2024-01-07 04:00:00
u1028,conv0001544,sess0003032,B,1,3.39,2024-01-01 12:00:00
u1029,conv0001545,sess0003033,B,0,2.61,2024-01-02 08:00:00
u1029,conv0001545,sess0003034,B,0,3.11,2024-01-08 13:00:00
u1029,conv0001545,sess0003035,B,1,4.63,2024-01-12 12:00:00
u1030,conv0001546,sess0003036,B,1,4.57,2024-01-02 22:00:00
u1030,conv0001546,sess0003037,B,1,3.24,2024-01-07 15:00:00
u1030,conv0001547,sess0003038,B,0,2.23,2024-01-07 17:00:00
u1031,conv0001548,sess0003039,B,1,4.53,2024-01-06 09:00:00
u1031,conv0001548,sess0003040,B,0,2.42,2024-01-06 20:00:00
u1032,conv0001549,sess0003041,B,0,2.68,2024-01-04 11:00:00
u1032,conv0001549,sess0003042,B,1,4.72,2024-01-06 23:00:00
u1032,conv0001550,sess0003043,B,1,4.45,2024-01-01 02:00:00
u1033,conv0001551,sess0003044,B,1,4.67,2024-01-02 15:00:00
u1033,conv0001551,sess0003045,B,1,3.84,2024-01-06 05:00:00
u1034,conv0001552,sess0003046,B,0,2.57,2024-01-03 18:00:00
u1034,conv0001552,sess0003047,B,1,4.03,2024-01-03 15:00:00
u1035,conv0001553,sess0003048,B,0,2.71,2024-01-01 07:00:00
u1035,conv0001553,sess0003049,B,1,4.16,2024-01-03 20:00:00
u1035,conv0001554,sess0003050,B,0,2.26,2024-01-06 19:00:00
u1035,conv0001554,sess0003051,B,1,3.96,2024-01-08 03:00:00
u1036,conv0001555,sess0003052,B,1,4.64,2024-01-07 03:00:00
u1036,conv0001555,sess0003053,B,1,4.65,2024-01-07 00:00:00
u1036,conv0001555,sess0003054,B,1,4.63,2024-01-09 11:00:00
u1036,conv0001555,sess0003055,B,1,3.57,2024-01-09 15:00:00
u1036,conv0001555,sess0003056,B,1,5.0,2024-01-07 09:00:00
u1037,conv0001556,sess0003057,B,0,3.5,2024-01-06 17:00:00
u1037,conv0001556,sess0003058,B,1,4.85,2024-01-05 12:00:00
u1037,conv0001556,sess0003059,B,1,3.06,2024-01-11 11:00:00
u1037,conv0001556,sess0003060,B,1,4.42,2024-01-05 16:00:00
u1037,conv0001556,sess0003061,B,0,1.95,2024-01-05 21:00:00
u1038,conv0001557,sess0003062,B,1,4.43,2024-01-03 08:00:00
u1038,conv0001557,sess0003063,B,1,3.6,2024-01-07 23:00:00
u1038,conv0001558,sess0003064,B,0,2.44,2024-01-07 21:00:00
u1039,conv0001559,sess0003065,B,0,2.66,2024-01-07 15:00:00
u1039,conv0001559,sess0003066,B,0,2.6,2024-01-03 08:00:00
u1039,conv0001559,sess0003067,B,1,4.25,2024-01-11 04:00:00
u1039,conv0001560,sess0003068,B,0,2.89,2024-01-06 02:00:00
u1039,conv0001560,sess0003069,B,1,4.48,2024-01-05 03:00:00
u1040,conv0001561,sess0003070,B,0,2.54,2024-01-02 02:00:00
u1041,conv0001563,sess0003071,B,1,3.54,2024-01-06 21:00:00
u1041,conv0001563,sess0003072,B,1,3.04,2024-01-08 07:00:00
u1041,conv0001563,sess0003073,B,1,3.37,2024-01-08 18:00:00
u1041,conv0001563,sess0003074,B,1,3.78,2024-01-09 03:00:00
u1041,conv0001563,sess0003075,B,1,5.0,2024-01-04 03:00:00
u1042,conv0001564,sess0003076,B,1,4.19,2024-01-04 15:00:00
u1042,conv0001564,sess0003077,B,1,2.56,2024-01-07 16:00:00
u1043,conv0001565,sess0003078,B,1,3.24,2024-01-06 18:00:00
u1043,conv0001565,sess0003079,B,0,3.69,2024-01-06 21:00:00
u1043,conv0001565,sess0003080,B,1,5.0,2024-01-09 16:00:00
u1044,conv0001566,sess0003081,B,0,1.64,2024-01-02 05:00:00
u1045,conv0001568,sess0003082,B,1,3.65,2024-01-02 16:00:00
u1045,conv0001568,sess0003083,B,0,3.58,2024-01-03 07:00:00
u1045,conv0001569,sess0003084,B,1,3.62,2024-01-03 18:00:00
u1045,conv0001569,sess0003085,B,1,4.66,2024-01-09 14:00:00
u1046,conv0001570,sess0003086,B,1,4.68,2024-01-05 23:00:00
u1046,conv0001570,sess0003087,B,0,2.12,2024-01-04 04:00:00
u1046,conv0001571,sess0003088,B,1,2.74,2024-01-03 11:00:00
u1047,conv0001572,sess0003089,B,0,1.48,2024-01-03 12:00:00
u1047,conv0001572,sess0003090,B,1,4.72,2024-01-09 14:00:00
u1047,conv0001573,sess0003091,B,1,3.65,2024-01-01 11:00:00
u1047,conv0001573,sess0003092,B,0,1.31,2024-01-09 01:00:00
u1048,conv0001574,sess0003093,B,0,2.4,2024-01-01 17:00:00
u1048,conv0001574,sess0003094,B,1,3.71,2024-01-05 14:00:00
u1048,conv0001574,sess0003095,B,0,3.01,2024-01-03 05:00:00
u1048,conv0001574,sess0003096,B,1,4.34,2024-01-10 08:00:00
u1048,conv0001574,sess0003097,B,1,3.92,2024-01-14 09:00:00
u1049,conv0001575,sess0003098,B,1,3.26,2024-01-04 07:00:00
u1050,conv0001577,sess0003099,B,1,3.45,2024-01-03 19:00:00
u1051,conv0001579,sess0003100,B,1,4.66,2024-01-01 03:00:00
u1051,conv0001579,sess0003101,B,0,2.08,2024-01-09 12:00:00
u1051,conv0001579,sess0003102,B,0,2.47,2024-01-05 23:00:00
u1052,conv0001580,sess0003103,B,1,5.0,2024-01-07 07:00:00
u1052,conv0001580,sess0003104,B,1,2.96,2024-01-06 16:00:00
u1052,conv0001580,sess0003105,B,0,2.49,2024-01-06 13:00:00
u1053,conv0001581,sess0003106,B,1,4.01,2024-01-01 09:00:00
u1053,conv0001581,sess0003107,B,1,2.84,2024-01-09 13:00:00
u1054,conv0001582,sess0003108,B,0,4.25,2024-01-07 05:00:00
u1054,conv0001582,sess0003109,B,1,4.22,2024-01-06 02:00:00
u1054,conv0001583,sess0003110,B,1,3.61,2024-01-01 15:00:00
u1054,conv0001583,sess0003111,B,1,4.14,2024-01-07 20:00:00
u1055,conv0001584,sess0003112,B,1,3.86,2024-01-06 19:00:00
u1055,conv0001584,sess0003113,B,0,2.18,2024-01-09 20:00:00
u1055,conv0001584,sess0003114,B,1,3.73,2024-01-07 04:00:00
u1055,conv0001585,sess0003115,B,0,2.28,2024-01-05 19:00:00
u1055,conv0001585,sess0003116,B,0,0.98,2024-01-04 22:00:00
u1056,conv0001586,sess0003117,B,0,1.47,2024-01-02 07:00:00
u1056,conv0001586,sess0003118,B,0,2.03,2024-01-03 16:00:00
u1056,conv0001586,sess0003119,B,1,4.53,2024-01-04 04:00:00
u1056,conv0001586,sess0003120,B,0,4.54,2024-01-07 21:00:00
u1056,conv0001586,sess0003121,B,0,2.13,2024-01-08 20:00:00
u1057,conv0001587,sess0003122,B,0,1.92,2024-01-03 06:00:00
u1057,conv0001588,sess0003123,B,1,4.78,2024-01-01 07:00:00
u1058,conv0001589,sess0003124,B,1,4.54,2024-01-05 06:00:00
u1059,conv0001590,sess0003125,B,1,3.34,2024-01-07 13:00:00
u1059,conv0001590,sess0003126,B,1,4.12,2024-01-02 19:00:00
u1059,conv0001591,sess0003127,B,1,4.41,2024-01-02 06:00:00
u1059,conv0001591,sess0003128,B,1,3.07,2024-01-04 03:00:00
u1060,conv0001592,sess0003129,B,0,3.12,2024-01-02 20:00:00
u1060,conv0001592,sess0003130,B,1,3.49,2024-01-07 03:00:00
u1060,conv0001592,sess0003131,B,1,3.14,2024-01-04 05:00:00
u1060,conv0001593,sess0003132,B,1,4.14,2024-01-06 18:00:00
u1060,conv0001593,sess0003133,B,1,4.53,2024-01-07 06:00:00
u1061,conv0001594,sess0003134,B,0,3.13,2024-01-05 04:00:00
u1061,conv0001594,sess0003135,B,1,4.58,2024-01-05 05:00:00
u1061,conv0001595,sess0003136,B,0,2.58,2024-01-04 19:00:00
u1062,conv0001596,sess0003137,B,1,3.32,2024-01-04 14:00:00
u1062,conv0001596,sess0003138,B,1,3.35,2024-01-08 00:00:00
u1062,conv0001597,sess0003139,B,0,3.56,2024-01-03 22:00:00
u1063,conv0001598,sess0003140,B,0,3.4,2024-01-02 07:00:00
u1063,conv0001598,sess0003141,B,1,3.81,2024-01-02 22:00:00
u1063,conv0001599,sess0003142,B,1,4.06,2024-01-03 05:00:00
u1064,conv0001600,sess0003143,B,1,3.21,2024-01-02 13:00:00
u1065,conv0001601,sess0003144,B,0,2.26,2024-01-06 14:00:00
u1065,conv0001601,sess0003145,B,1,3.78,2024-01-06 17:00:00
u1066,conv0001602,sess0003146,B,0,2.99,2024-01-04 21:00:00
u1067,conv0001604,sess0003147,B,0,2.45,2024-01-03 05:00:00
u1068,conv0001606,sess0003148,B,1,4.81,2024-01-07 19:00:00
u1068,conv0001606,sess0003149,B,1,2.86,2024-01-10 01:00:00
u1068,conv0001606,sess0003150,B,1,5.0,2024-01-03 05:00:00
u1068,conv0001606,sess0003151,B,1,2.89,2024-01-12 15:00:00
u1068,conv0001606,sess0003152,B,1,4.23,2024-01-07 19:00:00
u1069,conv0001607,sess0003153,B,1,4.13,2024-01-04 16:00:00
u1069,conv0001607,sess0003154,B,0,1.66,2024-01-08 10:00:00
u1069,conv0001607,sess0003155,B,1,3.78,2024-01-06 01:00:00
u1069,conv0001608,sess0003156,B,1,4.21,2024-01-05 13:00:00
u1069,conv0001608,sess0003157,B,1,4.15,2024-01-07 21:00:00
u1070,conv0001609,sess0003158,B,0,2.17,2024-01-04 07:00:00
u1070,conv0001609,sess0003159,B,0,3.12,2024-01-07 04:00:00
u1071,conv0001610,sess0003160,B,1,4.34,2024-01-06 13:00:00
u1072,conv0001611,sess0003161,B,1,3.83,2024-01-04 22:00:00
u1072,conv0001611,sess0003162,B,0,1.84,2024-01-05 21:00:00
u1072,conv0001611,sess0003163,B,1,4.81,2024-01-12 02:00:00
u1073,conv0001612,sess0003164,B,1,4.09,2024-01-03 18:00:00
u1074,conv0001614,sess0003165,B,1,2.61,2024-01-05 01:00:00
u1074,conv0001614,sess0003166,B,0,2.57,2024-01-06 07:00:00
u1074,conv0001615,sess0003167,B,1,4.73,2024-01-02 17:00:00
u1074,conv0001615,sess0003168,B,1,3.51,2024-01-03 12:00:00
u1075,conv0001616,sess0003169,B,1,3.39,2024-01-03 20:00:00
u1075,conv0001616,sess0003170,B,1,3.27,2024-01-06 03:00:00
u1075,conv0001616,sess0003171,B,0,2.95,2024-01-04 20:00:00
u1075,conv0001616,sess0003172,B,1,3.09,2024-01-10 02:00:00
u1075,conv0001616,sess0003173,B,1,4.36,2024-01-09 19:00:00
u1076,conv0001617,sess0003174,B,0,3.85,2024-01-03 00:00:00
u1076,conv0001617,sess0003175,B,0,2.41,2024-01-04 17:00:00
u1076,conv0001617,sess0003176,B,1,2.8,2024-01-02 14:00:00
u1076,conv0001617,sess0003177,B,0,3.58,2024-01-07 20:00:00
u1077,conv0001618,sess0003178,B,0,2.26,2024-01-03 18:00:00
u1077,conv0001618,sess0003179,B,0,2.54,2024-01-05 11:00:00
u1077,conv0001618,sess0003180,B,1,3.72,2024-01-04 04:00:00
u1077,conv0001619,sess0003181,B,0,1.72,2024-01-01 09:00:00
u1077,conv0001619,sess0003182,B,0,1.8,2024-01-01 21:00:00
u1078,conv0001620,sess0003183,B,1,3.9,2024-01-03 15:00:00
u1078,conv0001620,sess0003184,B,1,3.42,2024-01-09 14:00:00
u1078,conv0001620,sess0003185,B,1,5.0,2024-01-09 13:00:00
u1078,conv0001620,sess0003186,B,1,2.84,2024-01-05 11:00:00
u1079,conv0001621,sess0003187,B,1,5.0,2024-01-01 08:00:00
u1079,conv0001621,sess0003188,B,1,2.86,2024-01-09 08:00:00
u1079,conv0001621,sess0003189,B,0,2.98,2024-01-06 04:00:00
u1080,conv0001622,sess0003190,B,1,3.88,2024-01-05 04:00:00
u1080,conv0001622,sess0003191,B,1,3.57,2024-01-07 02:00:00
u1080,conv0001622,sess0003192,B,1,3.45,2024-01-08 08:00:00
u1080,conv0001622,sess0003193,B,0,4.0,2024-01-08 11:00:00
u1080,conv0001622,sess0003194,B,1,3.7,2024-01-17 14:00:00
u1081,conv0001623,sess0003195,B,1,3.52,2024-01-04 03:00:00
u1081,conv0001623,sess0003196,B,0,3.47,2024-01-09 04:00:00
u1082,conv0001624,sess0003197,B,0,1.48,2024-01-05 03:00:00
u1082,conv0001624,sess0003198,B,1,4.49,2024-01-05 21:00:00
u1082,conv0001624,sess0003199,B,1,4.8,2024-01-03 00:00:00
u1082,conv0001625,sess0003200,B,0,4.73,2024-01-07 08:00:00
u1082,conv0001625,sess0003201,B,1,3.19,2024-01-04 12:00:00
u1083,conv0001626,sess0003202,B,0,1.76,2024-01-01 05:00:00
u1083,conv0001626,sess0003203,B,1,4.94,2024-01-03 14:00:00
u1083,conv0001626,sess0003204,B,1,2.94,2024-01-06 05:00:00
u1083,conv0001626,sess0003205,B,1,3.91,2024-01-07 03:00:00
u1084,conv0001627,sess0003206,B,0,2.35,2024-01-01 05:00:00
u1085,conv0001628,sess0003207,B,1,4.73,2024-01-05 01:00:00
u1085,conv0001628,sess0003208,B,1,4.43,2024-01-02 19:00:00
u1085,conv0001628,sess0003209,B,1,3.74,2024-01-03 12:00:00
u1086,conv0001629,sess0003210,B,1,5.0,2024-01-06 15:00:00
u1087,conv0001630,sess0003211,B,1,3.25,2024-01-07 09:00:00
u1087,conv0001630,sess0003212,B,1,3.44,2024-01-10 03:00:00
u1088,conv0001631,sess0003213,B,1,5.0,2024-01-05 15:00:00
u1088,conv0001632,sess0003214,B,1,4.06,2024-01-01 20:00:00
u1089,conv0001633,sess0003215,B,1,4.8,2024-01-05 11:00:00
u1089,conv0001634,sess0003216,B,1,3.37,2024-01-03 20:00:00
u1090,conv0001635,sess0003217,B,1,5.0,2024-01-04 21:00:00
u1091,conv0001637,sess0003218,B,1,4.15,2024-01-03 00:00:00
u1092,conv0001639,sess0003219,B,0,1.97,2024-01-01 16:00:00
u1092,conv0001640,sess0003220,B,0,3.25,2024-01-02 22:00:00
u1093,conv0001641,sess0003221,B,1,4.47,2024-01-07 12:00:00
u1093,conv0001641,sess0003222,B,0,1.59,2024-01-05 18:00:00
u1093,conv0001642,sess0003223,B,1,3.18,2024-01-03 09:00:00
u1093,conv0001642,sess0003224,B,1,3.27,2024-01-03 20:00:00
u1094,conv0001643,sess0003225,B,0,4.2,2024-01-03 07:00:00
u1095,conv0001644,sess0003226,B,1,4.47,2024-01-03 16:00:00
u1095,conv0001644,sess0003227,B,1,3.7,2024-01-09 06:00:00
u1095,conv0001645,sess0003228,B,0,2.22,2024-01-03 21:00:00
u1096,conv0001646,sess0003229,B,0,2.33,2024-01-01 10:00:00
u1096,conv0001646,sess0003230,B,1,5.0,2024-01-04 16:00:00
u1096,conv0001647,sess0003231,B,1,3.97,2024-01-01 20:00:00
u1096,conv0001647,sess0003232,B,0,3.76,2024-01-05 11:00:00
u1097,conv0001648,sess0003233,B,1,4.98,2024-01-07 15:00:00
u1097,conv0001648,sess0003234,B,1,4.46,2024-01-05 17:00:00
u1098,conv0001649,sess0003235,B,1,3.6,2024-01-04 20:00:00
u1098,conv0001649,sess0003236,B,1,4.46,2024-01-03 10:00:00
u1098,conv0001649,sess0003237,B,0,0.87,2024-01-07 20:00:00
u1098,conv0001650,sess0003238,B,1,4.81,2024-01-04 18:00:00
u1098,conv0001650,sess0003239,B,1,4.13,2024-01-03 14:00:00
u1099,conv0001651,sess0003240,B,0,1.85,2024-01-07 18:00:00
u1099,conv0001651,sess0003241,B,0,2.0,2024-01-05 00:00:00
u1099,conv0001651,sess0003242,B,1,4.6,2024-01-03 23:00:00
u1099,conv0001651,sess0003243,B,1,4.29,2024-01-11 14:00:00
u1100,conv0001652,sess0003244,B,1,4.26,2024-01-04 13:00:00
u1100,conv0001652,sess0003245,B,0,1.63,2024-01-06 00:00:00
u1100,conv0001653,sess0003246,B,0,2.23,2024-01-07 05:00:00
u1100,conv0001653,sess0003247,B,1,3.6,2024-01-09 01:00:00
u1101,conv0001654,sess0003248,B,0,2.71,2024-01-07 13:00:00
u1102,conv0001655,sess0003249,B,1,3.0,2024-01-01 04:00:00
u1102,conv0001655,sess0003250,B,1,4.2,2024-01-10 01:00:00
u1102,conv0001656,sess0003251,B,0,2.47,2024-01-01 21:00:00
u1103,conv0001657,sess0003252,B,0,2.29,2024-01-07 12:00:00
u1103,conv0001657,sess0003253,B,0,2.82,2024-01-05 13:00:00
u1103,conv0001657,sess0003254,B,1,3.99,2024-01-08 00:00:00
u1103,conv0001657,sess0003255,B,0,3.26,2024-01-04 15:00:00
u1103,conv0001657,sess0003256,B,1,4.32,2024-01-08 19:00:00
u1104,conv0001658,sess0003257,B,1,4.6,2024-01-06 15:00:00
u1104,conv0001658,sess0003258,B,0,1.48,2024-01-04 19:00:00
u1104,conv0001658,sess0003259,B,0,3.05,2024-01-05 21:00:00
u1104,conv0001658,sess0003260,B,1,4.33,2024-01-05 20:00:00
u1105,conv0001659,sess0003261,B,1,4.4,2024-01-04 09:00:00
u1105,conv0001659,sess0003262,B,1,4.41,2024-01-06 15:00:00
u1105,conv0001660,sess0003263,B,1,3.73,2024-01-07 10:00:00
u1106,conv0001661,sess0003264,B,1,3.72,2024-01-03 18:00:00
u1106,conv0001661,sess0003265,B,1,4.75,2024-01-06 04:00:00
u1106,conv0001661,sess0003266,B,1,3.14,2024-01-06 10:00:00
u1106,conv0001662,sess0003267,B,1,3.0,2024-01-01 05:00:00
u1106,conv0001662,sess0003268,B,0,3.31,2024-01-07 03:00:00
u1107,conv0001663,sess0003269,B,1,4.39,2024-01-06 14:00:00
u1107,conv0001663,sess0003270,B,1,3.95,2024-01-05 21:00:00
u1107,conv0001663,sess0003271,B,1,5.0,2024-01-07 13:00:00
u1107,conv0001664,sess0003272,B,0,2.81,2024-01-02 18:00:00
u1107,conv0001664,sess0003273,B,1,4.26,2024-01-07 07:00:00
u1108,conv0001665,sess0003274,B,1,3.06,2024-01-03 14:00:00
u1109,conv0001667,sess0003275,B,1,5.0,2024-01-04 22:00:00
u1109,conv0001667,sess0003276,B,0,2.32,2024-01-05 15:00:00
u1109,conv0001667,sess0003277,B,1,3.49,2024-01-11 14:00:00
u1109,conv0001667,sess0003278,B,1,3.61,2024-01-11 21:00:00
u1110,conv0001668,sess0003279,B,1,4.18,2024-01-07 00:00:00
u1110,conv0001668,sess0003280,B,0,2.19,2024-01-08 09:00:00
u1110,conv0001669,sess0003281,B,1,5.0,2024-01-05 13:00:00
u1110,conv0001669,sess0003282,B,1,2.88,2024-01-08 03:00:00
u1111,conv0001670,sess0003283,B,1,3.96,2024-01-04 05:00:00
u1111,conv0001670,sess0003284,B,0,3.99,2024-01-02 11:00:00
u1112,conv0001671,sess0003285,B,1,4.86,2024-01-03 04:00:00
u1113,conv0001672,sess0003286,B,1,4.09,2024-01-04 19:00:00
u1114,conv0001673,sess0003287,B,1,4.39,2024-01-04 08:00:00
u1114,conv0001673,sess0003288,B,1,3.52,2024-01-07 12:00:00
u1114,conv0001673,sess0003289,B,1,3.43,2024-01-10 17:00:00
u1114,conv0001673,sess0003290,B,0,3.51,2024-01-10 00:00:00
u1115,conv0001674,sess0003291,B,1,3.31,2024-01-06 10:00:00
u1115,conv0001674,sess0003292,B,1,5.0,2024-01-08 07:00:00
u1115,conv0001674,sess0003293,B,1,2.39,2024-01-12 01:00:00
u1116,conv0001675,sess0003294,B,0,1.9,2024-01-05 20:00:00
u1116,conv0001675,sess0003295,B,0,1.8,2024-01-05 06:00:00
u1116,conv0001675,sess0003296,B,1,4.55,2024-01-10 01:00:00
u1116,conv0001675,sess0003297,B,1,4.49,2024-01-07 09:00:00
u1116,conv0001675,sess0003298,B,0,2.8,2024-01-06 21:00:00
u1117,conv0001676,sess0003299,B,0,2.74,2024-01-05 06:00:00
u1117,conv0001676,sess0003300,B,0,2.55,2024-01-01 23:00:00
u1117,conv0001677,sess0003301,B,0,2.38,2024-01-06 01:00:00
u1117,conv0001677,sess0003302,B,1,3.53,2024-01-08 22:00:00
u1118,conv0001678,sess0003303,B,1,3.29,2024-01-04 02:00:00
u1118,conv0001678,sess0003304,B,1,4.25,2024-01-06 19:00:00
u1118,conv0001679,sess0003305,B,1,3.41,2024-01-02 02:00:00
u1118,conv0001679,sess0003306,B,1,4.13,2024-01-09 21:00:00
u1119,conv0001680,sess0003307,B,1,5.0,2024-01-03 09:00:00
u1120,conv0001682,sess0003308,B,0,2.38,2024-01-01 03:00:00
u1120,conv0001682,sess0003309,B,0,2.74,2024-01-04 21:00:00
u1120,conv0001682,sess0003310,B,1,4.13,2024-01-06 17:00:00
u1120,conv0001682,sess0003311,B,0,1.51,2024-01-11 13:00:00
u1121,conv0001683,sess0003312,B,1,4.67,2024-01-02 21:00:00
u1121,conv0001683,sess0003313,B,0,3.6,2024-01-06 01:00:00
u1121,conv0001683,sess0003314,B,1,3.8,2024-01-06 05:00:00
u1121,conv0001683,sess0003315,B,1,5.0,2024-01-10 03:00:00
u1122,conv0001684,sess0003316,B,0,2.42,2024-01-02 03:00:00
u1122,conv0001684,sess0003317,B,1,4.1,2024-01-09 23:00:00
u1123,conv0001685,sess0003318,B,0,2.52,2024-01-01 08:00:00
u1123,conv0001686,sess0003319,B,0,2.74,2024-01-07 16:00:00
u1124,conv0001687,sess0003320,B,0,2.16,2024-01-03 07:00:00
u1124,conv0001687,sess0003321,B,0,2.25,2024-01-05 11:00:00
u1124,conv0001687,sess0003322,B,0,2.9,2024-01-06 08:00:00
u1124,conv0001688,sess0003323,B,1,4.31,2024-01-03 04:00:00
u1124,conv0001688,sess0003324,B,1,3.87,2024-01-10 03:00:00
u1125,conv0001689,sess0003325,B,1,3.31,2024-01-03 05:00:00
u1125,conv0001690,sess0003326,B,1,3.75,2024-01-05 18:00:00
u1126,conv0001691,sess0003327,B,0,2.57,2024-01-04 18:00:00
u1127,conv0001692,sess0003328,B,1,2.8,2024-01-04 18:00:00
u1127,conv0001692,sess0003329,B,1,3.52,2024-01-08 20:00:00
u1127,conv0001693,sess0003330,B,0,3.31,2024-01-01 20:00:00
u1127,conv0001693,sess0003331,B,1,4.82,2024-01-02 12:00:00
u1128,conv0001694,sess0003332,B,1,4.02,2024-01-06 22:00:00
u1129,conv0001695,sess0003333,B,1,2.78,2024-01-06 18:00:00
u1130,conv0001697,sess0003334,B,1,3.42,2024-01-03 12:00:00
u1130,conv0001698,sess0003335,B,0,2.65,2024-01-01 03:00:00
u1131,conv0001699,sess0003336,B,0,1.44,2024-01-05 20:00:00
u1131,conv0001699,sess0003337,B,1,3.19,2024-01-08 05:00:00
u1131,conv0001699,sess0003338,B,0,2.16,2024-01-06 06:00:00
u1132,conv0001700,sess0003339,B,0,2.59,2024-01-05 13:00:00
u1132,conv0001700,sess0003340,B,1,4.49,2024-01-04 22:00:00
u1132,conv0001701,sess0003341,B,1,3.54,2024-01-03 07:00:00
u1132,conv0001701,sess0003342,B,0,1.75,2024-01-09 02:00:00
u1133,conv0001702,sess0003343,B,1,3.34,2024-01-01 12:00:00
u1133,conv0001702,sess0003344,B,1,4.7,2024-01-03 04:00:00
u1133,conv0001702,sess0003345,B,1,3.31,2024-01-07 06:00:00
u1133,conv0001703,sess0003346,B,1,3.95,2024-01-04 03:00:00
u1133,conv0001703,sess0003347,B,1,4.5,2024-01-05 09:00:00
u1134,conv0001704,sess0003348,B,1,4.9,2024-01-03 05:00:00
u1134,conv0001704,sess0003349,B,1,3.43,2024-01-07 02:00:00
u1134,conv0001704,sess0003350,B,1,4.04,2024-01-08 01:00:00
u1134,conv0001704,sess0003351,B,1,4.81,2024-01-08 21:00:00
u1134,conv0001704,sess0003352,B,1,3.91,2024-01-13 18:00:00
u1135,conv0001705,sess0003353,B,1,3.8,2024-01-07 21:00:00
u1135,conv0001705,sess0003354,B,1,4.88,2024-01-02 16:00:00
u1135,conv0001706,sess0003355,B,0,2.44,2024-01-01 22:00:00
u1135,conv0001706,sess0003356,B,1,4.63,2024-01-09 10:00:00
u1136,conv0001707,sess0003357,B,1,5.0,2024-01-04 20:00:00
u1136,conv0001707,sess0003358,B,1,4.21,2024-01-06 19:00:00
u1136,conv0001708,sess0003359,B,1,4.21,2024-01-05 01:00:00
u1136,conv0001708,sess0003360,B,1,3.8,2024-01-08 08:00:00
u1137,conv0001709,sess0003361,B,0,0.9,2024-01-07 23:00:00
u1137,conv0001709,sess0003362,B,1,3.18,2024-01-06 02:00:00
u1138,conv0001710,sess0003363,B,0,1.87,2024-01-03 14:00:00
u1138,conv0001710,sess0003364,B,1,4.9,2024-01-06 16:00:00
u1139,conv0001711,sess0003365,B,1,3.71,2024-01-03 07:00:00
u1139,conv0001712,sess0003366,B,0,3.34,2024-01-05 20:00:00
u1140,conv0001713,sess0003367,B,1,3.57,2024-01-02 02:00:00
u1141,conv0001715,sess0003368,B,1,4.08,2024-01-01 17:00:00
u1141,conv0001715,sess0003369,B,0,2.69,2024-01-06 19:00:00
u1142,conv0001716,sess0003370,B,0,2.1,2024-01-06 08:00:00
u1142,conv0001716,sess0003371,B,1,4.05,2024-01-03 14:00:00
u1142,conv0001716,sess0003372,B,0,3.17,2024-01-04 01:00:00
u1143,conv0001717,sess0003373,B,0,1.78,2024-01-06 14:00:00
u1144,conv0001719,sess0003374,B,1,2.93,2024-01-01 13:00:00
u1144,conv0001719,sess0003375,B,1,4.51,2024-01-08 20:00:00
u1144,conv0001719,sess0003376,B,1,3.79,2024-01-06 15:00:00
u1144,conv0001719,sess0003377,B,1,3.15,2024-01-07 12:00:00
u1145,conv0001720,sess0003378,B,1,3.24,2024-01-06 22:00:00
u1145,conv0001720,sess0003379,B,1,4.35,2024-01-08 16:00:00
u1145,conv0001720,sess0003380,B,1,2.93,2024-01-09 17:00:00
u1145,conv0001720,sess0003381,B,1,4.71,2024-01-10 23:00:00
u1146,conv0001721,sess0003382,B,1,4.73,2024-01-03 20:00:00
u1147,conv0001722,sess0003383,B,0,2.66,2024-01-02 14:00:00
u1147,conv0001722,sess0003384,B,1,5.0,2024-01-03 00:00:00
u1147,conv0001723,sess0003385,B,0,4.01,2024-01-05 17:00:00
u1148,conv0001724,sess0003386,B,0,2.2,2024-01-04 00:00:00
u1148,conv0001724,sess0003387,B,1,3.35,2024-01-03 17:00:00
u1149,conv0001725,sess0003388,B,1,3.34,2024-01-06 00:00:00
u1149,conv0001725,sess0003389,B,1,4.81,2024-01-08 18:00:00
u1149,conv0001725,sess0003390,B,0,3.66,2024-01-06 12:00:00
u1150,conv0001726,sess0003391,B,1,3.52,2024-01-03 10:00:00
u1150,conv0001726,sess0003392,B,0,2.64,2024-01-06 18:00:00
u1150,conv0001726,sess0003393,B,1,4.16,2024-01-12 14:00:00
u1151,conv0001727,sess0003394,B,0,2.38,2024-01-07 15:00:00
u1151,conv0001727,sess0003395,B,1,2.47,2024-01-05 04:00:00
u1151,conv0001728,sess0003396,B,1,4.28,2024-01-05 00:00:00
u1152,conv0001729,sess0003397,B,0,2.02,2024-01-07 05:00:00
u1152,conv0001729,sess0003398,B,0,3.03,2024-01-10 10:00:00
u1152,conv0001730,sess0003399,B,0,2.7,2024-01-03 08:00:00
u1152,conv0001730,sess0003400,B,1,4.15,2024-01-03 12:00:00
u1153,conv0001731,sess0003401,B,1,4.12,2024-01-06 23:00:00
u1153,conv0001731,sess0003402,B,0,1.63,2024-01-08 13:00:00
u1153,conv0001731,sess0003403,B,0,3.25,2024-01-10 01:00:00
u1154,conv0001732,sess0003404,B,1,3.9,2024-01-07 10:00:00
u1154,conv0001733,sess0003405,B,1,3.81,2024-01-06 11:00:00
u1155,conv0001734,sess0003406,B,0,2.65,2024-01-01 14:00:00
u1155,conv0001734,sess0003407,B,1,2.43,2024-01-07 04:00:00
u1155,conv0001735,sess0003408,B,1,2.98,2024-01-03 13:00:00
u1155,conv0001735,sess0003409,B,1,2.78,2024-01-06 18:00:00
u1156,conv0001736,sess0003410,B,0,1.3,2024-01-01 12:00:00
u1156,conv0001736,sess0003411,B,1,3.17,2024-01-03 21:00:00
u1156,conv0001736,sess0003412,B,1,4.1,2024-01-04 13:00:00
u1156,conv0001737,sess0003413,B,0,0.33,2024-01-01 08:00:00
u1156,conv0001737,sess0003414,B,1,3.1,2024-01-03 20:00:00
u1157,conv0001738,sess0003415,B,1,4.36,2024-01-05 19:00:00
u1157,conv0001738,sess0003416,B,1,4.62,2024-01-07 04:00:00
u1157,conv0001738,sess0003417,B,1,2.96,2024-01-11 11:00:00
u1157,conv0001739,sess0003418,B,1,4.04,2024-01-06 13:00:00
u1157,conv0001739,sess0003419,B,1,4.68,2024-01-05 00:00:00
u1158,conv0001740,sess0003420,B,1,4.81,2024-01-05 19:00:00
u1158,conv0001741,sess0003421,B,1,4.09,2024-01-07 07:00:00
u1159,conv0001742,sess0003422,B,0,0.99,2024-01-01 10:00:00
u1159,conv0001743,sess0003423,B,1,4.35,2024-01-07 01:00:00
u1160,conv0001744,sess0003424,B,1,4.72,2024-01-05 03:00:00
u1160,conv0001744,sess0003425,B,0,2.35,2024-01-05 20:00:00
u1160,conv0001744,sess0003426,B,1,3.51,2024-01-10 20:00:00
u1160,conv0001744,sess0003427,B,1,4.88,2024-01-08 11:00:00
u1161,conv0001745,sess0003428,B,0,3.92,2024-01-07 19:00:00
u1161,conv0001745,sess0003429,B,1,2.85,2024-01-04 15:00:00
u1161,conv0001746,sess0003430,B,0,3.54,2024-01-05 00:00:00
u1161,conv0001746,sess0003431,B,0,3.46,2024-01-04 07:00:00
u1162,conv0001747,sess0003432,B,1,3.65,2024-01-05 08:00:00
u1162,conv0001747,sess0003433,B,1,3.68,2024-01-07 08:00:00
u1162,conv0001748,sess0003434,B,1,3.01,2024-01-04 21:00:00
u1162,conv0001748,sess0003435,B,1,3.39,2024-01-05 22:00:00
u1163,conv0001749,sess0003436,B,1,3.15,2024-01-06 04:00:00
u1163,conv0001749,sess0003437,B,1,4.66,2024-01-07 01:00:00
u1163,conv0001749,sess0003438,B,1,4.78,2024-01-04 09:00:00
u1163,conv0001750,sess0003439,B,1,3.69,2024-01-01 15:00:00
u1163,conv0001750,sess0003440,B,1,3.98,2024-01-09 07:00:00
u1164,conv0001751,sess0003441,B,0,3.0,2024-01-02 00:00:00
u1164,conv0001751,sess0003442,B,1,3.38,2024-01-04 09:00:00
u1164,conv0001752,sess0003443,B,1,3.92,2024-01-05 12:00:00
u1165,conv0001753,sess0003444,B,0,2.7,2024-01-05 17:00:00
u1165,conv0001753,sess0003445,B,1,4.05,2024-01-09 11:00:00
u1165,conv0001753,sess0003446,B,1,4.21,2024-01-06 06:00:00
u1166,conv0001754,sess0003447,B,0,1.98,2024-01-05 14:00:00
u1166,conv0001754,sess0003448,B,0,3.7,2024-01-09 22:00:00
u1166,conv0001754,sess0003449,B,1,4.07,2024-01-05 04:00:00
u1167,conv0001755,sess0003450,B,1,4.16,2024-01-03 12:00:00
u1167,conv0001755,sess0003451,B,1,3.18,2024-01-03 19:00:00
u1168,conv0001756,sess0003452,B,1,4.75,2024-01-01 09:00:00
u1168,conv0001756,sess0003453,B,1,4.37,2024-01-04 09:00:00
u1168,conv0001756,sess0003454,B,1,3.9,2024-01-11 04:00:00
u1168,conv0001756,sess0003455,B,1,3.83,2024-01-05 09:00:00
u1168,conv0001756,sess0003456,B,1,3.4,2024-01-13 01:00:00
u1169,conv0001757,sess0003457,B,1,4.6,2024-01-02 03:00:00
u1169,conv0001757,sess0003458,B,1,4.89,2024-01-08 17:00:00
u1169,conv0001758,sess0003459,B,1,3.54,2024-01-02 21:00:00
u1169,conv0001758,sess0003460,B,0,1.89,2024-01-05 22:00:00
u1170,conv0001759,sess0003461,B,1,3.05,2024-01-02 20:00:00
u1170,conv0001759,sess0003462,B,1,3.79,2024-01-07 02:00:00
u1170,conv0001759,sess0003463,B,1,3.2,2024-01-04 20:00:00
u1170,conv0001759,sess0003464,B,0,1.65,2024-01-07 20:00:00
u1170,conv0001759,sess0003465,B,1,4.52,2024-01-07 13:00:00
u1171,conv0001760,sess0003466,B,1,3.46,2024-01-03 01:00:00
u1171,conv0001760,sess0003467,B,1,3.67,2024-01-07 16:00:00
u1171,conv0001760,sess0003468,B,1,3.32,2024-01-11 00:00:00
u1171,conv0001760,sess0003469,B,1,4.09,2024-01-11 05:00:00
u1171,conv0001760,sess0003470,B,1,4.39,2024-01-08 05:00:00
u1172,conv0001761,sess0003471,B,1,3.67,2024-01-04 05:00:00
u1172,conv0001761,sess0003472,B,0,3.92,2024-01-03 14:00:00
u1172,conv0001762,sess0003473,B,1,3.82,2024-01-01 09:00:00
u1172,conv0001762,sess0003474,B,1,2.28,2024-01-06 05:00:00
u1173,conv0001763,sess0003475,B,1,4.12,2024-01-05 02:00:00
u1173,conv0001763,sess0003476,B,0,2.23,2024-01-07 01:00:00
u1174,conv0001764,sess0003477,B,1,3.94,2024-01-03 12:00:00
u1174,conv0001764,sess0003478,B,1,4.79,2024-01-08 19:00:00
u1174,conv0001764,sess0003479,B,1,2.34,2024-01-11 00:00:00
u1174,conv0001764,sess0003480,B,1,3.8,2024-01-09 07:00:00
u1175,conv0001765,sess0003481,B,0,2.77,2024-01-06 18:00:00
u1175,conv0001766,sess0003482,B,0,3.43,2024-01-06 05:00:00
u1176,conv0001767,sess0003483,B,1,3.45,2024-01-04 23:00:00
u1176,conv0001767,sess0003484,B,1,4.13,2024-01-03 21:00:00
u1176,conv0001768,sess0003485,B,1,3.62,2024-01-03 20:00:00
u1176,conv0001768,sess0003486,B,1,5.0,2024-01-07 21:00:00
u1177,conv0001769,sess0003487,B,0,2.75,2024-01-03 12:00:00
u1177,conv0001769,sess0003488,B,1,4.27,2024-01-08 05:00:00
u1177,conv0001769,sess0003489,B,1,4.34,2024-01-06 00:00:00
u1177,conv0001769,sess0003490,B,1,3.5,2024-01-12 13:00:00
u1178,conv0001770,sess0003491,B,0,2.28,2024-01-06 14:00:00
u1178,conv0001771,sess0003492,B,1,4.0,2024-01-05 07:00:00
u1179,conv0001772,sess0003493,B,1,3.71,2024-01-01 16:00:00
u1179,conv0001773,sess0003494,B,1,5.0,2024-01-01 17:00:00
u1180,conv0001774,sess0003495,B,0,2.88,2024-01-02 05:00:00
u1180,conv0001774,sess0003496,B,1,3.84,2024-01-03 00:00:00
u1180,conv0001774,sess0003497,B,1,4.12,2024-01-12 06:00:00
u1180,conv0001774,sess0003498,B,1,4.7,2024-01-07 15:00:00
u1181,conv0001775,sess0003499,B,0,4.0,2024-01-07 10:00:00
u1181,conv0001775,sess0003500,B,0,1.46,2024-01-04 11:00:00
u1181,conv0001776,sess0003501,B,1,4.13,2024-01-01 09:00:00
u1182,conv0001777,sess0003502,B,1,4.05,2024-01-07 09:00:00
u1183,conv0001779,sess0003503,B,0,3.03,2024-01-01 01:00:00
u1183,conv0001779,sess0003504,B,0,3.64,2024-01-08 17:00:00
u1183,conv0001780,sess0003505,B,0,2.62,2024-01-07 02:00:00
u1184,conv0001781,sess0003506,B,1,4.64,2024-01-05 22:00:00
u1184,conv0001781,sess0003507,B,1,3.86,2024-01-09 01:00:00
u1184,conv0001781,sess0003508,B,1,4.94,2024-01-06 01:00:00
u1184,conv0001781,sess0003509,B,1,4.82,2024-01-13 00:00:00
u1185,conv0001782,sess0003510,B,0,4.51,2024-01-02 18:00:00
u1185,conv0001782,sess0003511,B,1,4.28,2024-01-07 23:00:00
u1185,conv0001782,sess0003512,B,1,5.0,2024-01-04 18:00:00
u1186,conv0001783,sess0003513,B,1,4.19,2024-01-06 23:00:00
u1186,conv0001783,sess0003514,B,0,3.19,2024-01-09 00:00:00
u1186,conv0001783,sess0003515,B,1,3.85,2024-01-09 17:00:00
u1186,conv0001783,sess0003516,B,0,2.59,2024-01-13 19:00:00
u1187,conv0001784,sess0003517,B,1,3.94,2024-01-06 18:00:00
u1187,conv0001784,sess0003518,B,0,3.62,2024-01-04 16:00:00
u1187,conv0001784,sess0003519,B,1,3.89,2024-01-07 14:00:00
u1188,conv0001785,sess0003520,B,1,4.23,2024-01-07 11:00:00
u1189,conv0001786,sess0003521,B,1,3.4,2024-01-03 19:00:00
u1189,conv0001786,sess0003522,B,0,2.21,2024-01-04 18:00:00
u1189,conv0001787,sess0003523,B,1,4.41,2024-01-03 21:00:00
u1190,conv0001788,sess0003524,B,1,3.46,2024-01-05 09:00:00
u1191,conv0001789,sess0003525,B,1,4.57,2024-01-07 15:00:00
u1191,conv0001789,sess0003526,B,1,3.09,2024-01-05 20:00:00
u1191,conv0001790,sess0003527,B,1,5.0,2024-01-01 17:00:00
u1191,conv0001790,sess0003528,B,1,5.0,2024-01-06 12:00:00
u1192,conv0001791,sess0003529,B,1,4.43,2024-01-02 04:00:00
u1192,conv0001791,sess0003530,B,1,4.23,2024-01-04 16:00:00
u1193,conv0001792,sess0003531,B,1,3.77,2024-01-04 23:00:00
u1193,conv0001792,sess0003532,B,1,4.3,2024-01-08 09:00:00
u1193,conv0001792,sess0003533,B,1,4.5,2024-01-07 20:00:00
u1193,conv0001793,sess0003534,B,0,2.76,2024-01-03 20:00:00
u1193,conv0001793,sess0003535,B,1,3.67,2024-01-02 04:00:00
u1194,conv0001794,sess0003536,B,1,4.07,2024-01-03 03:00:00
u1194,conv0001794,sess0003537,B,1,3.16,2024-01-06 22:00:00
u1195,conv0001795,sess0003538,B,1,3.27,2024-01-05 04:00:00
u1196,conv0001796,sess0003539,B,1,3.6,2024-01-01 05:00:00
u1196,conv0001797,sess0003540,B,1,3.45,2024-01-06 00:00:00
u1197,conv0001798,sess0003541,B,1,5.0,2024-01-07 19:00:00
u1197,conv0001798,sess0003542,B,1,4.61,2024-01-07 21:00:00
u1197,conv0001799,sess0003543,B,0,2.66,2024-01-07 18:00:00
u1198,conv0001800,sess0003544,B,1,4.23,2024-01-07 09:00:00
u1198,conv0001800,sess0003545,B,0,1.2,2024-01-07 22:00:00
u1199,conv0001801,sess0003546,B,1,3.56,2024-01-07 23:00:00
u1199,conv0001801,sess0003547,B,0,2.63,2024-01-06 13:00:00
u1199,conv0001801,sess0003548,B,1,3.55,2024-01-07 00:00:00
u1199,conv0001801,sess0003549,B,1,2.81,2024-01-11 11:00:00
u1199,conv0001801,sess0003550,B,1,4.35,2024-01-08 17:00:00
u1200,conv0001802,sess0003551,B,1,2.77,2024-01-02 02:00:00
u1200,conv0001802,sess0003552,B,1,3.91,2024-01-04 04:00:00
u1200,conv0001802,sess0003553,B,1,4.65,2024-01-10 04:00:00
u1200,conv0001803,sess0003554,B,1,4.35,2024-01-07 21:00:00
u1200,conv0001803,sess0003555,B,1,4.49,2024-01-04 22:00:00
u1201,conv0001804,sess0003556,B,1,3.37,2024-01-05 07:00:00
u1202,conv0001806,sess0003557,B,1,3.65,2024-01-01 19:00:00
u1202,conv0001807,sess0003558,B,1,4.33,2024-01-02 02:00:00
u1203,conv0001808,sess0003559,B,0,2.22,2024-01-05 22:00:00
u1203,conv0001808,sess0003560,B,0,2.96,2024-01-03 03:00:00
u1204,conv0001809,sess0003561,B,1,3.81,2024-01-02 02:00:00
u1204,conv0001809,sess0003562,B,1,4.74,2024-01-07 18:00:00
u1204,conv0001810,sess0003563,B,1,3.52,2024-01-01 00:00:00
u1204,conv0001810,sess0003564,B,1,3.88,2024-01-08 11:00:00
u1205,conv0001811,sess0003565,B,0,1.98,2024-01-04 11:00:00
u1206,conv0001813,sess0003566,B,1,3.74,2024-01-05 01:00:00
u1206,conv0001813,sess0003567,B,1,4.17,2024-01-03 06:00:00
u1206,conv0001814,sess0003568,B,0,2.79,2024-01-07 03:00:00
u1206,conv0001814,sess0003569,B,1,2.86,2024-01-06 16:00:00
u1207,conv0001815,sess0003570,B,1,3.9,2024-01-01 20:00:00
u1207,conv0001815,sess0003571,B,1,3.56,2024-01-04 00:00:00
u1207,conv0001815,sess0003572,B,0,2.24,2024-01-11 06:00:00
u1207,conv0001815,sess0003573,B,0,2.56,2024-01-07 19:00:00
u1208,conv0001816,sess0003574,B,1,3.18,2024-01-06 23:00:00
u1208,conv0001816,sess0003575,B,0,3.65,2024-01-05 19:00:00
u1208,conv0001816,sess0003576,B,1,3.94,2024-01-05 04:00:00
u1208,conv0001816,sess0003577,B,1,3.5,2024-01-13 12:00:00
u1209,conv0001817,sess0003578,B,0,2.93,2024-01-02 13:00:00
u1210,conv0001818,sess0003579,B,1,2.97,2024-01-06 23:00:00
u1210,conv0001818,sess0003580,B,1,3.67,2024-01-09 13:00:00
u1210,conv0001818,sess0003581,B,1,4.77,2024-01-07 12:00:00
u1211,conv0001819,sess0003582,B,1,4.69,2024-01-07 20:00:00
u1211,conv0001819,sess0003583,B,0,2.18,2024-01-09 02:00:00
u1212,conv0001820,sess0003584,B,1,4.72,2024-01-02 15:00:00
u1213,conv0001821,sess0003585,B,1,3.11,2024-01-04 13:00:00
u1213,conv0001821,sess0003586,B,1,3.71,2024-01-04 22:00:00
u1214,conv0001822,sess0003587,B,0,1.55,2024-01-07 18:00:00
u1214,conv0001822,sess0003588,B,1,5.0,2024-01-05 15:00:00
u1214,conv0001822,sess0003589,B,1,2.56,2024-01-10 07:00:00
u1214,conv0001822,sess0003590,B,0,2.51,2024-01-10 08:00:00
u1214,conv0001822,sess0003591,B,1,4.03,2024-01-13 23:00:00
u1215,conv0001823,sess0003592,B,1,4.67,2024-01-05 14:00:00
u1215,conv0001823,sess0003593,B,1,4.39,2024-01-05 05:00:00
u1215,conv0001823,sess0003594,B,0,2.45,2024-01-05 00:00:00
u1215,conv0001823,sess0003595,B,1,3.99,2024-01-11 01:00:00
u1216,conv0001824,sess0003596,B,0,2.65,2024-01-04 20:00:00
u1216,conv0001824,sess0003597,B,1,3.41,2024-01-08 21:00:00
u1217,conv0001825,sess0003598,B,1,4.23,2024-01-04 18:00:00
u1217,conv0001825,sess0003599,B,1,2.29,2024-01-05 23:00:00
u1217,conv0001826,sess0003600,B,1,4.93,2024-01-03 17:00:00
u1218,conv0001827,sess0003601,B,1,4.87,2024-01-05 03:00:00
u1218,conv0001827,sess0003602,B,1,3.01,2024-01-07 07:00:00
u1218,conv0001827,sess0003603,B,1,4.0,2024-01-08 20:00:00
u1218,conv0001827,sess0003604,B,0,3.05,2024-01-11 13:00:00
u1219,conv0001828,sess0003605,B,1,4.0,2024-01-07 12:00:00
u1220,conv0001830,sess0003606,B,1,4.3,2024-01-05 02:00:00
u1220,conv0001830,sess0003607,B,1,4.84,2024-01-02 02:00:00
u1220,conv0001830,sess0003608,B,1,4.88,2024-01-05 19:00:00
u1221,conv0001831,sess0003609,B,0,1.89,2024-01-01 00:00:00
u1222,conv0001833,sess0003610,B,1,4.57,2024-01-07 17:00:00
u1222,conv0001833,sess0003611,B,0,2.71,2024-01-05 17:00:00
u1222,conv0001833,sess0003612,B,1,4.2,2024-01-05 07:00:00
u1222,conv0001833,sess0003613,B,0,3.43,2024-01-10 23:00:00
u1222,conv0001833,sess0003614,B,0,1.64,2024-01-13 07:00:00
u1223,conv0001834,sess0003615,B,0,2.28,2024-01-05 15:00:00
u1223,conv0001834,sess0003616,B,0,3.94,2024-01-02 13:00:00
u1223,conv0001834,sess0003617,B,1,3.9,2024-01-08 02:00:00
u1223,conv0001834,sess0003618,B,0,2.71,2024-01-09 03:00:00
u1223,conv0001834,sess0003619,B,1,3.97,2024-01-18 06:00:00
u1224,conv0001835,sess0003620,B,1,4.17,2024-01-03 03:00:00
u1224,conv0001835,sess0003621,B,0,2.73,2024-01-05 05:00:00
u1224,conv0001835,sess0003622,B,0,2.44,2024-01-03 13:00:00
u1224,conv0001836,sess0003623,B,1,3.27,2024-01-06 20:00:00
u1224,conv0001836,sess0003624,B,1,4.7,2024-01-08 01:00:00
u1225,conv0001837,sess0003625,B,1,3.88,2024-01-07 19:00:00
u1226,conv0001838,sess0003626,B,0,2.06,2024-01-07 07:00:00
u1226,conv0001838,sess0003627,B,1,2.95,2024-01-03 19:00:00
u1226,conv0001838,sess0003628,B,1,4.71,2024-01-08 20:00:00
u1226,conv0001838,sess0003629,B,1,3.74,2024-01-05 13:00:00
u1226,conv0001838,sess0003630,B,1,3.24,2024-01-11 09:00:00
u1227,conv0001839,sess0003631,B,1,3.64,2024-01-05 09:00:00
u1228,conv0001840,sess0003632,B,1,4.6,2024-01-07 09:00:00
u1228,conv0001840,sess0003633,B,1,3.7,2024-01-07 21:00:00
u1228,conv0001840,sess0003634,B,1,4.82,2024-01-08 10:00:00
u1228,conv0001840,sess0003635,B,1,3.59,2024-01-09 20:00:00
u1228,conv0001840,sess0003636,B,1,4.45,2024-01-07 17:00:00
u1229,conv0001841,sess0003637,B,1,3.71,2024-01-04 00:00:00
u1229,conv0001841,sess0003638,B,0,3.49,2024-01-03 21:00:00
u1229,conv0001841,sess0003639,B,1,3.88,2024-01-05 15:00:00
u1229,conv0001841,sess0003640,B,1,4.22,2024-01-07 05:00:00
u1230,conv0001842,sess0003641,B,1,4.18,2024-01-02 15:00:00
u1230,conv0001842,sess0003642,B,1,4.89,2024-01-07 03:00:00
u1230,conv0001842,sess0003643,B,1,3.5,2024-01-12 10:00:00
u1231,conv0001843,sess0003644,B,1,4.97,2024-01-01 19:00:00
u1231,conv0001843,sess0003645,B,1,3.3,2024-01-08 14:00:00
u1231,conv0001843,sess0003646,B,0,2.11,2024-01-10 04:00:00
u1231,conv0001843,sess0003647,B,1,4.93,2024-01-10 10:00:00
u1231,conv0001843,sess0003648,B,1,3.76,2024-01-09 14:00:00
u1232,conv0001844,sess0003649,B,1,4.71,2024-01-04 12:00:00
u1232,conv0001844,sess0003650,B,1,3.5,2024-01-03 23:00:00
u1232,conv0001844,sess0003651,B,1,3.41,2024-01-11 06:00:00
u1232,conv0001845,sess0003652,B,1,4.12,2024-01-01 16:00:00
u1232,conv0001845,sess0003653,B,1,4.08,2024-01-03 04:00:00
u1233,conv0001846,sess0003654,B,1,4.44,2024-01-03 18:00:00
u1234,conv0001847,sess0003655,B,1,3.93,2024-01-04 16:00:00
u1234,conv0001848,sess0003656,B,1,5.0,2024-01-03 00:00:00
u1235,conv0001849,sess0003657,B,1,3.97,2024-01-02 16:00:00
u1235,conv0001849,sess0003658,B,0,3.07,2024-01-01 22:00:00
u1235,conv0001849,sess0003659,B,0,1.31,2024-01-07 08:00:00
u1235,conv0001849,sess0003660,B,1,3.42,2024-01-05 04:00:00
u1235,conv0001849,sess0003661,B,1,3.74,2024-01-17 02:00:00
u1236,conv0001850,sess0003662,B,1,5.0,2024-01-06 19:00:00
u1236,conv0001850,sess0003663,B,1,3.72,2024-01-09 16:00:00
u1237,conv0001851,sess0003664,B,0,1.44,2024-01-02 23:00:00
u1237,conv0001851,sess0003665,B,1,3.56,2024-01-09 16:00:00
u1237,conv0001852,sess0003666,B,1,4.38,2024-01-03 12:00:00
u1238,conv0001853,sess0003667,B,0,0.9,2024-01-05 19:00:00
u1238,conv0001853,sess0003668,B,1,4.67,2024-01-07 03:00:00
u1238,conv0001854,sess0003669,B,1,4.16,2024-01-05 13:00:00
u1238,conv0001854,sess0003670,B,1,3.95,2024-01-07 02:00:00
u1239,conv0001855,sess0003671,B,1,3.89,2024-01-04 14:00:00
u1239,conv0001855,sess0003672,B,0,3.58,2024-01-06 03:00:00
u1239,conv0001855,sess0003673,B,1,3.67,2024-01-06 05:00:00
u1239,conv0001856,sess0003674,B,1,3.83,2024-01-01 11:00:00
u1239,conv0001856,sess0003675,B,1,4.04,2024-01-09 05:00:00
u1240,conv0001857,sess0003676,B,1,4.34,2024-01-05 06:00:00
u1240,conv0001857,sess0003677,B,1,4.62,2024-01-07 10:00:00
u1240,conv0001858,sess0003678,B,1,2.32,2024-01-04 13:00:00
u1240,conv0001858,sess0003679,B,1,3.34,2024-01-06 14:00:00
u1241,conv0001859,sess0003680,B,1,4.5,2024-01-06 21:00:00
u1241,conv0001859,sess0003681,B,1,3.14,2024-01-06 00:00:00
u1241,conv0001860,sess0003682,B,0,3.27,2024-01-02 23:00:00
u1242,conv0001861,sess0003683,B,1,5.0,2024-01-04 02:00:00
u1242,conv0001861,sess0003684,B,1,4.41,2024-01-06 20:00:00
u1242,conv0001861,sess0003685,B,0,1.39,2024-01-03 19:00:00
u1242,conv0001861,sess0003686,B,1,4.41,2024-01-05 22:00:00
u1242,conv0001861,sess0003687,B,1,4.1,2024-01-11 17:00:00
u1243,conv0001862,sess0003688,B,0,3.89,2024-01-01 22:00:00
u1243,conv0001862,sess0003689,B,1,4.2,2024-01-08 08:00:00
u1243,conv0001862,sess0003690,B,1,4.54,2024-01-11 11:00:00
u1243,conv0001863,sess0003691,B,1,4.36,2024-01-07 03:00:00
u1243,conv0001863,sess0003692,B,0,2.0,2024-01-05 22:00:00
u1244,conv0001864,sess0003693,B,1,3.66,2024-01-05 01:00:00
u1244,conv0001864,sess0003694,B,1,4.69,2024-01-02 02:00:00
u1245,conv0001865,sess0003695,B,0,1.98,2024-01-01 02:00:00
u1245,conv0001866,sess0003696,B,0,1.82,2024-01-01 05:00:00
u1246,conv0001867,sess0003697,B,1,5.0,2024-01-02 14:00:00
u1246,conv0001867,sess0003698,B,1,4.36,2024-01-07 09:00:00
u1246,conv0001867,sess0003699,B,0,3.23,2024-01-08 21:00:00
u1247,conv0001868,sess0003700,B,1,4.98,2024-01-06 01:00:00
u1247,conv0001868,sess0003701,B,1,2.55,2024-01-04 00:00:00
u1247,conv0001868,sess0003702,B,0,2.58,2024-01-08 22:00:00
u1247,conv0001868,sess0003703,B,1,4.36,2024-01-05 03:00:00
u1248,conv0001869,sess0003704,B,0,3.48,2024-01-06 09:00:00
u1248,conv0001870,sess0003705,B,1,4.83,2024-01-03 09:00:00
u1249,conv0001871,sess0003706,B,0,3.29,2024-01-01 15:00:00
u1250,conv0001873,sess0003707,B,0,3.14,2024-01-07 16:00:00
u1250,conv0001873,sess0003708,B,1,4.71,2024-01-03 08:00:00
u1250,conv0001874,sess0003709,B,1,2.15,2024-01-02 21:00:00
u1250,conv0001874,sess0003710,B,1,5.0,2024-01-08 08:00:00
u1251,conv0001875,sess0003711,B,0,2.99,2024-01-01 21:00:00
u1251,conv0001875,sess0003712,B,1,4.01,2024-01-08 07:00:00
u1251,conv0001875,sess0003713,B,1,4.11,2024-01-04 02:00:00
u1251,conv0001875,sess0003714,B,1,4.71,2024-01-15 12:00:00
u1251,conv0001875,sess0003715,B,1,4.41,2024-01-08 12:00:00
u1252,conv0001876,sess0003716,B,0,3.1,2024-01-04 06:00:00
u1252,conv0001876,sess0003717,B,1,4.18,2024-01-05 06:00:00
u1252,conv0001876,sess0003718,B,0,2.38,2024-01-06 04:00:00
u1252,conv0001877,sess0003719,B,1,4.02,2024-01-02 06:00:00
u1252,conv0001877,sess0003720,B,0,1.28,2024-01-07 15:00:00
u1253,conv0001878,sess0003721,B,1,4.68,2024-01-07 07:00:00
u1253,conv0001878,sess0003722,B,1,4.0,2024-01-10 17:00:00
u1253,conv0001879,sess0003723,B,1,4.76,2024-01-07 07:00:00
u1253,conv0001879,sess0003724,B,1,4.64,2024-01-04 15:00:00
u1254,conv0001880,sess0003725,B,1,4.81,2024-01-01 05:00:00
u1255,conv0001882,sess0003726,B,0,2.01,2024-01-03 15:00:00
u1255,conv0001882,sess0003727,B,1,3.93,2024-01-10 07:00:00
u1256,conv0001883,sess0003728,B,1,4.89,2024-01-03 06:00:00
u1256,conv0001883,sess0003729,B,0,3.59,2024-01-07 10:00:00
u1256,conv0001883,sess0003730,B,1,4.69,2024-01-10 00:00:00
u1256,conv0001883,sess0003731,B,1,3.38,2024-01-09 04:00:00
u1257,conv0001884,sess0003732,B,1,3.07,2024-01-03 22:00:00
u1258,conv0001886,sess0003733,B,1,4.72,2024-01-03 14:00:00
u1258,conv0001886,sess0003734,B,1,5.0,2024-01-03 21:00:00
u1258,conv0001886,sess0003735,B,0,2.09,2024-01-07 14:00:00
u1258,conv0001886,sess0003736,B,1,4.08,2024-01-06 14:00:00
u1259,conv0001887,sess0003737,B,0,2.82,2024-01-06 05:00:00
u1259,conv0001887,sess0003738,B,0,2.8,2024-01-10 11:00:00
u1259,conv0001888,sess0003739,B,1,3.0,2024-01-03 04:00:00
u1259,conv0001888,sess0003740,B,1,4.5,2024-01-06 07:00:00
u1260,conv0001889,sess0003741,B,0,4.34,2024-01-06 12:00:00
u1260,conv0001890,sess0003742,B,0,3.25,2024-01-03 00:00:00
u1261,conv0001891,sess0003743,B,1,3.98,2024-01-05 12:00:00
u1262,conv0001893,sess0003744,B,1,4.57,2024-01-07 06:00:00
u1262,conv0001893,sess0003745,B,1,4.06,2024-01-06 17:00:00
u1262,conv0001893,sess0003746,B,0,2.6,2024-01-09 01:00:00
u1263,conv0001894,sess0003747,B,1,3.69,2024-01-06 16:00:00
u1264,conv0001896,sess0003748,B,1,3.39,2024-01-05 05:00:00
u1264,conv0001897,sess0003749,B,0,2.38,2024-01-05 20:00:00
u1265,conv0001898,sess0003750,B,1,5.0,2024-01-07 16:00:00
u1265,conv0001898,sess0003751,B,0,2.59,2024-01-03 22:00:00
u1265,conv0001899,sess0003752,B,1,4.27,2024-01-02 16:00:00
u1265,conv0001899,sess0003753,B,1,4.72,2024-01-08 13:00:00
u1266,conv0001900,sess0003754,B,1,3.97,2024-01-07 05:00:00
u1267,conv0001901,sess0003755,B,0,1.13,2024-01-07 05:00:00
u1267,conv0001901,sess0003756,B,1,4.49,2024-01-05 20:00:00
u1267,conv0001901,sess0003757,B,1,3.73,2024-01-05 18:00:00
u1267,conv0001902,sess0003758,B,1,3.37,2024-01-06 21:00:00
u1267,conv0001902,sess0003759,B,1,3.92,2024-01-04 20:00:00
u1268,conv0001903,sess0003760,B,1,2.94,2024-01-07 20:00:00
u1268,conv0001903,sess0003761,B,1,2.86,2024-01-03 10:00:00
u1268,conv0001904,sess0003762,B,1,2.73,2024-01-06 14:00:00
u1269,conv0001905,sess0003763,B,1,4.35,2024-01-01 22:00:00
u1270,conv0001906,sess0003764,B,0,0.01,2024-01-02 19:00:00
u1270,conv0001907,sess0003765,B,1,4.01,2024-01-03 16:00:00
u1271,conv0001908,sess0003766,B,1,3.93,2024-01-04 02:00:00
u1271,conv0001908,sess0003767,B,1,3.55,2024-01-07 21:00:00
u1271,conv0001908,sess0003768,B,1,2.83,2024-01-09 15:00:00
u1271,conv0001908,sess0003769,B,0,3.23,2024-01-02 17:00:00
u1272,conv0001909,sess0003770,B,1,3.1,2024-01-02 17:00:00
u1272,conv0001909,sess0003771,B,0,1.17,2024-01-05 05:00:00
u1272,conv0001910,sess0003772,B,0,3.11,2024-01-04 03:00:00
u1273,conv0001911,sess0003773,B,0,2.87,2024-01-03 09:00:00
u1274,conv0001912,sess0003774,B,0,3.84,2024-01-04 18:00:00
u1274,conv0001912,sess0003775,B,0,2.59,2024-01-05 00:00:00
u1274,conv0001912,sess0003776,B,0,1.76,2024-01-07 23:00:00
u1274,conv0001913,sess0003777,B,0,3.29,2024-01-07 23:00:00
u1274,conv0001913,sess0003778,B,1,3.88,2024-01-07 13:00:00
u1275,conv0001914,sess0003779,B,1,4.2,2024-01-01 05:00:00
u1276,conv0001916,sess0003780,B,1,4.02,2024-01-07 22:00:00
u1276,conv0001916,sess0003781,B,1,4.23,2024-01-06 07:00:00
u1276,conv0001916,sess0003782,B,0,4.17,2024-01-07 11:00:00
u1276,conv0001916,sess0003783,B,1,3.82,2024-01-04 00:00:00
u1276,conv0001916,sess0003784,B,1,3.53,2024-01-14 20:00:00
u1277,conv0001917,sess0003785,B,0,2.25,2024-01-01 01:00:00
u1277,conv0001917,sess0003786,B,0,1.26,2024-01-07 18:00:00
u1278,conv0001918,sess0003787,B,0,3.01,2024-01-05 22:00:00
u1278,conv0001918,sess0003788,B,1,4.15,2024-01-05 23:00:00
u1278,conv0001918,sess0003789,B,1,3.49,2024-01-06 10:00:00
u1278,conv0001919,sess0003790,B,1,3.58,2024-01-03 22:00:00
u1278,conv0001919,sess0003791,B,0,3.17,2024-01-08 04:00:00
u1279,conv0001920,sess0003792,B,1,2.98,2024-01-07 12:00:00
u1279,conv0001920,sess0003793,B,1,4.27,2024-01-08 23:00:00
u1279,conv0001920,sess0003794,B,1,4.1,2024-01-05 22:00:00
u1279,conv0001921,sess0003795,B,1,3.35,2024-01-06 09:00:00
u1279,conv0001921,sess0003796,B,1,5.0,2024-01-09 02:00:00
u1280,conv0001922,sess0003797,B,1,3.27,2024-01-07 21:00:00
u1280,conv0001922,sess0003798,B,1,3.9,2024-01-05 18:00:00
u1280,conv0001923,sess0003799,B,1,3.98,2024-01-04 05:00:00
u1280,conv0001923,sess0003800,B,1,3.77,2024-01-02 07:00:00
u1281,conv0001924,sess0003801,B,0,2.68,2024-01-03 03:00:00
u1281,conv0001924,sess0003802,B,1,4.0,2024-01-08 16:00:00
u1282,conv0001925,sess0003803,B,1,4.86,2024-01-01 15:00:00
u1283,conv0001926,sess0003804,B,0,2.24,2024-01-06 03:00:00
u1283,conv0001926,sess0003805,B,1,4.39,2024-01-08 08:00:00
u1283,conv0001926,sess0003806,B,0,0.32,2024-01-06 11:00:00
u1284,conv0001927,sess0003807,B,1,4.2,2024-01-01 10:00:00
u1284,conv0001927,sess0003808,B,1,4.41,2024-01-05 12:00:00
u1285,conv0001928,sess0003809,B,1,4.68,2024-01-06 05:00:00
u1285,conv0001929,sess0003810,B,1,4.77,2024-01-02 09:00:00
u1286,conv0001930,sess0003811,B,1,4.59,2024-01-03 17:00:00
u1286,conv0001930,sess0003812,B,0,2.86,2024-01-06 01:00:00
u1287,conv0001931,sess0003813,B,0,2.94,2024-01-01 22:00:00
u1288,conv0001932,sess0003814,B,0,1.9,2024-01-06 23:00:00
u1288,conv0001932,sess0003815,B,1,3.01,2024-01-06 07:00:00
u1288,conv0001932,sess0003816,B,1,4.03,2024-01-06 16:00:00
u1288,conv0001932,sess0003817,B,1,4.24,2024-01-11 16:00:00
u1288,conv0001932,sess0003818,B,1,4.01,2024-01-16 03:00:00
u1289,conv0001933,sess0003819,B,1,4.28,2024-01-06 02:00:00
u1290,conv0001934,sess0003820,B,1,3.33,2024-01-06 13:00:00
u1290,conv0001934,sess0003821,B,1,3.3,2024-01-08 14:00:00
u1291,conv0001935,sess0003822,B,1,3.57,2024-01-05 11:00:00
u1291,conv0001936,sess0003823,B,1,4.52,2024-01-04 11:00:00
u1292,conv0001937,sess0003824,B,1,4.79,2024-01-03 18:00:00
u1292,conv0001937,sess0003825,B,1,3.46,2024-01-02 15:00:00
u1292,conv0001937,sess0003826,B,1,5.0,2024-01-03 22:00:00
u1292,conv0001938,sess0003827,B,1,2.85,2024-01-02 12:00:00
u1292,conv0001938,sess0003828,B,0,1.51,2024-01-05 18:00:00
u1293,conv0001939,sess0003829,B,1,3.68,2024-01-05 00:00:00
u1293,conv0001939,sess0003830,B,1,4.68,2024-01-06 03:00:00
u1293,conv0001940,sess0003831,B,1,5.0,2024-01-01 09:00:00
u1293,conv0001940,sess0003832,B,0,2.4,2024-01-03 20:00:00
u1294,conv0001941,sess0003833,B,1,3.3,2024-01-07 07:00:00
u1294,conv0001941,sess0003834,B,0,1.71,2024-01-06 09:00:00
u1294,conv0001941,sess0003835,B,0,2.11,2024-01-10 05:00:00
u1294,conv0001941,sess0003836,B,0,2.81,2024-01-03 20:00:00
u1294,conv0001941,sess0003837,B,1,3.01,2024-01-07 19:00:00
u1295,conv0001942,sess0003838,B,1,4.66,2024-01-06 10:00:00
u1295,conv0001942,sess0003839,B,1,2.98,2024-01-08 17:00:00
u1295,conv0001943,sess0003840,B,1,5.0,2024-01-02 06:00:00
u1295,conv0001943,sess0003841,B,1,4.18,2024-01-07 00:00:00
u1296,conv0001944,sess0003842,B,1,4.36,2024-01-06 02:00:00
u1297,conv0001946,sess0003843,B,0,2.94,2024-01-06 11:00:00
u1297,conv0001947,sess0003844,B,1,4.06,2024-01-01 23:00:00
u1298,conv0001948,sess0003845,B,0,3.79,2024-01-03 02:00:00
u1299,conv0001949,sess0003846,B,1,2.84,2024-01-02 02:00:00
u1299,conv0001949,sess0003847,B,0,2.45,2024-01-04 22:00:00
u1299,conv0001950,sess0003848,B,0,2.53,2024-01-04 05:00:00
u1300,conv0001951,sess0003849,B,1,4.88,2024-01-01 22:00:00
u1300,conv0001951,sess0003850,B,0,1.77,2024-01-07 18:00:00
u1301,conv0001952,sess0003851,B,0,3.14,2024-01-02 15:00:00
u1302,conv0001954,sess0003852,B,1,3.29,2024-01-03 19:00:00
u1302,conv0001954,sess0003853,B,0,1.85,2024-01-06 05:00:00
u1302,conv0001955,sess0003854,B,1,3.02,2024-01-06 16:00:00
u1302,conv0001955,sess0003855,B,1,3.34,2024-01-06 17:00:00
u1303,conv0001956,sess0003856,B,1,3.78,2024-01-05 14:00:00
u1304,conv0001958,sess0003857,B,1,4.49,2024-01-01 00:00:00
u1304,conv0001958,sess0003858,B,1,3.69,2024-01-09 19:00:00
u1304,conv0001958,sess0003859,B,1,4.49,2024-01-04 03:00:00
u1304,conv0001958,sess0003860,B,1,4.11,2024-01-12 09:00:00
u1304,conv0001958,sess0003861,B,1,4.09,2024-01-05 04:00:00
u1305,conv0001959,sess0003862,B,1,3.65,2024-01-04 18:00:00
u1305,conv0001959,sess0003863,B,0,2.98,2024-01-09 04:00:00
u1305,conv0001959,sess0003864,B,1,4.37,2024-01-11 19:00:00
u1305,conv0001959,sess0003865,B,0,2.64,2024-01-11 22:00:00
u1306,conv0001960,sess0003866,B,1,4.76,2024-01-01 13:00:00
u1306,conv0001960,sess0003867,B,0,3.36,2024-01-02 21:00:00
u1306,conv0001960,sess0003868,B,0,1.07,2024-01-08 11:00:00
u1306,conv0001960,sess0003869,B,1,4.55,2024-01-11 23:00:00
u1307,conv0001961,sess0003870,B,1,5.0,2024-01-02 04:00:00
u1307,conv0001961,sess0003871,B,0,2.63,2024-01-06 23:00:00
u1307,conv0001962,sess0003872,B,1,4.37,2024-01-06 09:00:00
u1308,conv0001963,sess0003873,B,1,3.72,2024-01-07 23:00:00
u1308,conv0001963,sess0003874,B,1,4.15,2024-01-03 08:00:00
u1308,conv0001963,sess0003875,B,1,3.81,2024-01-13 05:00:00
u1308,conv0001963,sess0003876,B,0,2.0,2024-01-07 10:00:00
u1309,conv0001964,sess0003877,B,1,4.58,2024-01-04 20:00:00
u1309,conv0001964,sess0003878,B,1,4.47,2024-01-03 08:00:00
u1309,conv0001964,sess0003879,B,1,4.3,2024-01-08 16:00:00
u1309,conv0001965,sess0003880,B,0,2.23,2024-01-07 11:00:00
u1309,conv0001965,sess0003881,B,1,4.18,2024-01-08 03:00:00
u1310,conv0001966,sess0003882,B,1,2.97,2024-01-04 06:00:00
u1310,conv0001966,sess0003883,B,0,1.61,2024-01-08 15:00:00
u1310,conv0001966,sess0003884,B,0,1.33,2024-01-12 22:00:00
u1310,conv0001967,sess0003885,B,0,1.41,2024-01-05 02:00:00
u1310,conv0001967,sess0003886,B,1,3.6,2024-01-07 20:00:00
u1311,conv0001968,sess0003887,B,0,3.05,2024-01-07 17:00:00
u1312,conv0001970,sess0003888,B,1,4.99,2024-01-02 18:00:00
u1312,conv0001970,sess0003889,B,1,4.45,2024-01-07 06:00:00
u1312,conv0001970,sess0003890,B,0,1.85,2024-01-08 02:00:00
u1313,conv0001971,sess0003891,B,1,2.39,2024-01-03 22:00:00
u1313,conv0001971,sess0003892,B,1,4.29,2024-01-08 22:00:00
u1313,conv0001972,sess0003893,B,0,1.54,2024-01-01 23:00:00
u1313,conv0001972,sess0003894,B,1,4.14,2024-01-04 17:00:00
u1314,conv0001973,sess0003895,B,0,2.59,2024-01-03 02:00:00
u1314,conv0001973,sess0003896,B,1,3.59,2024-01-09 11:00:00
u1315,conv0001974,sess0003897,B,1,2.99,2024-01-06 14:00:00
u1315,conv0001974,sess0003898,B,0,2.54,2024-01-06 17:00:00
u1315,conv0001974,sess0003899,B,0,1.43,2024-01-06 13:00:00
u1315,conv0001974,sess0003900,B,1,4.05,2024-01-11 16:00:00
u1315,conv0001974,sess0003901,B,1,4.16,2024-01-13 16:00:00
u1316,conv0001975,sess0003902,B,0,2.65,2024-01-03 11:00:00
u1316,conv0001975,sess0003903,B,1,3.63,2024-01-09 04:00:00
u1317,conv0001976,sess0003904,B,1,3.99,2024-01-04 16:00:00
u1318,conv0001977,sess0003905,B,0,2.53,2024-01-04 12:00:00
u1318,conv0001977,sess0003906,B,1,3.92,2024-01-08 07:00:00
u1318,conv0001977,sess0003907,B,1,4.31,2024-01-06 02:00:00
u1318,conv0001977,sess0003908,B,0,2.4,2024-01-11 01:00:00
u1318,conv0001977,sess0003909,B,1,4.49,2024-01-17 15:00:00
u1319,conv0001978,sess0003910,B,1,4.4,2024-01-03 18:00:00
u1319,conv0001978,sess0003911,B,1,3.95,2024-01-04 00:00:00
u1320,conv0001979,sess0003912,B,1,3.63,2024-01-06 16:00:00
u1320,conv0001979,sess0003913,B,1,3.87,2024-01-06 22:00:00
u1320,conv0001979,sess0003914,B,1,4.19,2024-01-02 08:00:00
u1320,conv0001980,sess0003915,B,1,2.19,2024-01-02 22:00:00
u1320,conv0001980,sess0003916,B,1,3.5,2024-01-07 15:00:00
u1321,conv0001981,sess0003917,B,1,4.17,2024-01-07 22:00:00
u1322,conv0001983,sess0003918,B,0,1.1,2024-01-03 01:00:00
u1322,conv0001984,sess0003919,B,1,3.73,2024-01-06 17:00:00
u1323,conv0001985,sess0003920,B,0,2.71,2024-01-06 00:00:00
u1323,conv0001985,sess0003921,B,0,2.05,2024-01-06 10:00:00
u1323,conv0001985,sess0003922,B,1,3.4,2024-01-05 14:00:00
u1324,conv0001986,sess0003923,B,1,2.81,2024-01-01 04:00:00
u1324,conv0001986,sess0003924,B,0,3.44,2024-01-07 11:00:00
u1324,conv0001987,sess0003925,B,1,4.61,2024-01-02 14:00:00
u1325,conv0001988,sess0003926,B,1,3.71,2024-01-07 22:00:00
u1325,conv0001988,sess0003927,B,1,3.27,2024-01-07 00:00:00
u1325,conv0001988,sess0003928,B,1,4.08,2024-01-07 10:00:00
u1325,conv0001988,sess0003929,B,1,4.11,2024-01-03 07:00:00
u1326,conv0001989,sess0003930,B,0,2.93,2024-01-02 06:00:00
u1326,conv0001989,sess0003931,B,1,4.63,2024-01-05 05:00:00
u1326,conv0001990,sess0003932,B,1,5.0,2024-01-02 15:00:00
u1327,conv0001991,sess0003933,B,1,4.48,2024-01-03 01:00:00
u1328,conv0001992,sess0003934,B,0,3.16,2024-01-03 08:00:00
u1329,conv0001994,sess0003935,B,1,4.59,2024-01-02 15:00:00
u1329,conv0001994,sess0003936,B,1,3.24,2024-01-08 14:00:00
u1329,conv0001995,sess0003937,B,1,3.07,2024-01-02 17:00:00
u1329,conv0001995,sess0003938,B,1,4.23,2024-01-05 14:00:00
u1330,conv0001996,sess0003939,B,1,2.92,2024-01-05 18:00:00
u1331,conv0001997,sess0003940,B,1,4.15,2024-01-07 17:00:00
u1331,conv0001998,sess0003941,B,1,3.77,2024-01-02 18:00:00
u1332,conv0001999,sess0003942,B,1,3.85,2024-01-03 00:00:00
u1332,conv0001999,sess0003943,B,1,4.64,2024-01-05 09:00:00
u1332,conv0001999,sess0003944,B,0,2.7,2024-01-07 14:00:00
u1332,conv0002000,sess0003945,B,0,2.37,2024-01-04 13:00:00
u1332,conv0002000,sess0003946,B,0,3.93,2024-01-07 06:00:00
u1333,conv0002001,sess0003947,B,0,2.54,2024-01-01 02:00:00
u1333,conv0002002,sess0003948,B,0,2.5,2024-01-04 20:00:00
u1334,conv0002003,sess0003949,B,1,3.43,2024-01-03 04:00:00
u1334,conv0002003,sess0003950,B,0,2.62,2024-01-04 21:00:00
u1335,conv0002004,sess0003951,B,1,3.59,2024-01-05 05:00:00
u1335,conv0002004,sess0003952,B,1,2.31,2024-01-08 21:00:00
u1336,conv0002005,sess0003953,B,1,4.24,2024-01-02 14:00:00
u1336,conv0002005,sess0003954,B,1,4.38,2024-01-07 17:00:00
u1336,conv0002005,sess0003955,B,0,1.56,2024-01-06 11:00:00
u1336,conv0002006,sess0003956,B,1,3.79,2024-01-05 18:00:00
u1336,conv0002006,sess0003957,B,1,4.3,2024-01-07 09:00:00
u1337,conv0002007,sess0003958,B,0,2.1,2024-01-04 13:00:00
u1338,conv0002008,sess0003959,B,1,3.51,2024-01-06 12:00:00
u1338,conv0002008,sess0003960,B,1,3.57,2024-01-03 20:00:00
u1338,conv0002008,sess0003961,B,1,4.01,2024-01-08 07:00:00
u1339,conv0002009,sess0003962,B,1,5.0,2024-01-07 13:00:00
u1339,conv0002009,sess0003963,B,1,3.96,2024-01-07 01:00:00
u1339,conv0002009,sess0003964,B,0,4.35,2024-01-04 17:00:00
u1339,conv0002010,sess0003965,B,0,3.11,2024-01-06 19:00:00
u1339,conv0002010,sess0003966,B,1,5.0,2024-01-07 01:00:00
u1340,conv0002011,sess0003967,B,0,2.1,2024-01-01 17:00:00
u1340,conv0002012,sess0003968,B,1,4.6,2024-01-03 12:00:00
u1341,conv0002013,sess0003969,B,1,4.93,2024-01-02 22:00:00
u1341,conv0002013,sess0003970,B,1,3.7,2024-01-05 03:00:00
u1342,conv0002014,sess0003971,B,1,4.31,2024-01-07 11:00:00
u1342,conv0002014,sess0003972,B,0,2.89,2024-01-02 00:00:00
u1342,conv0002014,sess0003973,B,0,1.19,2024-01-08 23:00:00
u1343,conv0002015,sess0003974,B,0,2.14,2024-01-06 04:00:00
u1343,conv0002015,sess0003975,B,0,2.78,2024-01-05 03:00:00
u1343,conv0002015,sess0003976,B,0,1.85,2024-01-06 20:00:00
u1343,conv0002015,sess0003977,B,0,2.59,2024-01-12 23:00:00
u1343,conv0002015,sess0003978,B,1,4.28,2024-01-09 12:00:00
u1344,conv0002016,sess0003979,B,1,3.07,2024-01-03 09:00:00
u1344,conv0002016,sess0003980,B,1,4.12,2024-01-03 13:00:00
u1345,conv0002017,sess0003981,B,1,3.97,2024-01-07 12:00:00
u1346,conv0002019,sess0003982,B,1,3.05,2024-01-01 19:00:00
u1346,conv0002019,sess0003983,B,0,3.57,2024-01-05 16:00:00
u1346,conv0002020,sess0003984,B,0,2.47,2024-01-01 03:00:00
u1346,conv0002020,sess0003985,B,0,2.43,2024-01-09 18:00:00
u1347,conv0002021,sess0003986,B,1,3.33,2024-01-07 16:00:00
u1347,conv0002021,sess0003987,B,1,4.22,2024-01-04 11:00:00
u1347,conv0002022,sess0003988,B,1,3.77,2024-01-01 22:00:00
u1347,conv0002022,sess0003989,B,1,4.24,2024-01-09 11:00:00
u1348,conv0002023,sess0003990,B,0,1.25,2024-01-07 14:00:00
u1349,conv0002025,sess0003991,B,1,3.47,2024-01-04 17:00:00
u1349,conv0002025,sess0003992,B,1,4.59,2024-01-04 03:00:00
u1349,conv0002026,sess0003993,B,1,4.46,2024-01-02 10:00:00
u1350,conv0002027,sess0003994,B,1,3.9,2024-01-01 07:00:00
u1350,conv0002027,sess0003995,B,1,4.99,2024-01-09 10:00:00
u1350,conv0002027,sess0003996,B,0,4.11,2024-01-10 16:00:00
u1350,conv0002028,sess0003997,B,0,3.51,2024-01-03 16:00:00
u1350,conv0002028,sess0003998,B,1,4.48,2024-01-05 12:00:00
u1351,conv0002029,sess0003999,B,0,1.88,2024-01-03 10:00:00
u1351,conv0002029,sess0004000,B,1,3.28,2024-01-04 10:00:00
u1351,conv0002030,sess0004001,B,1,5.0,2024-01-07 23:00:00
u1352,conv0002031,sess0004002,B,1,3.72,2024-01-01 04:00:00
u1352,conv0002031,sess0004003,B,0,3.8,2024-01-06 04:00:00
u1352,conv0002031,sess0004004,B,1,4.31,2024-01-06 18:00:00
u1352,conv0002031,sess0004005,B,1,4.05,2024-01-05 03:00:00
u1352,conv0002031,sess0004006,B,1,4.37,2024-01-09 05:00:00
u1353,conv0002032,sess0004007,B,0,3.31,2024-01-06 17:00:00
u1354,conv0002034,sess0004008,B,1,4.62,2024-01-07 12:00:00
u1354,conv0002034,sess0004009,B,1,4.16,2024-01-03 07:00:00
u1354,conv0002034,sess0004010,B,1,2.83,2024-01-10 22:00:00
u1354,conv0002034,sess0004011,B,0,3.19,2024-01-08 05:00:00
u1354,conv0002034,sess0004012,B,1,4.12,2024-01-10 23:00:00
u1355,conv0002035,sess0004013,B,1,3.93,2024-01-02 09:00:00
u1355,conv0002035,sess0004014,B,1,3.1,2024-01-07 10:00:00
u1355,conv0002035,sess0004015,B,0,1.33,2024-01-06 20:00:00
u1355,conv0002035,sess0004016,B,1,3.95,2024-01-09 19:00:00
u1356,conv0002036,sess0004017,B,0,2.23,2024-01-07 15:00:00
u1356,conv0002036,sess0004018,B,1,3.76,2024-01-05 11:00:00
u1356,conv0002037,sess0004019,B,1,4.91,2024-01-01 20:00:00
u1357,conv0002038,sess0004020,B,0,1.99,2024-01-05 23:00:00
u1357,conv0002038,sess0004021,B,1,3.38,2024-01-09 03:00:00
u1357,conv0002038,sess0004022,B,1,3.8,2024-01-02 21:00:00
u1357,conv0002039,sess0004023,B,1,4.29,2024-01-07 23:00:00
u1357,conv0002039,sess0004024,B,1,4.0,2024-01-05 07:00:00
u1358,conv0002040,sess0004025,B,1,4.69,2024-01-05 20:00:00
u1358,conv0002040,sess0004026,B,1,3.55,2024-01-03 21:00:00
u1358,conv0002040,sess0004027,B,1,3.45,2024-01-09 15:00:00
u1359,conv0002041,sess0004028,B,0,2.64,2024-01-02 02:00:00
u1359,conv0002041,sess0004029,B,0,3.16,2024-01-08 13:00:00
u1359,conv0002042,sess0004030,B,0,1.41,2024-01-05 03:00:00
u1359,conv0002042,sess0004031,B,1,3.14,2024-01-05 22:00:00
u1360,conv0002043,sess0004032,B,1,4.21,2024-01-04 02:00:00
u1360,conv0002043,sess0004033,B,0,3.07,2024-01-02 23:00:00
u1360,conv0002043,sess0004034,B,1,2.98,2024-01-09 15:00:00
u1360,conv0002044,sess0004035,B,1,4.64,2024-01-02 17:00:00
u1360,conv0002044,sess0004036,B,0,2.44,2024-01-03 11:00:00
u1361,conv0002045,sess0004037,B,0,2.36,2024-01-07 07:00:00
u1361,conv0002045,sess0004038,B,1,3.78,2024-01-02 10:00:00
u1361,conv0002045,sess0004039,B,0,1.88,2024-01-06 05:00:00
u1361,conv0002045,sess0004040,B,0,2.62,2024-01-10 08:00:00
u1362,conv0002046,sess0004041,B,1,4.28,2024-01-04 07:00:00
u1362,conv0002046,sess0004042,B,1,3.92,2024-01-03 03:00:00
u1362,conv0002046,sess0004043,B,1,3.37,2024-01-08 03:00:00
u1362,conv0002046,sess0004044,B,0,2.86,2024-01-11 16:00:00
u1363,conv0002047,sess0004045,B,1,4.12,2024-01-01 08:00:00
u1363,conv0002047,sess0004046,B,1,5.0,2024-01-07 12:00:00
u1363,conv0002047,sess0004047,B,1,3.55,2024-01-09 05:00:00
u1363,conv0002048,sess0004048,B,1,3.48,2024-01-05 04:00:00
u1363,conv0002048,sess0004049,B,1,4.18,2024-01-05 06:00:00
u1364,conv0002049,sess0004050,B,1,3.8,2024-01-01 20:00:00
u1364,conv0002049,sess0004051,B,0,2.62,2024-01-02 00:00:00
u1364,conv0002049,sess0004052,B,1,5.0,2024-01-09 18:00:00
u1364,conv0002049,sess0004053,B,1,4.2,2024-01-12 23:00:00
u1364,conv0002049,sess0004054,B,0,2.27,2024-01-12 14:00:00
u1365,conv0002050,sess0004055,B,1,3.99,2024-01-03 06:00:00
u1365,conv0002050,sess0004056,B,1,4.93,2024-01-05 02:00:00
u1366,conv0002051,sess0004057,B,0,4.13,2024-01-03 13:00:00
u1366,conv0002051,sess0004058,B,1,4.48,2024-01-03 11:00:00
u1366,conv0002051,sess0004059,B,1,4.71,2024-01-11 00:00:00
u1366,conv0002052,sess0004060,B,1,4.79,2024-01-01 05:00:00
u1366,conv0002052,sess0004061,B,1,5.0,2024-01-08 13:00:00
u1367,conv0002053,sess0004062,B,1,4.53,2024-01-02 20:00:00
u1367,conv0002053,sess0004063,B,1,3.33,2024-01-05 10:00:00
u1367,conv0002054,sess0004064,B,1,4.59,2024-01-03 08:00:00
u1367,conv0002054,sess0004065,B,1,5.0,2024-01-04 08:00:00
u1368,conv0002055,sess0004066,B,1,4.83,2024-01-01 14:00:00
u1368,conv0002056,sess0004067,B,1,4.47,2024-01-05 12:00:00
u1369,conv0002057,sess0004068,B,0,3.71,2024-01-04 20:00:00
u1369,conv0002057,sess0004069,B,1,3.87,2024-01-08 11:00:00
u1369,conv0002058,sess0004070,B,1,5.0,2024-01-05 11:00:00
u1369,conv0002058,sess0004071,B,1,4.6,2024-01-06 11:00:00
u1370,conv0002059,sess0004072,B,1,3.17,2024-01-01 15:00:00
u1370,conv0002059,sess0004073,B,1,3.48,2024-01-08 23:00:00
u1371,conv0002060,sess0004074,B,1,3.24,2024-01-01 15:00:00
u1371,conv0002060,sess0004075,B,0,4.54,2024-01-06 16:00:00
u1371,conv0002060,sess0004076,B,1,2.99,2024-01-08 01:00:00
u1372,conv0002061,sess0004077,B,1,3.42,2024-01-05 21:00:00
u1373,conv0002063,sess0004078,B,1,4.93,2024-01-04 21:00:00
u1374,conv0002064,sess0004079,B,0,2.45,2024-01-07 03:00:00
u1374,conv0002065,sess0004080,B,0,3.63,2024-01-06 18:00:00
u1375,conv0002066,sess0004081,B,1,4.34,2024-01-01 04:00:00
u1375,conv0002066,sess0004082,B,0,1.08,2024-01-03 05:00:00
u1375,conv0002066,sess0004083,B,0,2.87,2024-01-10 13:00:00
u1375,conv0002066,sess0004084,B,1,3.67,2024-01-14 02:00:00
u1376,conv0002067,sess0004085,B,1,3.18,2024-01-07 11:00:00
u1376,conv0002067,sess0004086,B,1,5.0,2024-01-03 13:00:00
u1377,conv0002068,sess0004087,B,1,4.85,2024-01-02 11:00:00
u1377,conv0002068,sess0004088,B,0,4.0,2024-01-05 20:00:00
u1377,conv0002068,sess0004089,B,1,3.75,2024-01-04 16:00:00
u1377,conv0002068,sess0004090,B,1,4.34,2024-01-13 07:00:00
u1377,conv0002068,sess0004091,B,0,2.73,2024-01-11 00:00:00
u1378,conv0002069,sess0004092,B,1,4.87,2024-01-07 11:00:00
u1378,conv0002069,sess0004093,B,1,3.58,2024-01-09 04:00:00
u1378,conv0002069,sess0004094,B,0,3.41,2024-01-10 15:00:00
u1378,conv0002070,sess0004095,B,1,2.97,2024-01-03 15:00:00
u1378,conv0002070,sess0004096,B,1,3.44,2024-01-05 16:00:00
u1379,conv0002071,sess0004097,B,0,2.16,2024-01-06 13:00:00
u1380,conv0002072,sess0004098,B,1,4.22,2024-01-02 09:00:00
u1380,conv0002072,sess0004099,B,1,4.25,2024-01-08 17:00:00
u1380,conv0002072,sess0004100,B,0,3.18,2024-01-09 13:00:00
u1380,conv0002073,sess0004101,B,0,2.63,2024-01-06 01:00:00
u1380,conv0002073,sess0004102,B,0,2.45,2024-01-05 10:00:00
u1381,conv0002074,sess0004103,B,1,4.48,2024-01-05 10:00:00
u1381,conv0002074,sess0004104,B,0,3.53,2024-01-06 00:00:00
u1381,conv0002074,sess0004105,B,1,3.66,2024-01-06 11:00:00
u1381,conv0002075,sess0004106,B,0,2.56,2024-01-06 09:00:00
u1381,conv0002075,sess0004107,B,0,2.35,2024-01-06 11:00:00
u1382,conv0002076,sess0004108,B,1,3.95,2024-01-02 21:00:00
u1382,conv0002076,sess0004109,B,1,4.23,2024-01-05 19:00:00
u1382,conv0002076,sess0004110,B,1,3.43,2024-01-03 19:00:00
u1382,conv0002076,sess0004111,B,1,4.48,2024-01-13 15:00:00
u1382,conv0002076,sess0004112,B,1,4.7,2024-01-10 07:00:00
u1383,conv0002077,sess0004113,B,1,3.23,2024-01-04 09:00:00
u1383,conv0002077,sess0004114,B,0,3.97,2024-01-06 02:00:00
u1383,conv0002077,sess0004115,B,1,4.43,2024-01-09 00:00:00
u1383,conv0002077,sess0004116,B,1,3.89,2024-01-05 07:00:00
u1383,conv0002077,sess0004117,B,1,4.57,2024-01-16 15:00:00
u1384,conv0002078,sess0004118,B,1,4.75,2024-01-07 16:00:00
u1385,conv0002080,sess0004119,B,1,3.11,2024-01-07 06:00:00
u1386,conv0002082,sess0004120,B,1,4.28,2024-01-04 17:00:00
u1387,conv0002084,sess0004121,B,1,4.09,2024-01-04 02:00:00
u1387,conv0002084,sess0004122,B,0,2.94,2024-01-06 23:00:00
u1387,conv0002084,sess0004123,B,1,5.0,2024-01-08 02:00:00
u1387,conv0002084,sess0004124,B,1,3.78,2024-01-05 06:00:00
u1388,conv0002085,sess0004125,B,1,3.92,2024-01-06 23:00:00
u1388,conv0002085,sess0004126,B,0,1.8,2024-01-10 01:00:00
u1388,conv0002085,sess0004127,B,0,1.53,2024-01-09 08:00:00
u1388,conv0002086,sess0004128,B,1,3.86,2024-01-01 09:00:00
u1388,conv0002086,sess0004129,B,1,4.47,2024-01-05 21:00:00
u1389,conv0002087,sess0004130,B,0,4.04,2024-01-07 14:00:00
u1389,conv0002087,sess0004131,B,1,4.14,2024-01-01 17:00:00
u1389,conv0002088,sess0004132,B,1,4.31,2024-01-03 12:00:00
u1390,conv0002089,sess0004133,B,1,3.91,2024-01-04 06:00:00
u1390,conv0002089,sess0004134,B,0,2.84,2024-01-04 06:00:00
u1391,conv0002090,sess0004135,B,0,1.56,2024-01-04 02:00:00
u1391,conv0002090,sess0004136,B,0,2.86,2024-01-05 07:00:00
u1391,conv0002090,sess0004137,B,0,1.75,2024-01-10 14:00:00
u1391,conv0002090,sess0004138,B,1,3.04,2024-01-15 23:00:00
u1392,conv0002091,sess0004139,B,1,3.98,2024-01-05 06:00:00
u1392,conv0002091,sess0004140,B,1,3.12,2024-01-03 23:00:00
u1392,conv0002091,sess0004141,B,0,2.08,2024-01-11 07:00:00
u1392,conv0002091,sess0004142,B,1,3.91,2024-01-06 02:00:00
u1392,conv0002091,sess0004143,B,0,2.18,2024-01-13 10:00:00
u1393,conv0002092,sess0004144,B,1,4.28,2024-01-01 23:00:00
u1394,conv0002094,sess0004145,B,1,5.0,2024-01-06 08:00:00
u1394,conv0002094,sess0004146,B,0,2.29,2024-01-07 00:00:00
u1394,conv0002095,sess0004147,B,1,2.73,2024-01-01 23:00:00
u1394,conv0002095,sess0004148,B,1,4.37,2024-01-04 16:00:00
u1395,conv0002096,sess0004149,B,0,1.89,2024-01-01 14:00:00
u1395,conv0002096,sess0004150,B,1,3.59,2024-01-03 23:00:00
u1395,conv0002097,sess0004151,B,1,3.75,2024-01-01 14:00:00
u1396,conv0002098,sess0004152,B,1,4.15,2024-01-06 16:00:00
u1396,conv0002098,sess0004153,B,0,3.76,2024-01-02 12:00:00
u1396,conv0002099,sess0004154,B,1,4.43,2024-01-03 02:00:00
u1396,conv0002099,sess0004155,B,0,2.3,2024-01-03 16:00:00
u1397,conv0002100,sess0004156,B,1,3.89,2024-01-05 23:00:00
u1398,conv0002102,sess0004157,B,1,3.15,2024-01-05 13:00:00
u1398,conv0002102,sess0004158,B,0,1.02,2024-01-08 04:00:00
u1398,conv0002103,sess0004159,B,1,3.52,2024-01-04 10:00:00
u1398,conv0002103,sess0004160,B,1,3.44,2024-01-03 12:00:00
u1399,conv0002104,sess0004161,B,1,3.78,2024-01-04 12:00:00
u1399,conv0002104,sess0004162,B,0,0.79,2024-01-08 12:00:00
u1399,conv0002104,sess0004163,B,1,5.0,2024-01-08 12:00:00
u1399,conv0002105,sess0004164,B,1,4.06,2024-01-07 06:00:00
u1399,conv0002105,sess0004165,B,1,4.71,2024-01-09 14:00:00
u1400,conv0002106,sess0004166,B,0,2.3,2024-01-01 04:00:00
u1400,conv0002106,sess0004167,B,1,4.13,2024-01-03 12:00:00
u1400,conv0002106,sess0004168,B,1,4.91,2024-01-07 21:00:00
u1400,conv0002107,sess0004169,B,0,3.67,2024-01-06 01:00:00
u1400,conv0002107,sess0004170,B,1,4.92,2024-01-03 23:00:00
u1401,conv0002108,sess0004171,B,1,3.91,2024-01-01 00:00:00
u1401,conv0002108,sess0004172,B,1,3.88,2024-01-05 20:00:00
u1401,conv0002108,sess0004173,B,0,2.93,2024-01-06 15:00:00
u1401,conv0002108,sess0004174,B,0,2.33,2024-01-07 06:00:00
u1401,conv0002108,sess0004175,B,0,2.63,2024-01-14 07:00:00
u1402,conv0002109,sess0004176,B,1,3.5,2024-01-07 06:00:00
u1403,conv0002110,sess0004177,B,1,3.79,2024-01-04 01:00:00
u1403,conv0002110,sess0004178,B,0,2.3,2024-01-06 18:00:00
u1403,conv0002111,sess0004179,B,1,3.74,2024-01-04 14:00:00
u1403,conv0002111,sess0004180,B,1,5.0,2024-01-03 19:00:00
u1404,conv0002112,sess0004181,B,1,4.98,2024-01-01 12:00:00
u1404,conv0002112,sess0004182,B,1,4.17,2024-01-04 13:00:00
u1404,conv0002112,sess0004183,B,0,2.88,2024-01-08 00:00:00
u1404,conv0002112,sess0004184,B,0,3.94,2024-01-09 11:00:00
u1405,conv0002113,sess0004185,B,0,1.27,2024-01-04 21:00:00
u1405,conv0002113,sess0004186,B,1,3.06,2024-01-06 01:00:00
u1405,conv0002114,sess0004187,B,1,4.24,2024-01-02 11:00:00
u1405,conv0002114,sess0004188,B,0,2.6,2024-01-09 10:00:00
u1406,conv0002115,sess0004189,B,1,4.18,2024-01-01 21:00:00
u1406,conv0002115,sess0004190,B,1,4.23,2024-01-05 13:00:00
u1406,conv0002115,sess0004191,B,1,3.89,2024-01-09 04:00:00
u1406,conv0002115,sess0004192,B,0,2.08,2024-01-09 19:00:00
u1407,conv0002116,sess0004193,B,1,4.31,2024-01-06 09:00:00
u1407,conv0002117,sess0004194,B,0,4.21,2024-01-03 09:00:00
u1408,conv0002118,sess0004195,B,0,2.76,2024-01-02 03:00:00
u1408,conv0002118,sess0004196,B,1,3.7,2024-01-06 10:00:00
u1408,conv0002118,sess0004197,B,0,1.96,2024-01-06 16:00:00
u1408,conv0002118,sess0004198,B,0,2.76,2024-01-06 02:00:00
u1409,conv0002119,sess0004199,B,1,4.54,2024-01-01 11:00:00
u1409,conv0002119,sess0004200,B,0,1.68,2024-01-05 11:00:00
u1409,conv0002120,sess0004201,B,0,2.0,2024-01-03 07:00:00
u1410,conv0002121,sess0004202,B,1,3.43,2024-01-02 13:00:00
u1410,conv0002121,sess0004203,B,0,1.68,2024-01-03 05:00:00
u1410,conv0002121,sess0004204,B,0,2.47,2024-01-08 13:00:00
u1410,conv0002121,sess0004205,B,1,4.15,2024-01-04 15:00:00
u1410,conv0002121,sess0004206,B,0,3.45,2024-01-14 20:00:00
u1411,conv0002122,sess0004207,B,0,2.01,2024-01-05 14:00:00
u1411,conv0002122,sess0004208,B,0,3.39,2024-01-07 21:00:00
u1412,conv0002123,sess0004209,B,1,3.78,2024-01-01 20:00:00
u1412,conv0002123,sess0004210,B,1,2.42,2024-01-06 18:00:00
u1412,conv0002124,sess0004211,B,1,4.36,2024-01-06 19:00:00
u1413,conv0002125,sess0004212,B,0,2.2,2024-01-04 00:00:00
u1413,conv0002125,sess0004213,B,1,3.81,2024-01-06 10:00:00
u1413,conv0002126,sess0004214,B,1,4.15,2024-01-07 22:00:00
u1413,conv0002126,sess0004215,B,1,3.24,2024-01-04 22:00:00
u1414,conv0002127,sess0004216,B,0,2.73,2024-01-02 11:00:00
u1414,conv0002127,sess0004217,B,0,2.82,2024-01-06 08:00:00
u1414,conv0002127,sess0004218,B,1,4.28,2024-01-11 08:00:00
u1415,conv0002128,sess0004219,B,1,4.53,2024-01-02 10:00:00
u1415,conv0002128,sess0004220,B,1,3.09,2024-01-03 22:00:00
u1416,conv0002129,sess0004221,B,0,1.62,2024-01-01 19:00:00
u1416,conv0002129,sess0004222,B,1,4.15,2024-01-06 13:00:00
u1416,conv0002129,sess0004223,B,1,3.94,2024-01-10 19:00:00
u1417,conv0002130,sess0004224,B,1,4.08,2024-01-06 22:00:00
u1417,conv0002130,sess0004225,B,1,4.13,2024-01-09 09:00:00
u1418,conv0002131,sess0004226,B,0,1.51,2024-01-04 18:00:00
u1418,conv0002131,sess0004227,B,1,4.48,2024-01-03 06:00:00
u1418,conv0002131,sess0004228,B,0,2.56,2024-01-06 09:00:00
u1418,conv0002131,sess0004229,B,0,1.29,2024-01-10 22:00:00
u1418,conv0002131,sess0004230,B,1,4.12,2024-01-17 11:00:00
u1419,conv0002132,sess0004231,B,1,4.66,2024-01-06 18:00:00
u1419,conv0002132,sess0004232,B,1,4.37,2024-01-06 22:00:00
u1419,conv0002133,sess0004233,B,1,2.91,2024-01-01 04:00:00
u1419,conv0002133,sess0004234,B,1,4.37,2024-01-05 18:00:00
u1420,conv0002134,sess0004235,B,1,4.4,2024-01-03 20:00:00
u1420,conv0002134,sess0004236,B,1,3.41,2024-01-04 08:00:00
u1420,conv0002134,sess0004237,B,0,2.52,2024-01-11 18:00:00
u1420,conv0002134,sess0004238,B,0,2.21,2024-01-08 20:00:00
u1420,conv0002134,sess0004239,B,1,5.0,2024-01-05 18:00:00
u1421,conv0002135,sess0004240,B,0,2.77,2024-01-06 19:00:00
u1421,conv0002135,sess0004241,B,0,3.33,2024-01-04 15:00:00
u1422,conv0002136,sess0004242,B,1,5.0,2024-01-03 17:00:00
u1423,conv0002137,sess0004243,B,1,4.07,2024-01-01 23:00:00
u1423,conv0002137,sess0004244,B,0,2.26,2024-01-09 04:00:00
u1423,conv0002138,sess0004245,B,1,4.38,2024-01-06 16:00:00
u1424,conv0002139,sess0004246,B,1,4.46,2024-01-02 05:00:00
u1424,conv0002139,sess0004247,B,0,1.74,2024-01-08 07:00:00
u1424,conv0002139,sess0004248,B,0,3.34,2024-01-05 05:00:00
u1424,conv0002140,sess0004249,B,1,4.28,2024-01-01 00:00:00
u1424,conv0002140,sess0004250,B,1,4.17,2024-01-08 09:00:00
u1425,conv0002141,sess0004251,B,1,4.29,2024-01-02 22:00:00
u1425,conv0002141,sess0004252,B,1,3.84,2024-01-10 09:00:00
u1425,conv0002141,sess0004253,B,1,3.08,2024-01-06 12:00:00
u1425,conv0002142,sess0004254,B,1,3.39,2024-01-05 04:00:00
u1425,conv0002142,sess0004255,B,0,4.34,2024-01-03 17:00:00
u1426,conv0002143,sess0004256,B,1,4.23,2024-01-01 02:00:00
u1426,conv0002143,sess0004257,B,0,2.98,2024-01-07 15:00:00
u1426,conv0002144,sess0004258,B,0,2.9,2024-01-01 09:00:00
u1427,conv0002145,sess0004259,B,1,2.83,2024-01-06 04:00:00
u1427,conv0002145,sess0004260,B,1,4.77,2024-01-04 17:00:00
u1428,conv0002146,sess0004261,B,0,2.56,2024-01-04 14:00:00
u1428,conv0002146,sess0004262,B,1,3.51,2024-01-04 01:00:00
u1428,conv0002146,sess0004263,B,1,4.62,2024-01-11 20:00:00
u1428,conv0002147,sess0004264,B,1,4.26,2024-01-04 03:00:00
u1428,conv0002147,sess0004265,B,1,4.5,2024-01-05 11:00:00
u1429,conv0002148,sess0004266,B,1,4.66,2024-01-03 18:00:00
u1429,conv0002148,sess0004267,B,1,4.61,2024-01-04 21:00:00
u1429,conv0002149,sess0004268,B,1,3.71,2024-01-04 07:00:00
u1429,conv0002149,sess0004269,B,0,2.24,2024-01-04 17:00:00
u1430,conv0002150,sess0004270,B,1,4.42,2024-01-02 05:00:00
u1431,conv0002152,sess0004271,B,0,2.97,2024-01-06 22:00:00
u1432,conv0002153,sess0004272,B,1,5.0,2024-01-06 13:00:00
u1432,conv0002153,sess0004273,B,1,3.66,2024-01-07 21:00:00
u1433,conv0002154,sess0004274,B,1,3.37,2024-01-05 19:00:00
u1434,conv0002155,sess0004275,B,1,4.37,2024-01-06 20:00:00
u1435,conv0002156,sess0004276,B,0,4.17,2024-01-02 04:00:00
u1435,conv0002156,sess0004277,B,1,3.98,2024-01-08 07:00:00
u1435,conv0002156,sess0004278,B,0,1.77,2024-01-05 20:00:00
u1435,conv0002157,sess0004279,B,0,2.9,2024-01-03 07:00:00
u1435,conv0002157,sess0004280,B,0,3.1,2024-01-06 12:00:00
u1436,conv0002158,sess0004281,B,1,4.53,2024-01-07 00:00:00
u1436,conv0002158,sess0004282,B,1,4.57,2024-01-09 04:00:00
u1436,conv0002158,sess0004283,B,0,1.46,2024-01-06 01:00:00
u1436,conv0002158,sess0004284,B,1,3.55,2024-01-04 04:00:00
u1437,conv0002159,sess0004285,B,0,2.77,2024-01-02 02:00:00
u1437,conv0002159,sess0004286,B,0,2.61,2024-01-07 01:00:00
u1437,conv0002159,sess0004287,B,1,3.28,2024-01-06 12:00:00
u1437,conv0002159,sess0004288,B,1,2.73,2024-01-13 00:00:00
u1438,conv0002160,sess0004289,B,0,2.77,2024-01-05 17:00:00
u1438,conv0002160,sess0004290,B,1,3.43,2024-01-03 18:00:00
u1438,conv0002160,sess0004291,B,0,3.1,2024-01-06 22:00:00
u1438,conv0002160,sess0004292,B,1,4.87,2024-01-10 18:00:00
u1438,conv0002160,sess0004293,B,1,3.88,2024-01-04 19:00:00
u1439,conv0002161,sess0004294,B,1,2.91,2024-01-03 14:00:00
u1440,conv0002163,sess0004295,B,1,3.61,2024-01-07 11:00:00
u1441,conv0002164,sess0004296,B,1,3.27,2024-01-03 00:00:00
u1441,conv0002164,sess0004297,B,1,4.6,2024-01-04 18:00:00
u1441,conv0002164,sess0004298,B,0,3.22,2024-01-08 13:00:00
u1442,conv0002165,sess0004299,B,1,3.36,2024-01-05 14:00:00
u1442,conv0002165,sess0004300,B,0,1.61,2024-01-07 01:00:00
u1442,conv0002165,sess0004301,B,1,5.0,2024-01-10 16:00:00
u1442,conv0002165,sess0004302,B,0,2.28,2024-01-09 02:00:00
u1443,conv0002166,sess0004303,B,1,3.29,2024-01-06 08:00:00
u1443,conv0002167,sess0004304,B,1,3.64,2024-01-02 17:00:00
u1444,conv0002168,sess0004305,B,1,4.53,2024-01-06 17:00:00
u1444,conv0002168,sess0004306,B,1,3.67,2024-01-07 04:00:00
u1445,conv0002169,sess0004307,B,1,3.53,2024-01-02 14:00:00
u1445,conv0002169,sess0004308,B,1,3.62,2024-01-04 04:00:00
u1446,conv0002170,sess0004309,B,1,4.42,2024-01-01 14:00:00
u1446,conv0002170,sess0004310,B,0,1.91,2024-01-08 03:00:00
u1446,conv0002171,sess0004311,B,1,3.77,2024-01-03 00:00:00
u1447,conv0002172,sess0004312,B,1,2.81,2024-01-03 12:00:00
u1447,conv0002172,sess0004313,B,1,3.7,2024-01-09 04:00:00
u1447,conv0002172,sess0004314,B,0,1.24,2024-01-05 12:00:00
u1447,conv0002172,sess0004315,B,0,2.27,2024-01-14 21:00:00
u1447,conv0002172,sess0004316,B,1,4.17,2024-01-09 10:00:00
u1448,conv0002173,sess0004317,B,1,4.42,2024-01-01 08:00:00
u1448,conv0002173,sess0004318,B,0,3.19,2024-01-10 17:00:00
u1448,conv0002174,sess0004319,B,0,1.53,2024-01-02 00:00:00
u1449,conv0002175,sess0004320,B,0,2.65,2024-01-02 13:00:00
u1449,conv0002175,sess0004321,B,1,3.68,2024-01-06 03:00:00
u1449,conv0002176,sess0004322,B,1,4.32,2024-01-04 22:00:00
u1450,conv0002177,sess0004323,B,1,4.1,2024-01-03 15:00:00
u1450,conv0002177,sess0004324,B,1,2.94,2024-01-03 17:00:00
u1451,conv0002178,sess0004325,B,1,5.0,2024-01-06 20:00:00
u1451,conv0002178,sess0004326,B,0,2.39,2024-01-05 17:00:00
u1451,conv0002178,sess0004327,B,0,1.8,2024-01-08 09:00:00
u1451,conv0002178,sess0004328,B,1,3.22,2024-01-05 16:00:00
u1452,conv0002179,sess0004329,B,1,3.96,2024-01-01 14:00:00
u1453,conv0002181,sess0004330,B,1,4.66,2024-01-01 12:00:00
u1454,conv0002183,sess0004331,B,1,5.0,2024-01-03 17:00:00
u1455,conv0002184,sess0004332,B,1,3.94,2024-01-02 09:00:00
u1455,conv0002184,sess0004333,B,0,1.94,2024-01-08 15:00:00
u1455,conv0002184,sess0004334,B,0,2.45,2024-01-07 17:00:00
u1456,conv0002185,sess0004335,B,1,4.29,2024-01-04 17:00:00
u1456,conv0002186,sess0004336,B,0,1.01,2024-01-01 03:00:00
u1457,conv0002187,sess0004337,B,0,3.21,2024-01-07 18:00:00
u1458,conv0002188,sess0004338,B,0,2.36,2024-01-06 20:00:00
u1459,conv0002189,sess0004339,B,1,3.58,2024-01-06 11:00:00
u1459,conv0002189,sess0004340,B,0,3.03,2024-01-04 19:00:00
u1460,conv0002190,sess0004341,B,1,3.94,2024-01-03 13:00:00
u1460,conv0002190,sess0004342,B,1,4.84,2024-01-10 18:00:00
u1461,conv0002191,sess0004343,B,1,3.82,2024-01-03 13:00:00
u1461,conv0002191,sess0004344,B,1,4.36,2024-01-04 08:00:00
u1461,conv0002191,sess0004345,B,0,2.33,2024-01-05 07:00:00
u1461,conv0002191,sess0004346,B,1,2.56,2024-01-07 01:00:00
u1462,conv0002192,sess0004347,B,1,4.88,2024-01-06 14:00:00
u1463,conv0002193,sess0004348,B,1,4.32,2024-01-03 07:00:00
u1463,conv0002193,sess0004349,B,1,4.32,2024-01-04 05:00:00
u1463,conv0002193,sess0004350,B,1,4.4,2024-01-10 18:00:00
u1463,conv0002193,sess0004351,B,0,2.79,2024-01-11 21:00:00
u1464,conv0002194,sess0004352,B,1,4.03,2024-01-04 08:00:00
u1464,conv0002194,sess0004353,B,1,3.23,2024-01-06 12:00:00
u1465,conv0002195,sess0004354,B,1,4.88,2024-01-02 02:00:00
u1465,conv0002195,sess0004355,B,1,4.63,2024-01-03 17:00:00
u1465,conv0002195,sess0004356,B,1,3.76,2024-01-10 01:00:00
u1465,conv0002196,sess0004357,B,1,4.68,2024-01-03 11:00:00
u1465,conv0002196,sess0004358,B,0,2.05,2024-01-10 15:00:00
u1466,conv0002197,sess0004359,B,0,2.33,2024-01-02 04:00:00
u1466,conv0002197,sess0004360,B,1,3.64,2024-01-06 03:00:00
u1467,conv0002198,sess0004361,B,0,2.26,2024-01-06 19:00:00
u1467,conv0002198,sess0004362,B,0,1.78,2024-01-03 20:00:00
u1467,conv0002198,sess0004363,B,1,4.45,2024-01-04 12:00:00
u1468,conv0002199,sess0004364,B,0,1.86,2024-01-01 19:00:00
u1468,conv0002199,sess0004365,B,0,3.51,2024-01-05 02:00:00
u1468,conv0002199,sess0004366,B,1,4.57,2024-01-07 11:00:00
u1469,conv0002200,sess0004367,B,1,4.61,2024-01-04 21:00:00
u1469,conv0002200,sess0004368,B,1,3.68,2024-01-06 04:00:00
u1469,conv0002200,sess0004369,B,1,4.15,2024-01-09 19:00:00
u1469,conv0002201,sess0004370,B,1,3.03,2024-01-06 07:00:00
u1469,conv0002201,sess0004371,B,1,3.34,2024-01-04 22:00:00
u1470,conv0002202,sess0004372,B,0,4.13,2024-01-05 16:00:00
u1470,conv0002202,sess0004373,B,1,4.96,2024-01-04 02:00:00
u1470,conv0002203,sess0004374,B,1,4.32,2024-01-02 02:00:00
u1470,conv0002203,sess0004375,B,1,4.11,2024-01-08 03:00:00
u1471,conv0002204,sess0004376,B,1,4.33,2024-01-02 16:00:00
u1471,conv0002204,sess0004377,B,1,3.72,2024-01-08 11:00:00
u1471,conv0002204,sess0004378,B,1,3.88,2024-01-06 05:00:00
u1472,conv0002205,sess0004379,B,0,2.11,2024-01-01 23:00:00
u1473,conv0002207,sess0004380,B,0,1.97,2024-01-07 16:00:00
u1473,conv0002207,sess0004381,B,1,2.91,2024-01-06 18:00:00
u1473,conv0002207,sess0004382,B,0,2.5,2024-01-07 06:00:00
u1473,conv0002207,sess0004383,B,1,4.99,2024-01-09 08:00:00
u1474,conv0002208,sess0004384,B,0,2.99,2024-01-05 10:00:00
u1474,conv0002208,sess0004385,B,1,3.32,2024-01-03 06:00:00
u1474,conv0002209,sess0004386,B,0,1.83,2024-01-03 11:00:00
u1475,conv0002210,sess0004387,B,0,3.05,2024-01-05 22:00:00
u1475,conv0002210,sess0004388,B,0,4.07,2024-01-08 17:00:00
u1475,conv0002211,sess0004389,B,0,1.82,2024-01-06 07:00:00
u1475,conv0002211,sess0004390,B,1,4.33,2024-01-02 03:00:00
u1476,conv0002212,sess0004391,B,1,3.61,2024-01-03 08:00:00
u1476,conv0002212,sess0004392,B,1,3.76,2024-01-04 13:00:00
u1476,conv0002213,sess0004393,B,0,1.9,2024-01-04 17:00:00
u1476,conv0002213,sess0004394,B,1,3.0,2024-01-06 01:00:00
u1477,conv0002214,sess0004395,B,0,4.79,2024-01-04 10:00:00
u1477,conv0002214,sess0004396,B,1,4.23,2024-01-06 11:00:00
u1478,conv0002215,sess0004397,B,1,3.86,2024-01-02 10:00:00
u1478,conv0002215,sess0004398,B,0,3.1,2024-01-08 22:00:00
u1478,conv0002215,sess0004399,B,1,4.25,2024-01-08 21:00:00
u1479,conv0002216,sess0004400,B,1,5.0,2024-01-04 09:00:00
u1480,conv0002218,sess0004401,B,1,4.27,2024-01-04 12:00:00
u1480,conv0002218,sess0004402,B,1,3.4,2024-01-09 15:00:00
u1480,conv0002218,sess0004403,B,1,3.07,2024-01-06 21:00:00
u1481,conv0002219,sess0004404,B,1,4.46,2024-01-04 05:00:00
u1481,conv0002219,sess0004405,B,1,2.79,2024-01-04 22:00:00
u1481,conv0002219,sess0004406,B,1,3.97,2024-01-04 02:00:00
u1481,conv0002219,sess0004407,B,0,3.95,2024-01-07 17:00:00
u1482,conv0002220,sess0004408,B,0,2.42,2024-01-04 09:00:00
u1482,conv0002220,sess0004409,B,1,4.37,2024-01-02 08:00:00
u1482,conv0002220,sess0004410,B,1,4.91,2024-01-09 21:00:00
u1482,conv0002220,sess0004411,B,1,4.15,2024-01-14 20:00:00
u1483,conv0002221,sess0004412,B,1,3.89,2024-01-07 17:00:00
u1483,conv0002221,sess0004413,B,0,2.33,2024-01-02 09:00:00
u1483,conv0002221,sess0004414,B,1,4.31,2024-01-10 02:00:00
u1483,conv0002222,sess0004415,B,0,1.61,2024-01-04 03:00:00
u1483,conv0002222,sess0004416,B,1,3.03,2024-01-09 00:00:00
u1484,conv0002223,sess0004417,B,1,5.0,2024-01-07 11:00:00
u1484,conv0002223,sess0004418,B,1,4.24,2024-01-06 02:00:00
u1484,conv0002223,sess0004419,B,1,4.23,2024-01-05 00:00:00
u1485,conv0002224,sess0004420,B,0,2.42,2024-01-07 07:00:00
u1485,conv0002224,sess0004421,B,1,2.67,2024-01-06 21:00:00
u1485,conv0002224,sess0004422,B,1,3.26,2024-01-04 05:00:00
u1485,conv0002225,sess0004423,B,1,4.64,2024-01-06 18:00:00
u1485,conv0002225,sess0004424,B,1,4.88,2024-01-04 21:00:00
u1486,conv0002226,sess0004425,B,1,4.76,2024-01-07 00:00:00
u1486,conv0002226,sess0004426,B,1,4.28,2024-01-09 00:00:00
u1486,conv0002227,sess0004427,B,0,2.39,2024-01-05 18:00:00
u1487,conv0002228,sess0004428,B,0,2.31,2024-01-02 08:00:00
u1487,conv0002228,sess0004429,B,1,3.59,2024-01-05 19:00:00
u1487,conv0002228,sess0004430,B,1,4.41,2024-01-03 03:00:00
u1487,conv0002228,sess0004431,B,1,3.44,2024-01-08 08:00:00
u1487,conv0002228,sess0004432,B,0,3.0,2024-01-11 23:00:00
u1488,conv0002229,sess0004433,B,0,2.8,2024-01-04 00:00:00
u1488,conv0002229,sess0004434,B,1,3.99,2024-01-08 05:00:00
u1488,conv0002229,sess0004435,B,1,4.08,2024-01-06 18:00:00
u1488,conv0002230,sess0004436,B,0,2.71,2024-01-01 18:00:00
u1488,conv0002230,sess0004437,B,1,3.73,2024-01-05 05:00:00
u1489,conv0002231,sess0004438,B,1,3.7,2024-01-06 08:00:00
u1490,conv0002233,sess0004439,B,1,4.03,2024-01-03 21:00:00
u1490,conv0002233,sess0004440,B,0,3.67,2024-01-05 05:00:00
u1490,conv0002234,sess0004441,B,0,2.28,2024-01-01 11:00:00
u1491,conv0002235,sess0004442,B,1,3.81,2024-01-04 00:00:00
u1491,conv0002235,sess0004443,B,1,3.93,2024-01-07 10:00:00
u1491,conv0002236,sess0004444,B,0,2.61,2024-01-07 09:00:00
u1492,conv0002237,sess0004445,B,1,3.87,2024-01-01 16:00:00
u1492,conv0002237,sess0004446,B,0,3.34,2024-01-07 05:00:00
u1492,conv0002238,sess0004447,B,1,3.97,2024-01-01 23:00:00
u1493,conv0002239,sess0004448,B,0,2.55,2024-01-03 19:00:00
u1493,conv0002240,sess0004449,B,0,1.34,2024-01-06 22:00:00
u1494,conv0002241,sess0004450,B,0,2.49,2024-01-02 00:00:00
u1494,conv0002241,sess0004451,B,1,3.55,2024-01-05 16:00:00
u1494,conv0002241,sess0004452,B,1,3.83,2024-01-10 23:00:00
u1494,conv0002241,sess0004453,B,1,3.99,2024-01-06 10:00:00
u1494,conv0002241,sess0004454,B,1,3.25,2024-01-07 05:00:00
u1495,conv0002242,sess0004455,B,1,4.49,2024-01-01 18:00:00
u1495,conv0002243,sess0004456,B,1,4.62,2024-01-01 16:00:00
u1496,conv0002244,sess0004457,B,1,4.04,2024-01-05 03:00:00
u1496,conv0002244,sess0004458,B,0,1.67,2024-01-08 01:00:00
u1496,conv0002244,sess0004459,B,1,3.2,2024-01-11 01:00:00
u1496,conv0002244,sess0004460,B,1,3.83,2024-01-12 18:00:00
u1496,conv0002244,sess0004461,B,1,4.78,2024-01-15 11:00:00
u1497,conv0002245,sess0004462,B,1,4.16,2024-01-01 23:00:00
u1498,conv0002247,sess0004463,B,1,3.63,2024-01-01 03:00:00
u1498,conv0002247,sess0004464,B,1,3.45,2024-01-08 08:00:00
u1499,conv0002248,sess0004465,B,1,3.81,2024-01-07 21:00:00
u1499,conv0002249,sess0004466,B,1,3.87,2024-01-04 21:00:00
u1500,conv0002250,sess0004467,B,1,4.07,2024-01-03 05:00:00
u1500,conv0002250,sess0004468,B,0,2.4,2024-01-08 21:00:00
u1500,conv0002250,sess0004469,B,1,5.0,2024-01-08 21:00:00
u1501,conv0002251,sess0004470,B,1,3.79,2024-01-05 20:00:00
u1501,conv0002251,sess0004471,B,1,3.03,2024-01-09 03:00:00
u1501,conv0002251,sess0004472,B,1,5.0,2024-01-10 15:00:00
u1502,conv0002252,sess0004473,B,1,3.03,2024-01-05 10:00:00
u1502,conv0002252,sess0004474,B,1,4.19,2024-01-02 22:00:00
u1502,conv0002253,sess0004475,B,1,4.23,2024-01-03 15:00:00
u1503,conv0002254,sess0004476,B,1,5.0,2024-01-06 06:00:00
u1504,conv0002255,sess0004477,B,1,4.73,2024-01-06 05:00:00
u1504,conv0002255,sess0004478,B,1,3.6,2024-01-07 21:00:00
u1505,conv0002256,sess0004479,B,1,5.0,2024-01-03 19:00:00
u1505,conv0002256,sess0004480,B,1,5.0,2024-01-07 01:00:00
u1505,conv0002256,sess0004481,B,1,3.7,2024-01-10 23:00:00
u1505,conv0002256,sess0004482,B,1,4.21,2024-01-09 17:00:00
u1505,conv0002256,sess0004483,B,1,4.63,2024-01-14 13:00:00
u1506,conv0002257,sess0004484,B,1,3.06,2024-01-06 14:00:00
u1506,conv0002257,sess0004485,B,1,3.51,2024-01-02 06:00:00
u1506,conv0002257,sess0004486,B,1,3.76,2024-01-11 17:00:00
u1506,conv0002257,sess0004487,B,1,2.92,2024-01-08 13:00:00
u1507,conv0002258,sess0004488,B,1,4.52,2024-01-01 07:00:00
u1507,conv0002258,sess0004489,B,1,4.57,2024-01-09 05:00:00
u1507,conv0002259,sess0004490,B,0,2.87,2024-01-03 20:00:00
u1508,conv0002260,sess0004491,B,1,5.0,2024-01-05 03:00:00
u1508,conv0002260,sess0004492,B,1,3.18,2024-01-04 17:00:00
u1508,conv0002261,sess0004493,B,0,3.17,2024-01-04 03:00:00
u1508,conv0002261,sess0004494,B,1,4.64,2024-01-05 12:00:00
u1509,conv0002262,sess0004495,B,1,3.99,2024-01-01 06:00:00
u1509,conv0002263,sess0004496,B,0,1.79,2024-01-04 05:00:00
u1510,conv0002264,sess0004497,B,1,4.38,2024-01-03 03:00:00
u1510,conv0002264,sess0004498,B,0,1.29,2024-01-07 00:00:00
u1510,conv0002264,sess0004499,B,1,2.55,2024-01-06 16:00:00
u1510,conv0002264,sess0004500,B,0,1.66,2024-01-06 03:00:00
u1511,conv0002265,sess0004501,B,1,3.24,2024-01-06 07:00:00
u1511,conv0002265,sess0004502,B,0,3.56,2024-01-05 04:00:00
u1511,conv0002266,sess0004503,B,1,3.62,2024-01-02 07:00:00
u1512,conv0002267,sess0004504,B,1,5.0,2024-01-04 00:00:00
u1512,conv0002267,sess0004505,B,0,3.21,2024-01-05 14:00:00
u1512,conv0002268,sess0004506,B,1,4.02,2024-01-05 06:00:00
u1512,conv0002268,sess0004507,B,1,4.06,2024-01-03 23:00:00
u1513,conv0002269,sess0004508,B,0,2.86,2024-01-02 16:00:00
u1514,conv0002271,sess0004509,B,0,3.09,2024-01-04 18:00:00
u1515,conv0002272,sess0004510,B,0,3.47,2024-01-07 18:00:00
u1516,conv0002273,sess0004511,B,1,3.61,2024-01-03 22:00:00
u1517,conv0002274,sess0004512,B,1,3.91,2024-01-05 03:00:00
u1517,conv0002274,sess0004513,B,1,3.59,2024-01-08 02:00:00
u1517,conv0002274,sess0004514,B,1,3.9,2024-01-08 04:00:00
u1517,conv0002274,sess0004515,B,1,3.76,2024-01-13 16:00:00
u1518,conv0002275,sess0004516,B,1,4.32,2024-01-01 15:00:00
u1518,conv0002275,sess0004517,B,1,3.99,2024-01-02 21:00:00
u1519,conv0002276,sess0004518,B,0,1.92,2024-01-04 18:00:00
u1519,conv0002276,sess0004519,B,0,2.4,2024-01-02 01:00:00
u1519,conv0002276,sess0004520,B,1,3.71,2024-01-12 14:00:00
u1519,conv0002276,sess0004521,B,0,3.01,2024-01-09 22:00:00
u1520,conv0002277,sess0004522,B,1,3.74,2024-01-05 05:00:00
u1520,conv0002277,sess0004523,B,0,3.27,2024-01-04 02:00:00
u1520,conv0002278,sess0004524,B,1,3.03,2024-01-03 23:00:00
u1521,conv0002279,sess0004525,B,0,1.71,2024-01-07 08:00:00
u1521,conv0002279,sess0004526,B,1,5.0,2024-01-08 17:00:00
u1521,conv0002279,sess0004527,B,0,2.1,2024-01-11 03:00:00
u1521,conv0002279,sess0004528,B,1,5.0,2024-01-07 20:00:00
u1522,conv0002280,sess0004529,B,1,4.19,2024-01-01 07:00:00
u1522,conv0002280,sess0004530,B,0,1.3,2024-01-03 20:00:00
u1522,conv0002280,sess0004531,B,1,2.51,2024-01-08 13:00:00
u1522,conv0002280,sess0004532,B,1,4.99,2024-01-14 08:00:00
u1522,conv0002280,sess0004533,B,1,4.01,2024-01-15 17:00:00
u1523,conv0002281,sess0004534,B,1,3.34,2024-01-05 07:00:00
u1523,conv0002281,sess0004535,B,1,3.99,2024-01-08 12:00:00
u1523,conv0002281,sess0004536,B,1,4.34,2024-01-08 06:00:00
u1524,conv0002282,sess0004537,B,1,4.16,2024-01-01 08:00:00
u1524,conv0002282,sess0004538,B,1,2.55,2024-01-04 11:00:00
u1525,conv0002283,sess0004539,B,1,3.98,2024-01-04 06:00:00
u1525,conv0002284,sess0004540,B,1,1.88,2024-01-02 10:00:00
u1526,conv0002285,sess0004541,B,1,5.0,2024-01-04 03:00:00
u1527,conv0002287,sess0004542,B,1,3.59,2024-01-06 17:00:00
u1527,conv0002287,sess0004543,B,0,3.8,2024-01-09 00:00:00
u1527,conv0002287,sess0004544,B,0,2.82,2024-01-07 04:00:00
u1527,conv0002287,sess0004545,B,1,3.66,2024-01-06 12:00:00
u1527,conv0002287,sess0004546,B,1,3.77,2024-01-18 01:00:00
u1528,conv0002288,sess0004547,B,1,3.98,2024-01-05 07:00:00
u1528,conv0002288,sess0004548,B,0,1.98,2024-01-05 18:00:00
u1528,conv0002289,sess0004549,B,0,2.51,2024-01-04 20:00:00
u1529,conv0002290,sess0004550,B,1,4.29,2024-01-07 02:00:00
u1529,conv0002290,sess0004551,B,1,4.73,2024-01-05 21:00:00
u1529,conv0002290,sess0004552,B,1,5.0,2024-01-09 23:00:00
u1529,conv0002291,sess0004553,B,0,1.93,2024-01-03 06:00:00
u1529,conv0002291,sess0004554,B,1,4.36,2024-01-04 17:00:00
u1530,conv0002292,sess0004555,B,0,4.22,2024-01-04 08:00:00
u1530,conv0002292,sess0004556,B,0,2.07,2024-01-02 23:00:00
u1530,conv0002292,sess0004557,B,0,3.06,2024-01-09 13:00:00
u1530,conv0002293,sess0004558,B,0,1.65,2024-01-07 11:00:00
u1530,conv0002293,sess0004559,B,0,4.38,2024-01-04 14:00:00
u1531,conv0002294,sess0004560,B,1,4.03,2024-01-02 01:00:00
u1531,conv0002294,sess0004561,B,1,4.89,2024-01-07 14:00:00
u1531,conv0002294,sess0004562,B,1,4.82,2024-01-05 19:00:00
u1531,conv0002294,sess0004563,B,1,4.25,2024-01-10 09:00:00
u1531,conv0002294,sess0004564,B,1,4.56,2024-01-18 16:00:00
u1532,conv0002295,sess0004565,B,1,4.57,2024-01-03 06:00:00
u1532,conv0002295,sess0004566,B,1,4.21,2024-01-04 11:00:00
u1532,conv0002295,sess0004567,B,1,4.26,2024-01-10 17:00:00
u1532,conv0002295,sess0004568,B,1,3.79,2024-01-11 02:00:00
u1532,conv0002295,sess0004569,B,0,2.18,2024-01-15 01:00:00
u1533,conv0002296,sess0004570,B,1,4.53,2024-01-01 04:00:00
u1533,conv0002296,sess0004571,B,0,2.79,2024-01-06 05:00:00
u1533,conv0002296,sess0004572,B,1,3.98,2024-01-11 05:00:00
u1533,conv0002296,sess0004573,B,1,5.0,2024-01-09 14:00:00
u1533,conv0002296,sess0004574,B,0,1.34,2024-01-16 04:00:00
u1534,conv0002297,sess0004575,B,1,3.44,2024-01-01 15:00:00
u1535,conv0002298,sess0004576,B,1,4.64,2024-01-04 15:00:00
u1536,conv0002300,sess0004577,B,0,3.92,2024-01-05 11:00:00
u1537,conv0002302,sess0004578,B,1,3.34,2024-01-07 19:00:00
u1537,conv0002302,sess0004579,B,1,4.78,2024-01-04 10:00:00
u1537,conv0002302,sess0004580,B,0,2.36,2024-01-05 08:00:00
u1538,conv0002303,sess0004581,B,0,2.52,2024-01-07 14:00:00
u1539,conv0002305,sess0004582,B,1,3.46,2024-01-04 13:00:00
u1540,conv0002307,sess0004583,B,0,1.72,2024-01-07 06:00:00
u1540,conv0002307,sess0004584,B,1,3.33,2024-01-07 03:00:00
u1540,conv0002307,sess0004585,B,0,3.21,2024-01-07 23:00:00
u1540,conv0002308,sess0004586,B,0,1.73,2024-01-07 21:00:00
u1540,conv0002308,sess0004587,B,1,4.3,2024-01-04 07:00:00
u1541,conv0002309,sess0004588,B,0,2.53,2024-01-07 08:00:00
u1541,conv0002309,sess0004589,B,1,3.13,2024-01-03 15:00:00
u1541,conv0002310,sess0004590,B,0,1.84,2024-01-06 12:00:00
u1541,conv0002310,sess0004591,B,0,2.72,2024-01-08 11:00:00
u1542,conv0002311,sess0004592,B,1,4.43,2024-01-03 02:00:00
u1542,conv0002311,sess0004593,B,0,1.81,2024-01-02 21:00:00
u1543,conv0002312,sess0004594,B,1,3.45,2024-01-05 18:00:00
u1544,conv0002313,sess0004595,B,1,4.76,2024-01-05 13:00:00
u1544,conv0002313,sess0004596,B,1,3.83,2024-01-08 02:00:00
u1544,conv0002314,sess0004597,B,1,4.08,2024-01-06 18:00:00
u1544,conv0002314,sess0004598,B,0,1.97,2024-01-04 03:00:00
u1545,conv0002315,sess0004599,B,1,4.32,2024-01-03 17:00:00
u1545,conv0002315,sess0004600,B,1,2.46,2024-01-09 08:00:00
u1545,conv0002316,sess0004601,B,1,4.48,2024-01-03 02:00:00
u1545,conv0002316,sess0004602,B,1,3.9,2024-01-08 16:00:00
u1546,conv0002317,sess0004603,B,1,3.69,2024-01-06 18:00:00
u1546,conv0002317,sess0004604,B,1,4.46,2024-01-09 13:00:00
u1546,conv0002318,sess0004605,B,0,1.38,2024-01-01 22:00:00
u1546,conv0002318,sess0004606,B,0,2.57,2024-01-04 17:00:00
u1547,conv0002319,sess0004607,B,1,3.65,2024-01-02 06:00:00
u1547,conv0002319,sess0004608,B,0,2.87,2024-01-03 15:00:00
u1547,conv0002319,sess0004609,B,1,4.21,2024-01-11 05:00:00
u1547,conv0002319,sess0004610,B,1,4.26,2024-01-06 18:00:00
u1548,conv0002320,sess0004611,B,1,5.0,2024-01-05 04:00:00
u1548,conv0002320,sess0004612,B,1,4.49,2024-01-06 04:00:00
u1548,conv0002320,sess0004613,B,1,3.41,2024-01-07 22:00:00
u1549,conv0002321,sess0004614,B,0,0.97,2024-01-03 23:00:00
u1549,conv0002322,sess0004615,B,1,3.59,2024-01-06 03:00:00
u1550,conv0002323,sess0004616,B,0,1.5,2024-01-04 12:00:00
u1550,conv0002323,sess0004617,B,1,4.1,2024-01-07 04:00:00
u1550,conv0002323,sess0004618,B,1,3.93,2024-01-03 00:00:00
u1550,conv0002323,sess0004619,B,1,3.64,2024-01-14 19:00:00
u1550,conv0002323,sess0004620,B,1,3.4,2024-01-13 21:00:00
u1551,conv0002324,sess0004621,B,0,2.78,2024-01-06 16:00:00
u1551,conv0002324,sess0004622,B,0,3.89,2024-01-04 17:00:00
u1551,conv0002324,sess0004623,B,1,2.3,2024-01-05 18:00:00
u1552,conv0002325,sess0004624,B,1,5.0,2024-01-03 03:00:00
u1552,conv0002325,sess0004625,B,0,2.45,2024-01-06 03:00:00
u1552,conv0002325,sess0004626,B,1,4.7,2024-01-05 18:00:00
u1552,conv0002325,sess0004627,B,0,2.35,2024-01-10 22:00:00
u1552,conv0002325,sess0004628,B,0,1.94,2024-01-04 21:00:00
u1553,conv0002326,sess0004629,B,0,2.8,2024-01-02 04:00:00
u1554,conv0002327,sess0004630,B,1,5.0,2024-01-06 08:00:00
u1554,conv0002327,sess0004631,B,1,4.49,2024-01-04 21:00:00
u1554,conv0002327,sess0004632,B,0,2.96,2024-01-06 19:00:00
u1555,conv0002328,sess0004633,B,1,3.84,2024-01-06 05:00:00
u1556,conv0002330,sess0004634,B,1,2.64,2024-01-05 04:00:00
u1556,conv0002330,sess0004635,B,1,4.47,2024-01-02 13:00:00
u1556,conv0002330,sess0004636,B,1,3.89,2024-01-10 22:00:00
u1556,conv0002330,sess0004637,B,0,1.74,2024-01-09 12:00:00
u1557,conv0002331,sess0004638,B,1,3.38,2024-01-04 00:00:00
u1557,conv0002331,sess0004639,B,0,2.32,2024-01-01 23:00:00
u1557,conv0002331,sess0004640,B,1,2.45,2024-01-10 16:00:00
u1557,conv0002332,sess0004641,B,1,3.62,2024-01-03 02:00:00
u1557,conv0002332,sess0004642,B,0,3.06,2024-01-05 05:00:00
u1558,conv0002333,sess0004643,B,0,3.0,2024-01-03 00:00:00
u1558,conv0002333,sess0004644,B,0,3.71,2024-01-09 01:00:00
u1559,conv0002334,sess0004645,B,0,3.13,2024-01-05 09:00:00
u1560,conv0002336,sess0004646,B,1,4.25,2024-01-05 11:00:00
u1560,conv0002336,sess0004647,B,1,4.25,2024-01-03 12:00:00
u1561,conv0002337,sess0004648,B,1,3.66,2024-01-05 01:00:00
u1562,conv0002339,sess0004649,B,1,3.34,2024-01-03 17:00:00
u1562,conv0002340,sess0004650,B,1,4.67,2024-01-03 00:00:00
u1563,conv0002341,sess0004651,B,1,2.44,2024-01-03 05:00:00
u1563,conv0002341,sess0004652,B,1,3.05,2024-01-03 05:00:00
u1563,conv0002342,sess0004653,B,1,4.71,2024-01-02 17:00:00
u1563,conv0002342,sess0004654,B,1,4.29,2024-01-03 12:00:00
u1564,conv0002343,sess0004655,B,1,3.8,2024-01-01 10:00:00
u1564,conv0002343,sess0004656,B,1,3.58,2024-01-07 08:00:00
u1564,conv0002344,sess0004657,B,1,3.6,2024-01-01 23:00:00
u1565,conv0002345,sess0004658,B,0,2.98,2024-01-07 16:00:00
u1566,conv0002346,sess0004659,B,1,3.76,2024-01-03 11:00:00
u1566,conv0002346,sess0004660,B,1,3.71,2024-01-02 16:00:00
u1567,conv0002347,sess0004661,B,1,3.6,2024-01-04 01:00:00
u1568,conv0002348,sess0004662,B,0,2.4,2024-01-07 21:00:00
u1569,conv0002349,sess0004663,B,0,3.1,2024-01-02 04:00:00
u1569,conv0002349,sess0004664,B,1,3.8,2024-01-05 14:00:00
u1569,conv0002349,sess0004665,B,1,3.69,2024-01-07 03:00:00
u1569,conv0002350,sess0004666,B,1,3.94,2024-01-07 15:00:00
u1569,conv0002350,sess0004667,B,1,4.31,2024-01-08 06:00:00
u1570,conv0002351,sess0004668,B,0,3.97,2024-01-07 19:00:00
u1570,conv0002351,sess0004669,B,1,3.51,2024-01-06 06:00:00
u1571,conv0002352,sess0004670,B,1,4.56,2024-01-06 10:00:00
u1571,conv0002352,sess0004671,B,1,4.59,2024-01-05 05:00:00
u1571,conv0002353,sess0004672,B,1,3.6,2024-01-07 19:00:00
u1572,conv0002354,sess0004673,B,1,4.96,2024-01-05 10:00:00
u1572,conv0002354,sess0004674,B,1,4.28,2024-01-08 02:00:00
u1572,conv0002354,sess0004675,B,1,4.11,2024-01-07 21:00:00
u1572,conv0002355,sess0004676,B,1,3.28,2024-01-03 14:00:00
u1572,conv0002355,sess0004677,B,1,4.65,2024-01-03 08:00:00
u1573,conv0002356,sess0004678,B,1,3.48,2024-01-04 11:00:00
u1573,conv0002356,sess0004679,B,1,4.3,2024-01-07 09:00:00
u1573,conv0002356,sess0004680,B,0,2.67,2024-01-07 10:00:00
u1573,conv0002357,sess0004681,B,1,4.72,2024-01-06 10:00:00
u1573,conv0002357,sess0004682,B,1,4.41,2024-01-09 19:00:00
u1574,conv0002358,sess0004683,B,1,4.36,2024-01-06 01:00:00
u1575,conv0002360,sess0004684,B,0,3.17,2024-01-01 21:00:00
u1575,conv0002360,sess0004685,B,1,3.58,2024-01-08 10:00:00
u1575,conv0002360,sess0004686,B,1,5.0,2024-01-08 23:00:00
u1576,conv0002361,sess0004687,B,0,3.45,2024-01-04 08:00:00
u1577,conv0002363,sess0004688,B,0,2.21,2024-01-04 09:00:00
u1577,conv0002363,sess0004689,B,1,4.42,2024-01-02 13:00:00
u1577,conv0002364,sess0004690,B,1,3.08,2024-01-04 21:00:00
u1578,conv0002365,sess0004691,B,0,2.76,2024-01-07 08:00:00
u1578,conv0002366,sess0004692,B,1,3.61,2024-01-01 01:00:00
u1579,conv0002367,sess0004693,B,1,2.57,2024-01-03 23:00:00
u1580,conv0002368,sess0004694,B,1,3.04,2024-01-05 15:00:00
u1580,conv0002368,sess0004695,B,0,3.95,2024-01-06 21:00:00
u1580,conv0002368,sess0004696,B,0,4.44,2024-01-05 20:00:00
u1580,conv0002368,sess0004697,B,0,2.41,2024-01-13 03:00:00
u1580,conv0002368,sess0004698,B,0,4.26,2024-01-13 15:00:00
u1581,conv0002369,sess0004699,B,1,4.64,2024-01-07 01:00:00
u1581,conv0002369,sess0004700,B,0,2.71,2024-01-06 01:00:00
u1581,conv0002369,sess0004701,B,0,3.69,2024-01-08 17:00:00
u1581,conv0002369,sess0004702,B,1,5.0,2024-01-06 16:00:00
u1581,conv0002369,sess0004703,B,1,4.38,2024-01-09 03:00:00
u1582,conv0002370,sess0004704,B,0,2.6,2024-01-04 14:00:00
u1582,conv0002370,sess0004705,B,1,5.0,2024-01-09 07:00:00
u1582,conv0002371,sess0004706,B,1,3.84,2024-01-07 06:00:00
u1583,conv0002372,sess0004707,B,1,3.55,2024-01-04 04:00:00
u1584,conv0002373,sess0004708,B,1,3.92,2024-01-05 08:00:00
u1584,conv0002373,sess0004709,B,0,1.86,2024-01-09 05:00:00
u1584,conv0002374,sess0004710,B,0,3.28,2024-01-01 02:00:00
u1584,conv0002374,sess0004711,B,1,3.96,2024-01-06 15:00:00
u1585,conv0002375,sess0004712,B,1,3.05,2024-01-04 09:00:00
u1585,conv0002375,sess0004713,B,1,2.78,2024-01-05 10:00:00
u1585,conv0002376,sess0004714,B,1,4.23,2024-01-03 05:00:00
u1585,conv0002376,sess0004715,B,1,4.51,2024-01-06 16:00:00
u1586,conv0002377,sess0004716,B,1,3.44,2024-01-04 16:00:00
u1587,conv0002378,sess0004717,B,1,5.0,2024-01-02 20:00:00
u1588,conv0002380,sess0004718,B,1,4.59,2024-01-07 06:00:00
u1588,conv0002380,sess0004719,B,1,4.34,2024-01-07 17:00:00
u1588,conv0002380,sess0004720,B,1,2.82,2024-01-06 11:00:00
u1588,conv0002380,sess0004721,B,1,3.96,2024-01-07 23:00:00
u1588,conv0002380,sess0004722,B,1,3.04,2024-01-11 02:00:00
u1589,conv0002381,sess0004723,B,1,4.73,2024-01-01 04:00:00
u1590,conv0002383,sess0004724,B,1,3.0,2024-01-06 02:00:00
u1591,conv0002384,sess0004725,B,0,2.87,2024-01-05 23:00:00
u1591,conv0002384,sess0004726,B,0,2.94,2024-01-08 13:00:00
u1591,conv0002385,sess0004727,B,1,4.0,2024-01-07 02:00:00
u1591,conv0002385,sess0004728,B,1,5.0,2024-01-08 05:00:00
u1592,conv0002386,sess0004729,B,0,2.81,2024-01-03 11:00:00
u1593,conv0002387,sess0004730,B,0,3.44,2024-01-07 01:00:00
u1593,conv0002387,sess0004731,B,1,3.93,2024-01-04 11:00:00
u1593,conv0002387,sess0004732,B,1,3.14,2024-01-08 06:00:00
u1593,conv0002388,sess0004733,B,1,3.41,2024-01-05 05:00:00
u1593,conv0002388,sess0004734,B,0,2.73,2024-01-07 06:00:00
u1594,conv0002389,sess0004735,B,0,2.62,2024-01-02 04:00:00
u1594,conv0002389,sess0004736,B,1,3.93,2024-01-09 00:00:00
u1595,conv0002390,sess0004737,B,1,4.31,2024-01-06 12:00:00
u1595,conv0002390,sess0004738,B,1,4.21,2024-01-06 10:00:00
u1595,conv0002390,sess0004739,B,1,4.58,2024-01-03 22:00:00
u1596,conv0002391,sess0004740,B,0,2.15,2024-01-01 04:00:00
u1597,conv0002392,sess0004741,B,1,3.61,2024-01-07 17:00:00
u1597,conv0002393,sess0004742,B,1,3.05,2024-01-01 05:00:00
u1598,conv0002394,sess0004743,B,0,3.19,2024-01-03 16:00:00
u1598,conv0002394,sess0004744,B,0,3.44,2024-01-05 09:00:00
u1598,conv0002394,sess0004745,B,1,3.53,2024-01-11 00:00:00
u1598,conv0002394,sess0004746,B,1,3.73,2024-01-12 04:00:00
u1599,conv0002395,sess0004747,B,0,2.53,2024-01-03 07:00:00
u1599,conv0002395,sess0004748,B,0,2.19,2024-01-07 20:00:00
u1599,conv0002395,sess0004749,B,0,1.98,2024-01-05 09:00:00
u1599,conv0002395,sess0004750,B,0,2.7,2024-01-13 13:00:00
u1599,conv0002395,sess0004751,B,1,2.52,2024-01-14 19:00:00
u1600,conv0002396,sess0004752,B,1,3.91,2024-01-03 15:00:00
u1600,conv0002396,sess0004753,B,1,4.12,2024-01-03 23:00:00
u1600,conv0002396,sess0004754,B,1,3.03,2024-01-03 15:00:00
u1600,conv0002396,sess0004755,B,1,4.09,2024-01-10 19:00:00
u1601,conv0002397,sess0004756,B,1,4.45,2024-01-02 08:00:00
u1601,conv0002397,sess0004757,B,0,1.96,2024-01-06 10:00:00
u1601,conv0002397,sess0004758,B,0,1.91,2024-01-04 03:00:00
u1601,conv0002397,sess0004759,B,1,4.96,2024-01-15 07:00:00
u1601,conv0002397,sess0004760,B,0,2.17,2024-01-14 21:00:00
u1602,conv0002398,sess0004761,B,1,3.59,2024-01-02 19:00:00
u1602,conv0002398,sess0004762,B,0,1.9,2024-01-05 12:00:00
u1602,conv0002399,sess0004763,B,0,2.46,2024-01-01 05:00:00
u1603,conv0002400,sess0004764,B,1,2.93,2024-01-02 13:00:00
u1603,conv0002400,sess0004765,B,0,3.51,2024-01-09 01:00:00
u1603,conv0002400,sess0004766,B,0,3.04,2024-01-09 23:00:00
u1603,conv0002400,sess0004767,B,0,3.17,2024-01-05 19:00:00
u1603,conv0002400,sess0004768,B,0,3.26,2024-01-10 02:00:00
u1604,conv0002401,sess0004769,B,1,3.77,2024-01-03 19:00:00
u1605,conv0002402,sess0004770,B,0,2.16,2024-01-05 15:00:00
u1605,conv0002402,sess0004771,B,1,3.76,2024-01-08 18:00:00
u1605,conv0002403,sess0004772,B,1,2.58,2024-01-01 22:00:00
u1606,conv0002404,sess0004773,B,0,3.03,2024-01-02 16:00:00
u1606,conv0002404,sess0004774,B,1,3.82,2024-01-09 17:00:00
u1606,conv0002404,sess0004775,B,1,3.53,2024-01-09 02:00:00
u1606,conv0002404,sess0004776,B,1,4.14,2024-01-08 09:00:00
u1606,conv0002404,sess0004777,B,0,1.81,2024-01-09 11:00:00
u1607,conv0002405,sess0004778,B,1,5.0,2024-01-04 23:00:00
u1607,conv0002405,sess0004779,B,1,4.53,2024-01-03 18:00:00
u1607,conv0002406,sess0004780,B,1,4.1,2024-01-02 11:00:00
u1608,conv0002407,sess0004781,B,0,1.46,2024-01-03 05:00:00
u1609,conv0002409,sess0004782,B,1,4.71,2024-01-05 17:00:00
u1609,conv0002409,sess0004783,B,0,2.99,2024-01-06 08:00:00
u1610,conv0002410,sess0004784,B,1,4.2,2024-01-02 13:00:00
u1610,conv0002410,sess0004785,B,1,3.47,2024-01-03 13:00:00
u1610,conv0002410,sess0004786,B,1,3.6,2024-01-08 20:00:00
u1611,conv0002411,sess0004787,B,1,4.56,2024-01-03 13:00:00
u1611,conv0002411,sess0004788,B,1,4.24,2024-01-02 17:00:00
u1612,conv0002412,sess0004789,B,0,2.77,2024-01-03 12:00:00
u1612,conv0002412,sess0004790,B,1,4.27,2024-01-07 08:00:00
u1612,conv0002412,sess0004791,B,1,3.74,2024-01-07 22:00:00
u1613,conv0002413,sess0004792,B,0,3.09,2024-01-02 03:00:00
u1614,conv0002414,sess0004793,B,0,3.86,2024-01-04 06:00:00
u1615,conv0002415,sess0004794,B,1,3.72,2024-01-06 02:00:00
u1615,conv0002415,sess0004795,B,0,2.78,2024-01-02 19:00:00
u1615,conv0002415,sess0004796,B,1,2.73,2024-01-06 15:00:00
u1615,conv0002415,sess0004797,B,0,2.19,2024-01-12 23:00:00
u1616,conv0002416,sess0004798,B,1,4.65,2024-01-03 17:00:00
u1616,conv0002416,sess0004799,B,0,2.94,2024-01-08 07:00:00
u1616,conv0002416,sess0004800,B,0,3.48,2024-01-05 04:00:00
u1616,conv0002416,sess0004801,B,1,4.37,2024-01-12 00:00:00
u1617,conv0002417,sess0004802,B,1,4.26,2024-01-02 16:00:00
u1617,conv0002417,sess0004803,B,0,3.38,2024-01-07 04:00:00
u1617,conv0002418,sess0004804,B,1,3.91,2024-01-05 15:00:00
u1618,conv0002419,sess0004805,B,1,4.26,2024-01-06 12:00:00
u1618,conv0002419,sess0004806,B,0,1.73,2024-01-04 08:00:00
u1618,conv0002419,sess0004807,B,0,2.48,2024-01-06 14:00:00
u1618,conv0002419,sess0004808,B,0,3.01,2024-01-13 16:00:00
u1618,conv0002419,sess0004809,B,1,3.26,2024-01-06 17:00:00
u1619,conv0002420,sess0004810,B,1,5.0,2024-01-04 05:00:00
u1619,conv0002420,sess0004811,B,0,1.65,2024-01-07 16:00:00
u1620,conv0002421,sess0004812,B,0,2.95,2024-01-05 11:00:00
u1621,conv0002423,sess0004813,B,1,3.61,2024-01-04 09:00:00
u1621,conv0002423,sess0004814,B,0,2.84,2024-01-07 12:00:00
u1621,conv0002424,sess0004815,B,0,2.74,2024-01-02 19:00:00
u1621,conv0002424,sess0004816,B,1,3.54,2024-01-08 07:00:00
u1622,conv0002425,sess0004817,B,0,3.27,2024-01-07 02:00:00
u1622,conv0002425,sess0004818,B,1,3.12,2024-01-03 14:00:00
u1622,conv0002425,sess0004819,B,0,2.24,2024-01-08 02:00:00
u1622,conv0002425,sess0004820,B,1,3.85,2024-01-06 11:00:00
u1623,conv0002426,sess0004821,B,1,4.39,2024-01-05 02:00:00
u1623,conv0002426,sess0004822,B,1,4.5,2024-01-10 10:00:00
u1623,conv0002427,sess0004823,B,1,4.57,2024-01-02 14:00:00
u1623,conv0002427,sess0004824,B,0,2.27,2024-01-07 11:00:00
u1624,conv0002428,sess0004825,B,1,3.59,2024-01-04 20:00:00
u1624,conv0002428,sess0004826,B,0,2.35,2024-01-05 08:00:00
u1624,conv0002428,sess0004827,B,1,4.52,2024-01-08 19:00:00
u1624,conv0002428,sess0004828,B,1,4.55,2024-01-06 19:00:00
u1625,conv0002429,sess0004829,B,1,4.56,2024-01-03 20:00:00
u1625,conv0002429,sess0004830,B,1,3.36,2024-01-07 05:00:00
u1625,conv0002429,sess0004831,B,1,3.99,2024-01-08 15:00:00
u1625,conv0002429,sess0004832,B,1,5.0,2024-01-04 20:00:00
u1626,conv0002430,sess0004833,B,1,2.91,2024-01-02 19:00:00
u1626,conv0002430,sess0004834,B,1,4.02,2024-01-07 16:00:00
u1626,conv0002431,sess0004835,B,1,4.41,2024-01-05 22:00:00
u1626,conv0002431,sess0004836,B,0,1.57,2024-01-09 17:00:00
u1627,conv0002432,sess0004837,B,1,4.12,2024-01-01 09:00:00
u1628,conv0002434,sess0004838,B,0,3.39,2024-01-04 07:00:00
u1628,conv0002434,sess0004839,B,1,4.19,2024-01-05 19:00:00
u1628,conv0002435,sess0004840,B,1,3.88,2024-01-02 16:00:00
u1628,conv0002435,sess0004841,B,1,3.09,2024-01-04 14:00:00
u1629,conv0002436,sess0004842,B,0,1.56,2024-01-01 05:00:00
u1629,conv0002436,sess0004843,B,1,4.48,2024-01-09 22:00:00
u1629,conv0002436,sess0004844,B,0,1.35,2024-01-10 20:00:00
u1629,conv0002436,sess0004845,B,0,3.02,2024-01-11 09:00:00
u1629,conv0002436,sess0004846,B,1,3.87,2024-01-13 05:00:00
u1630,conv0002437,sess0004847,B,1,4.32,2024-01-06 05:00:00
u1630,conv0002437,sess0004848,B,1,4.38,2024-01-01 19:00:00
u1630,conv0002437,sess0004849,B,1,3.34,2024-01-03 02:00:00
u1630,conv0002437,sess0004850,B,1,4.61,2024-01-15 05:00:00
u1631,conv0002438,sess0004851,B,1,4.35,2024-01-05 20:00:00
u1631,conv0002438,sess0004852,B,1,3.36,2024-01-06 00:00:00
u1631,conv0002438,sess0004853,B,1,4.23,2024-01-06 23:00:00
u1631,conv0002439,sess0004854,B,1,3.91,2024-01-02 13:00:00
u1631,conv0002439,sess0004855,B,1,4.18,2024-01-07 02:00:00
u1632,conv0002440,sess0004856,B,0,2.84,2024-01-05 19:00:00
u1632,conv0002440,sess0004857,B,0,2.6,2024-01-08 18:00:00
u1632,conv0002441,sess0004858,B,1,4.76,2024-01-04 18:00:00
u1632,conv0002441,sess0004859,B,1,3.57,2024-01-05 01:00:00
u1633,conv0002442,sess0004860,B,0,2.82,2024-01-07 10:00:00
u1634,conv0002443,sess0004861,B,1,3.37,2024-01-07 13:00:00
u1634,conv0002443,sess0004862,B,1,4.08,2024-01-06 03:00:00
u1634,conv0002444,sess0004863,B,0,3.1,2024-01-06 05:00:00
u1634,conv0002444,sess0004864,B,1,5.0,2024-01-06 20:00:00
u1635,conv0002445,sess0004865,B,1,4.87,2024-01-04 13:00:00
u1635,conv0002446,sess0004866,B,1,3.16,2024-01-03 22:00:00
u1636,conv0002447,sess0004867,B,1,2.84,2024-01-03 19:00:00
u1637,conv0002448,sess0004868,B,0,1.46,2024-01-02 17:00:00
u1637,conv0002448,sess0004869,B,1,3.05,2024-01-09 22:00:00
u1637,conv0002449,sess0004870,B,1,3.67,2024-01-05 12:00:00
u1638,conv0002450,sess0004871,B,0,2.64,2024-01-03 01:00:00
u1638,conv0002450,sess0004872,B,1,3.54,2024-01-05 03:00:00
u1638,conv0002450,sess0004873,B,0,2.77,2024-01-09 07:00:00
u1638,conv0002450,sess0004874,B,1,5.0,2024-01-10 19:00:00
u1639,conv0002451,sess0004875,B,1,4.62,2024-01-04 00:00:00
u1639,conv0002451,sess0004876,B,0,2.54,2024-01-03 22:00:00
u1639,conv0002451,sess0004877,B,1,2.92,2024-01-09 22:00:00
u1640,conv0002452,sess0004878,B,0,2.66,2024-01-01 19:00:00
u1640,conv0002452,sess0004879,B,1,2.98,2024-01-05 07:00:00
u1640,conv0002453,sess0004880,B,0,1.4,2024-01-01 12:00:00
u1641,conv0002454,sess0004881,B,0,2.89,2024-01-02 10:00:00
u1641,conv0002455,sess0004882,B,1,4.65,2024-01-07 16:00:00
u1642,conv0002456,sess0004883,B,1,4.31,2024-01-01 00:00:00
u1642,conv0002456,sess0004884,B,1,3.82,2024-01-05 16:00:00
u1642,conv0002456,sess0004885,B,1,4.14,2024-01-10 04:00:00
u1642,conv0002457,sess0004886,B,1,3.08,2024-01-05 07:00:00
u1642,conv0002457,sess0004887,B,0,2.99,2024-01-08 18:00:00
u1643,conv0002458,sess0004888,B,0,3.15,2024-01-02 22:00:00
u1643,conv0002458,sess0004889,B,1,5.0,2024-01-05 23:00:00
u1644,conv0002459,sess0004890,B,0,1.49,2024-01-01 02:00:00
u1644,conv0002460,sess0004891,B,1,3.63,2024-01-04 00:00:00
u1645,conv0002461,sess0004892,B,0,2.11,2024-01-02 02:00:00
u1646,conv0002463,sess0004893,B,1,5.0,2024-01-05 20:00:00
u1647,conv0002465,sess0004894,B,0,3.07,2024-01-05 04:00:00
u1648,conv0002466,sess0004895,B,1,4.49,2024-01-07 22:00:00
u1648,conv0002467,sess0004896,B,1,4.29,2024-01-02 16:00:00
u1649,conv0002468,sess0004897,B,1,5.0,2024-01-06 03:00:00
u1649,conv0002468,sess0004898,B,1,3.75,2024-01-05 13:00:00
u1649,conv0002469,sess0004899,B,0,2.46,2024-01-03 03:00:00
u1649,conv0002469,sess0004900,B,1,3.18,2024-01-08 01:00:00
u1650,conv0002470,sess0004901,B,1,4.38,2024-01-05 12:00:00
u1650,conv0002471,sess0004902,B,1,3.11,2024-01-06 22:00:00
u1651,conv0002472,sess0004903,B,1,3.01,2024-01-04 13:00:00
u1651,conv0002473,sess0004904,B,0,0.47,2024-01-05 04:00:00
u1652,conv0002474,sess0004905,B,1,4.45,2024-01-07 05:00:00
u1652,conv0002474,sess0004906,B,0,2.82,2024-01-04 11:00:00
u1652,conv0002474,sess0004907,B,1,4.14,2024-01-03 02:00:00
u1652,conv0002474,sess0004908,B,1,3.35,2024-01-08 13:00:00
u1653,conv0002475,sess0004909,B,1,4.75,2024-01-05 00:00:00
u1654,conv0002476,sess0004910,B,0,2.78,2024-01-02 07:00:00
u1654,conv0002476,sess0004911,B,1,3.68,2024-01-02 03:00:00
u1654,conv0002476,sess0004912,B,1,5.0,2024-01-07 01:00:00
u1654,conv0002476,sess0004913,B,0,2.59,2024-01-12 20:00:00
u1654,conv0002476,sess0004914,B,1,3.88,2024-01-09 19:00:00
u1655,conv0002477,sess0004915,B,1,3.57,2024-01-07 01:00:00
u1656,conv0002478,sess0004916,B,1,3.8,2024-01-03 18:00:00
u1656,conv0002479,sess0004917,B,1,3.84,2024-01-07 18:00:00
u1657,conv0002480,sess0004918,B,0,2.64,2024-01-05 11:00:00
u1657,conv0002480,sess0004919,B,1,4.56,2024-01-07 06:00:00
u1657,conv0002481,sess0004920,B,1,2.55,2024-01-02 07:00:00
u1658,conv0002482,sess0004921,B,1,5.0,2024-01-02 18:00:00
u1658,conv0002483,sess0004922,B,1,4.77,2024-01-02 13:00:00
u1659,conv0002484,sess0004923,B,1,4.43,2024-01-07 11:00:00
u1659,conv0002485,sess0004924,B,1,3.12,2024-01-07 03:00:00
u1660,conv0002486,sess0004925,B,1,4.25,2024-01-05 05:00:00
u1660,conv0002486,sess0004926,B,1,4.61,2024-01-08 00:00:00
u1660,conv0002487,sess0004927,B,1,4.08,2024-01-01 19:00:00
u1660,conv0002487,sess0004928,B,1,3.54,2024-01-06 22:00:00
u1661,conv0002488,sess0004929,B,0,3.38,2024-01-07 21:00:00
u1661,conv0002488,sess0004930,B,1,4.25,2024-01-06 05:00:00
u1661,conv0002489,sess0004931,B,0,2.64,2024-01-01 02:00:00
u1662,conv0002490,sess0004932,B,0,0.38,2024-01-01 04:00:00
u1662,conv0002490,sess0004933,B,0,3.8,2024-01-08 06:00:00
u1663,conv0002491,sess0004934,B,0,2.0,2024-01-04 08:00:00
u1663,conv0002491,sess0004935,B,1,3.2,2024-01-09 02:00:00
u1663,conv0002491,sess0004936,B,1,3.99,2024-01-08 20:00:00
u1663,conv0002491,sess0004937,B,0,3.03,2024-01-10 01:00:00
u1663,conv0002491,sess0004938,B,1,4.67,2024-01-13 03:00:00
u1664,conv0002492,sess0004939,B,1,3.9,2024-01-07 03:00:00
u1664,conv0002493,sess0004940,B,0,2.36,2024-01-01 22:00:00
u1665,conv0002494,sess0004941,B,1,3.48,2024-01-07 22:00:00
u1665,conv0002494,sess0004942,B,1,2.78,2024-01-07 19:00:00
u1665,conv0002495,sess0004943,B,1,4.59,2024-01-03 03:00:00
u1665,conv0002495,sess0004944,B,1,5.0,2024-01-08 01:00:00
u1666,conv0002496,sess0004945,B,0,3.53,2024-01-06 22:00:00
u1666,conv0002496,sess0004946,B,1,3.78,2024-01-07 10:00:00
u1666,conv0002497,sess0004947,B,0,1.42,2024-01-05 06:00:00
u1667,conv0002498,sess0004948,B,1,4.32,2024-01-07 21:00:00
u1667,conv0002498,sess0004949,B,1,2.99,2024-01-04 00:00:00
u1668,conv0002499,sess0004950,B,0,4.03,2024-01-06 08:00:00
u1668,conv0002499,sess0004951,B,1,4.16,2024-01-06 09:00:00
u1668,conv0002500,sess0004952,B,0,3.29,2024-01-03 08:00:00
u1668,conv0002500,sess0004953,B,1,2.35,2024-01-04 14:00:00
u1669,conv0002501,sess0004954,B,1,5.0,2024-01-02 02:00:00
u1669,conv0002501,sess0004955,B,0,1.57,2024-01-03 09:00:00
u1669,conv0002501,sess0004956,B,1,5.0,2024-01-07 23:00:00
u1669,conv0002502,sess0004957,B,1,3.84,2024-01-06 03:00:00
u1669,conv0002502,sess0004958,B,0,2.45,2024-01-06 22:00:00
u1670,conv0002503,sess0004959,B,1,2.73,2024-01-04 02:00:00
u1670,conv0002503,sess0004960,B,1,4.32,2024-01-07 21:00:00
u1670,conv0002503,sess0004961,B,1,3.84,2024-01-08 11:00:00
u1670,conv0002503,sess0004962,B,1,3.02,2024-01-04 15:00:00
u1671,conv0002504,sess0004963,B,1,3.3,2024-01-03 00:00:00
u1671,conv0002504,sess0004964,B,0,3.18,2024-01-06 01:00:00
u1671,conv0002505,sess0004965,B,1,3.27,2024-01-07 17:00:00
u1671,conv0002505,sess0004966,B,1,4.28,2024-01-07 20:00:00
u1672,conv0002506,sess0004967,B,1,2.18,2024-01-06 19:00:00
u1673,conv0002508,sess0004968,B,1,3.45,2024-01-06 23:00:00
u1674,conv0002510,sess0004969,B,1,3.42,2024-01-03 19:00:00
u1675,conv0002512,sess0004970,B,1,3.89,2024-01-05 16:00:00
u1675,conv0002512,sess0004971,B,1,5.0,2024-01-08 12:00:00
u1675,conv0002513,sess0004972,B,0,1.93,2024-01-03 05:00:00
u1676,conv0002514,sess0004973,B,0,1.21,2024-01-03 04:00:00
u1676,conv0002514,sess0004974,B,1,3.42,2024-01-07 16:00:00
u1676,conv0002514,sess0004975,B,0,2.71,2024-01-04 13:00:00
u1676,conv0002515,sess0004976,B,1,4.79,2024-01-03 14:00:00
u1676,conv0002515,sess0004977,B,1,3.78,2024-01-08 19:00:00
u1677,conv0002516,sess0004978,B,0,1.59,2024-01-05 17:00:00
u1677,conv0002516,sess0004979,B,0,1.23,2024-01-04 12:00:00
u1677,conv0002516,sess0004980,B,0,2.24,2024-01-06 02:00:00
u1678,conv0002517,sess0004981,B,1,3.91,2024-01-07 17:00:00
u1678,conv0002517,sess0004982,B,1,5.0,2024-01-10 00:00:00
u1678,conv0002518,sess0004983,B,1,3.34,2024-01-04 23:00:00
u1679,conv0002519,sess0004984,B,1,3.98,2024-01-02 03:00:00
u1679,conv0002519,sess0004985,B,1,4.26,2024-01-08 20:00:00
u1680,conv0002520,sess0004986,B,1,3.64,2024-01-07 17:00:00
u1680,conv0002520,sess0004987,B,1,3.92,2024-01-09 14:00:00
u1681,conv0002521,sess0004988,B,0,3.5,2024-01-02 01:00:00
u1682,conv0002522,sess0004989,B,1,5.0,2024-01-01 07:00:00
u1682,conv0002522,sess0004990,B,0,1.11,2024-01-02 15:00:00
u1682,conv0002523,sess0004991,B,0,2.66,2024-01-02 17:00:00
u1682,conv0002523,sess0004992,B,1,3.81,2024-01-08 08:00:00
u1683,conv0002524,sess0004993,B,1,2.71,2024-01-04 13:00:00
u1684,conv0002525,sess0004994,B,0,2.98,2024-01-03 07:00:00
u1684,conv0002526,sess0004995,B,1,2.56,2024-01-07 01:00:00
u1685,conv0002527,sess0004996,B,1,3.44,2024-01-05 02:00:00
u1685,conv0002527,sess0004997,B,1,4.58,2024-01-06 04:00:00
u1685,conv0002528,sess0004998,B,1,5.0,2024-01-02 13:00:00
u1685,conv0002528,sess0004999,B,1,4.53,2024-01-09 08:00:00
u1686,conv0002529,sess0005000,B,0,1.59,2024-01-07 03:00:00
u1686,conv0002529,sess0005001,B,1,3.63,2024-01-08 14:00:00
u1686,conv0002529,sess0005002,B,1,3.66,2024-01-04 14:00:00
u1686,conv0002529,sess0005003,B,0,3.05,2024-01-14 03:00:00
u1687,conv0002530,sess0005004,B,1,4.31,2024-01-02 22:00:00
u1687,conv0002530,sess0005005,B,0,2.36,2024-01-03 20:00:00
u1687,conv0002530,sess0005006,B,1,5.0,2024-01-08 18:00:00
u1687,conv0002530,sess0005007,B,1,5.0,2024-01-12 10:00:00
u1688,conv0002531,sess0005008,B,0,3.22,2024-01-04 13:00:00
u1689,conv0002533,sess0005009,B,1,3.7,2024-01-04 21:00:00
u1690,conv0002535,sess0005010,B,0,2.29,2024-01-04 20:00:00
u1690,conv0002535,sess0005011,B,1,4.22,2024-01-06 17:00:00
u1690,conv0002535,sess0005012,B,1,4.56,2024-01-11 07:00:00
u1690,conv0002536,sess0005013,B,0,2.46,2024-01-07 18:00:00
u1690,conv0002536,sess0005014,B,0,1.84,2024-01-03 06:00:00
u1691,conv0002537,sess0005015,B,1,2.69,2024-01-01 09:00:00
u1691,conv0002537,sess0005016,B,1,3.73,2024-01-03 10:00:00
u1691,conv0002537,sess0005017,B,1,4.6,2024-01-03 15:00:00
u1691,conv0002537,sess0005018,B,1,3.42,2024-01-12 06:00:00
u1691,conv0002537,sess0005019,B,1,3.12,2024-01-11 00:00:00
u1692,conv0002538,sess0005020,B,0,3.22,2024-01-06 04:00:00
u1692,conv0002538,sess0005021,B,1,2.73,2024-01-06 08:00:00
u1692,conv0002538,sess0005022,B,1,4.52,2024-01-06 10:00:00
u1692,conv0002538,sess0005023,B,0,2.01,2024-01-05 14:00:00
u1692,conv0002538,sess0005024,B,0,2.93,2024-01-12 06:00:00
u1693,conv0002539,sess0005025,B,0,2.35,2024-01-06 17:00:00
u1693,conv0002539,sess0005026,B,1,3.16,2024-01-07 13:00:00
u1693,conv0002539,sess0005027,B,1,3.8,2024-01-06 23:00:00
u1693,conv0002540,sess0005028,B,1,3.48,2024-01-01 10:00:00
u1693,conv0002540,sess0005029,B,1,5.0,2024-01-08 14:00:00
u1694,conv0002541,sess0005030,B,0,2.47,2024-01-06 14:00:00
u1694,conv0002541,sess0005031,B,1,4.11,2024-01-04 20:00:00
u1694,conv0002542,sess0005032,B,1,3.92,2024-01-02 08:00:00
u1695,conv0002543,sess0005033,B,1,2.95,2024-01-02 16:00:00
u1695,conv0002543,sess0005034,B,1,5.0,2024-01-04 05:00:00
u1695,conv0002543,sess0005035,B,1,2.67,2024-01-11 15:00:00
u1695,conv0002544,sess0005036,B,0,2.82,2024-01-06 23:00:00
u1695,conv0002544,sess0005037,B,0,2.67,2024-01-05 17:00:00
u1696,conv0002545,sess0005038,B,0,2.41,2024-01-05 03:00:00
u1696,conv0002545,sess0005039,B,1,3.09,2024-01-07 11:00:00
u1696,conv0002545,sess0005040,B,0,3.14,2024-01-06 19:00:00
u1696,conv0002545,sess0005041,B,1,3.82,2024-01-10 04:00:00
u1696,conv0002545,sess0005042,B,0,1.89,2024-01-09 16:00:00
u1697,conv0002546,sess0005043,B,0,3.16,2024-01-05 17:00:00
u1697,conv0002546,sess0005044,B,1,2.58,2024-01-04 17:00:00
u1697,conv0002547,sess0005045,B,1,4.34,2024-01-07 08:00:00
u1697,conv0002547,sess0005046,B,1,5.0,2024-01-03 08:00:00
u1698,conv0002548,sess0005047,B,1,3.4,2024-01-01 10:00:00
u1698,conv0002548,sess0005048,B,1,3.59,2024-01-06 05:00:00
u1698,conv0002549,sess0005049,B,1,4.25,2024-01-07 08:00:00
u1699,conv0002550,sess0005050,B,1,3.79,2024-01-07 11:00:00
u1700,conv0002552,sess0005051,B,1,2.11,2024-01-01 13:00:00
u1700,conv0002552,sess0005052,B,1,4.38,2024-01-02 13:00:00
u1701,conv0002553,sess0005053,B,0,2.38,2024-01-06 19:00:00
u1701,conv0002553,sess0005054,B,1,4.48,2024-01-04 15:00:00
u1701,conv0002553,sess0005055,B,1,2.85,2024-01-02 12:00:00
u1701,conv0002553,sess0005056,B,0,1.0,2024-01-06 11:00:00
u1701,conv0002553,sess0005057,B,1,3.52,2024-01-14 07:00:00
u1702,conv0002554,sess0005058,B,1,3.67,2024-01-06 07:00:00
u1702,conv0002554,sess0005059,B,0,2.32,2024-01-06 00:00:00
u1702,conv0002554,sess0005060,B,0,2.08,2024-01-06 12:00:00
u1702,conv0002554,sess0005061,B,1,4.41,2024-01-06 08:00:00
u1702,conv0002554,sess0005062,B,1,3.56,2024-01-07 20:00:00
u1703,conv0002555,sess0005063,B,0,1.32,2024-01-06 04:00:00
u1703,conv0002555,sess0005064,B,1,4.66,2024-01-03 15:00:00
u1703,conv0002555,sess0005065,B,0,2.84,2024-01-09 04:00:00
u1703,conv0002556,sess0005066,B,1,5.0,2024-01-06 02:00:00
u1703,conv0002556,sess0005067,B,0,2.14,2024-01-08 06:00:00
u1704,conv0002557,sess0005068,B,1,3.5,2024-01-05 23:00:00
u1704,conv0002557,sess0005069,B,1,4.81,2024-01-09 09:00:00
u1704,conv0002558,sess0005070,B,0,2.28,2024-01-01 14:00:00
u1704,conv0002558,sess0005071,B,1,3.27,2024-01-05 21:00:00
u1705,conv0002559,sess0005072,B,0,2.09,2024-01-07 08:00:00
u1705,conv0002560,sess0005073,B,1,3.74,2024-01-05 05:00:00
u1706,conv0002561,sess0005074,B,1,2.64,2024-01-05 03:00:00
u1706,conv0002561,sess0005075,B,1,2.82,2024-01-09 09:00:00
u1706,conv0002561,sess0005076,B,0,3.84,2024-01-06 05:00:00
u1707,conv0002562,sess0005077,B,1,2.79,2024-01-07 01:00:00
u1708,conv0002563,sess0005078,B,0,3.31,2024-01-04 13:00:00
u1708,conv0002564,sess0005079,B,1,4.79,2024-01-02 22:00:00
u1709,conv0002565,sess0005080,B,0,3.82,2024-01-03 02:00:00
u1710,conv0002566,sess0005081,B,1,4.76,2024-01-01 02:00:00
u1711,conv0002567,sess0005082,B,0,2.73,2024-01-01 18:00:00
u1712,conv0002569,sess0005083,B,1,3.79,2024-01-02 01:00:00
u1712,conv0002569,sess0005084,B,1,4.87,2024-01-04 02:00:00
u1713,conv0002570,sess0005085,B,1,4.65,2024-01-02 05:00:00
u1713,conv0002570,sess0005086,B,1,2.68,2024-01-06 05:00:00
u1713,conv0002570,sess0005087,B,1,3.41,2024-01-07 21:00:00
u1713,conv0002570,sess0005088,B,1,5.0,2024-01-11 22:00:00
u1713,conv0002570,sess0005089,B,1,5.0,2024-01-13 00:00:00
u1714,conv0002571,sess0005090,B,1,4.28,2024-01-05 03:00:00
u1714,conv0002571,sess0005091,B,0,2.72,2024-01-03 22:00:00
u1714,conv0002571,sess0005092,B,0,3.65,2024-01-11 20:00:00
u1714,conv0002572,sess0005093,B,1,4.28,2024-01-06 18:00:00
u1714,conv0002572,sess0005094,B,1,4.64,2024-01-08 22:00:00
u1715,conv0002573,sess0005095,B,0,3.27,2024-01-04 18:00:00
u1715,conv0002573,sess0005096,B,1,4.75,2024-01-07 08:00:00
u1715,conv0002573,sess0005097,B,1,4.07,2024-01-08 00:00:00
u1716,conv0002574,sess0005098,B,0,2.93,2024-01-06 11:00:00
u1716,conv0002574,sess0005099,B,1,3.55,2024-01-09 00:00:00
u1716,conv0002574,sess0005100,B,1,2.74,2024-01-08 15:00:00
u1717,conv0002575,sess0005101,B,1,2.92,2024-01-02 10:00:00
u1717,conv0002575,sess0005102,B,0,2.29,2024-01-06 04:00:00
u1717,conv0002576,sess0005103,B,1,3.71,2024-01-07 02:00:00
u1717,conv0002576,sess0005104,B,1,4.24,2024-01-06 11:00:00
u1718,conv0002577,sess0005105,B,0,2.51,2024-01-02 19:00:00
u1718,conv0002578,sess0005106,B,1,3.33,2024-01-06 04:00:00
u1719,conv0002579,sess0005107,B,1,4.38,2024-01-02 04:00:00
u1719,conv0002579,sess0005108,B,1,3.25,2024-01-05 04:00:00
u1719,conv0002579,sess0005109,B,0,3.23,2024-01-06 17:00:00
u1720,conv0002580,sess0005110,B,0,1.61,2024-01-07 21:00:00
u1721,conv0002582,sess0005111,B,1,5.0,2024-01-07 10:00:00
u1721,conv0002582,sess0005112,B,0,3.01,2024-01-05 13:00:00
u1721,conv0002582,sess0005113,B,1,4.06,2024-01-04 18:00:00
u1722,conv0002583,sess0005114,B,1,3.34,2024-01-07 16:00:00
u1723,conv0002585,sess0005115,B,0,1.64,2024-01-03 21:00:00
u1723,conv0002585,sess0005116,B,1,3.11,2024-01-07 11:00:00
u1723,conv0002586,sess0005117,B,1,4.41,2024-01-01 21:00:00
u1723,conv0002586,sess0005118,B,0,2.16,2024-01-06 13:00:00
u1724,conv0002587,sess0005119,B,1,4.2,2024-01-02 00:00:00
u1724,conv0002587,sess0005120,B,1,3.17,2024-01-09 07:00:00
u1724,conv0002587,sess0005121,B,0,3.02,2024-01-04 20:00:00
u1724,conv0002587,sess0005122,B,0,1.63,2024-01-16 11:00:00
u1724,conv0002587,sess0005123,B,1,4.24,2024-01-16 22:00:00
u1725,conv0002588,sess0005124,B,0,2.06,2024-01-04 02:00:00
u1726,conv0002589,sess0005125,B,1,4.53,2024-01-01 14:00:00
u1726,conv0002589,sess0005126,B,1,4.98,2024-01-03 11:00:00
u1726,conv0002589,sess0005127,B,1,3.72,2024-01-09 16:00:00
u1726,conv0002589,sess0005128,B,1,4.12,2024-01-09 17:00:00
u1727,conv0002590,sess0005129,B,0,2.0,2024-01-04 05:00:00
u1727,conv0002590,sess0005130,B,0,1.96,2024-01-08 07:00:00
u1727,conv0002590,sess0005131,B,1,3.98,2024-01-09 02:00:00
u1727,conv0002591,sess0005132,B,0,2.64,2024-01-01 23:00:00
u1727,conv0002591,sess0005133,B,1,4.91,2024-01-08 23:00:00
u1728,conv0002592,sess0005134,B,1,4.63,2024-01-02 16:00:00
u1728,conv0002592,sess0005135,B,0,2.77,2024-01-06 14:00:00
u1728,conv0002592,sess0005136,B,1,3.25,2024-01-11 03:00:00
u1728,conv0002592,sess0005137,B,0,1.76,2024-01-08 08:00:00
u1728,conv0002592,sess0005138,B,1,4.91,2024-01-08 06:00:00
u1729,conv0002593,sess0005139,B,0,1.7,2024-01-01 11:00:00
u1730,conv0002594,sess0005140,B,0,2.21,2024-01-07 01:00:00
u1730,conv0002594,sess0005141,B,0,1.31,2024-01-06 23:00:00
u1731,conv0002595,sess0005142,B,1,3.54,2024-01-06 17:00:00
u1731,conv0002595,sess0005143,B,1,5.0,2024-01-07 22:00:00
u1731,conv0002595,sess0005144,B,1,4.14,2024-01-08 10:00:00
u1731,conv0002595,sess0005145,B,1,3.75,2024-01-13 06:00:00
u1732,conv0002596,sess0005146,B,1,4.37,2024-01-04 05:00:00
u1733,conv0002597,sess0005147,B,1,3.2,2024-01-01 15:00:00
u1734,conv0002599,sess0005148,B,1,4.52,2024-01-01 02:00:00
u1735,conv0002601,sess0005149,B,1,4.0,2024-01-06 12:00:00
u1736,conv0002603,sess0005150,B,0,2.78,2024-01-02 10:00:00
u1736,conv0002604,sess0005151,B,0,2.65,2024-01-07 08:00:00
u1737,conv0002605,sess0005152,B,1,3.13,2024-01-02 15:00:00
u1738,conv0002606,sess0005153,B,1,4.12,2024-01-05 10:00:00
u1738,conv0002606,sess0005154,B,1,3.9,2024-01-08 04:00:00
u1738,conv0002607,sess0005155,B,1,3.99,2024-01-02 18:00:00
u1739,conv0002608,sess0005156,B,0,4.08,2024-01-04 17:00:00
u1739,conv0002608,sess0005157,B,0,2.39,2024-01-06 22:00:00
u1739,conv0002608,sess0005158,B,1,5.0,2024-01-06 09:00:00
u1739,conv0002608,sess0005159,B,1,2.49,2024-01-09 11:00:00
u1739,conv0002608,sess0005160,B,1,3.37,2024-01-15 07:00:00
u1740,conv0002609,sess0005161,B,1,3.95,2024-01-07 16:00:00
u1740,conv0002610,sess0005162,B,1,4.32,2024-01-06 11:00:00
u1741,conv0002611,sess0005163,B,0,3.74,2024-01-03 20:00:00
u1741,conv0002611,sess0005164,B,1,3.29,2024-01-10 07:00:00
u1741,conv0002612,sess0005165,B,0,3.41,2024-01-06 12:00:00
u1741,conv0002612,sess0005166,B,0,3.89,2024-01-08 07:00:00
u1742,conv0002613,sess0005167,B,0,2.18,2024-01-03 01:00:00
u1742,conv0002613,sess0005168,B,0,2.19,2024-01-08 06:00:00
u1742,conv0002613,sess0005169,B,1,4.34,2024-01-11 16:00:00
u1743,conv0002614,sess0005170,B,1,4.09,2024-01-05 18:00:00
u1744,conv0002616,sess0005171,B,1,3.38,2024-01-02 04:00:00
u1745,conv0002618,sess0005172,B,0,5.0,2024-01-05 06:00:00
u1745,conv0002618,sess0005173,B,1,2.53,2024-01-07 07:00:00
u1746,conv0002619,sess0005174,B,1,3.57,2024-01-04 23:00:00
u1746,conv0002620,sess0005175,B,1,4.74,2024-01-04 00:00:00
u1747,conv0002621,sess0005176,B,0,3.49,2024-01-06 16:00:00
u1748,conv0002623,sess0005177,B,1,3.5,2024-01-01 22:00:00
u1749,conv0002624,sess0005178,B,0,2.56,2024-01-06 15:00:00
u1749,conv0002624,sess0005179,B,1,4.41,2024-01-03 23:00:00
u1749,conv0002624,sess0005180,B,1,4.48,2024-01-03 17:00:00
u1750,conv0002625,sess0005181,B,1,5.0,2024-01-02 12:00:00
u1750,conv0002625,sess0005182,B,1,3.22,2024-01-03 20:00:00
u1750,conv0002626,sess0005183,B,1,4.66,2024-01-02 17:00:00
u1750,conv0002626,sess0005184,B,1,4.12,2024-01-07 21:00:00
u1751,conv0002627,sess0005185,B,1,3.87,2024-01-05 12:00:00
u1752,conv0002628,sess0005186,B,0,1.74,2024-01-02 06:00:00
u1752,conv0002628,sess0005187,B,1,4.45,2024-01-03 12:00:00
u1752,conv0002628,sess0005188,B,1,4.36,2024-01-09 12:00:00
u1752,conv0002629,sess0005189,B,0,3.43,2024-01-06 12:00:00
u1752,conv0002629,sess0005190,B,1,4.24,2024-01-05 11:00:00
u1753,conv0002630,sess0005191,B,0,3.34,2024-01-05 04:00:00
u1753,conv0002630,sess0005192,B,0,3.28,2024-01-03 14:00:00
u1753,conv0002630,sess0005193,B,1,4.0,2024-01-06 03:00:00
u1753,conv0002631,sess0005194,B,0,2.93,2024-01-05 18:00:00
u1753,conv0002631,sess0005195,B,1,4.34,2024-01-05 00:00:00
u1754,conv0002632,sess0005196,B,1,4.71,2024-01-06 21:00:00
u1754,conv0002633,sess0005197,B,1,4.02,2024-01-02 15:00:00
u1755,conv0002634,sess0005198,B,1,4.51,2024-01-06 17:00:00
u1755,conv0002634,sess0005199,B,1,4.04,2024-01-04 11:00:00
u1755,conv0002635,sess0005200,B,1,4.51,2024-01-05 17:00:00
u1756,conv0002636,sess0005201,B,1,3.44,2024-01-07 10:00:00
u1756,conv0002636,sess0005202,B,0,3.22,2024-01-06 22:00:00
u1756,conv0002636,sess0005203,B,1,4.18,2024-01-07 20:00:00
u1757,conv0002637,sess0005204,B,0,2.92,2024-01-03 14:00:00
u1758,conv0002639,sess0005205,B,1,3.53,2024-01-05 00:00:00
u1758,conv0002639,sess0005206,B,1,3.74,2024-01-09 09:00:00
u1758,conv0002639,sess0005207,B,0,3.47,2024-01-08 13:00:00
u1759,conv0002640,sess0005208,B,1,4.55,2024-01-02 00:00:00
u1759,conv0002640,sess0005209,B,1,3.56,2024-01-02 20:00:00
u1759,conv0002640,sess0005210,B,1,4.42,2024-01-04 17:00:00
u1760,conv0002641,sess0005211,B,1,3.92,2024-01-06 16:00:00
u1760,conv0002641,sess0005212,B,1,3.82,2024-01-08 20:00:00
u1760,conv0002641,sess0005213,B,1,4.28,2024-01-08 04:00:00
u1760,conv0002641,sess0005214,B,1,4.97,2024-01-13 16:00:00
u1761,conv0002642,sess0005215,B,0,3.34,2024-01-07 14:00:00
u1761,conv0002642,sess0005216,B,0,2.62,2024-01-03 07:00:00
u1761,conv0002643,sess0005217,B,1,3.11,2024-01-07 05:00:00
u1761,conv0002643,sess0005218,B,1,4.23,2024-01-06 12:00:00
u1762,conv0002644,sess0005219,B,1,2.87,2024-01-06 16:00:00
u1762,conv0002644,sess0005220,B,1,5.0,2024-01-06 19:00:00
u1762,conv0002645,sess0005221,B,1,3.74,2024-01-04 09:00:00
u1762,conv0002645,sess0005222,B,1,3.39,2024-01-08 13:00:00
u1763,conv0002646,sess0005223,B,1,3.23,2024-01-05 15:00:00
u1763,conv0002646,sess0005224,B,0,4.46,2024-01-08 06:00:00
u1763,conv0002646,sess0005225,B,1,3.75,2024-01-10 00:00:00
u1763,conv0002647,sess0005226,B,1,2.58,2024-01-06 09:00:00
u1763,conv0002647,sess0005227,B,0,1.86,2024-01-04 15:00:00
u1764,conv0002648,sess0005228,B,0,1.51,2024-01-07 22:00:00
u1764,conv0002649,sess0005229,B,1,3.02,2024-01-01 18:00:00
u1765,conv0002650,sess0005230,B,1,3.89,2024-01-05 11:00:00
u1765,conv0002650,sess0005231,B,1,3.65,2024-01-04 19:00:00
u1765,conv0002650,sess0005232,B,0,1.04,2024-01-11 17:00:00
u1766,conv0002651,sess0005233,B,1,3.64,2024-01-03 03:00:00
u1767,conv0002653,sess0005234,B,1,3.76,2024-01-03 11:00:00
u1767,conv0002653,sess0005235,B,0,2.79,2024-01-07 05:00:00
u1768,conv0002654,sess0005236,B,0,3.41,2024-01-04 17:00:00
u1768,conv0002654,sess0005237,B,0,2.22,2024-01-05 19:00:00
u1769,conv0002655,sess0005238,B,0,2.35,2024-01-06 18:00:00
u1769,conv0002655,sess0005239,B,0,2.58,2024-01-03 02:00:00
u1769,conv0002655,sess0005240,B,1,3.24,2024-01-06 06:00:00
u1769,conv0002655,sess0005241,B,1,3.65,2024-01-13 14:00:00
u1769,conv0002655,sess0005242,B,1,3.84,2024-01-15 18:00:00
u1770,conv0002656,sess0005243,B,0,3.02,2024-01-02 14:00:00
u1770,conv0002656,sess0005244,B,1,4.15,2024-01-05 17:00:00
u1771,conv0002657,sess0005245,B,1,4.98,2024-01-03 18:00:00
u1771,conv0002657,sess0005246,B,0,3.65,2024-01-07 04:00:00
u1771,conv0002657,sess0005247,B,0,2.38,2024-01-07 03:00:00
u1771,conv0002657,sess0005248,B,0,1.2,2024-01-06 20:00:00
u1772,conv0002658,sess0005249,B,0,1.98,2024-01-05 13:00:00
u1772,conv0002658,sess0005250,B,1,3.55,2024-01-03 22:00:00
u1773,conv0002659,sess0005251,B,1,4.99,2024-01-04 18:00:00
u1773,conv0002659,sess0005252,B,1,3.51,2024-01-03 05:00:00
u1773,conv0002659,sess0005253,B,0,3.73,2024-01-10 19:00:00
u1773,conv0002659,sess0005254,B,1,4.79,2024-01-10 16:00:00
u1774,conv0002660,sess0005255,B,1,2.28,2024-01-05 16:00:00
u1775,conv0002661,sess0005256,B,1,3.52,2024-01-04 16:00:00
u1775,conv0002662,sess0005257,B,1,3.3,2024-01-02 14:00:00
u1776,conv0002663,sess0005258,B,1,3.96,2024-01-07 05:00:00
u1776,conv0002664,sess0005259,B,1,2.84,2024-01-01 03:00:00
u1777,conv0002665,sess0005260,B,1,5.0,2024-01-04 21:00:00
u1777,conv0002666,sess0005261,B,0,3.22,2024-01-07 01:00:00
u1778,conv0002667,sess0005262,B,1,5.0,2024-01-06 18:00:00
u1778,conv0002667,sess0005263,B,1,3.53,2024-01-08 15:00:00
u1778,conv0002667,sess0005264,B,1,5.0,2024-01-13 05:00:00
u1778,conv0002667,sess0005265,B,0,2.14,2024-01-10 09:00:00
u1778,conv0002667,sess0005266,B,1,4.08,2024-01-12 05:00:00
u1779,conv0002668,sess0005267,B,0,1.95,2024-01-06 17:00:00
u1779,conv0002668,sess0005268,B,0,0.35,2024-01-09 14:00:00
u1779,conv0002668,sess0005269,B,0,2.19,2024-01-03 07:00:00
u1779,conv0002668,sess0005270,B,1,3.46,2024-01-12 01:00:00
u1780,conv0002669,sess0005271,B,0,1.2,2024-01-01 07:00:00
u1780,conv0002669,sess0005272,B,0,1.67,2024-01-03 21:00:00
u1780,conv0002670,sess0005273,B,1,4.06,2024-01-06 13:00:00
u1780,conv0002670,sess0005274,B,1,3.41,2024-01-05 10:00:00
u1781,conv0002671,sess0005275,B,0,1.78,2024-01-07 21:00:00
u1781,conv0002671,sess0005276,B,1,3.47,2024-01-08 01:00:00
u1781,conv0002671,sess0005277,B,1,3.39,2024-01-07 22:00:00
u1781,conv0002671,sess0005278,B,1,4.7,2024-01-09 11:00:00
u1781,conv0002671,sess0005279,B,1,4.23,2024-01-06 13:00:00
u1782,conv0002672,sess0005280,B,1,4.06,2024-01-06 13:00:00
u1782,conv0002672,sess0005281,B,1,4.23,2024-01-07 10:00:00
u1782,conv0002672,sess0005282,B,1,3.06,2024-01-04 07:00:00
u1782,conv0002672,sess0005283,B,1,3.07,2024-01-07 01:00:00
u1783,conv0002673,sess0005284,B,1,3.43,2024-01-07 03:00:00
u1783,conv0002673,sess0005285,B,1,5.0,2024-01-08 10:00:00
u1784,conv0002674,sess0005286,B,0,3.04,2024-01-05 21:00:00
u1784,conv0002674,sess0005287,B,0,3.35,2024-01-04 12:00:00
u1785,conv0002675,sess0005288,B,0,2.01,2024-01-05 22:00:00
u1786,conv0002677,sess0005289,B,0,3.11,2024-01-06 00:00:00
u1786,conv0002677,sess0005290,B,1,4.64,2024-01-06 14:00:00
u1786,conv0002678,sess0005291,B,1,4.79,2024-01-07 09:00:00
u1787,conv0002679,sess0005292,B,1,3.78,2024-01-07 08:00:00
u1787,conv0002679,sess0005293,B,1,5.0,2024-01-10 08:00:00
u1787,conv0002679,sess0005294,B,0,1.81,2024-01-07 13:00:00
u1788,conv0002680,sess0005295,B,0,3.06,2024-01-02 22:00:00
u1789,conv0002681,sess0005296,B,1,4.03,2024-01-06 23:00:00
u1789,conv0002681,sess0005297,B,1,3.3,2024-01-03 22:00:00
u1789,conv0002681,sess0005298,B,1,3.77,2024-01-07 23:00:00
u1789,conv0002682,sess0005299,B,1,4.47,2024-01-03 07:00:00
u1789,conv0002682,sess0005300,B,1,3.36,2024-01-03 04:00:00
u1790,conv0002683,sess0005301,B,1,4.23,2024-01-02 17:00:00
u1790,conv0002683,sess0005302,B,1,3.92,2024-01-08 15:00:00
u1790,conv0002683,sess0005303,B,1,4.27,2024-01-06 02:00:00
u1791,conv0002684,sess0005304,B,0,1.32,2024-01-01 14:00:00
u1792,conv0002686,sess0005305,B,1,4.17,2024-01-04 12:00:00
u1792,conv0002686,sess0005306,B,0,1.46,2024-01-08 00:00:00
u1792,conv0002687,sess0005307,B,1,4.4,2024-01-06 02:00:00
u1793,conv0002688,sess0005308,B,1,5.0,2024-01-01 11:00:00
u1793,conv0002688,sess0005309,B,1,4.6,2024-01-07 18:00:00
u1793,conv0002689,sess0005310,B,0,1.63,2024-01-04 13:00:00
u1794,conv0002690,sess0005311,B,1,4.09,2024-01-03 06:00:00
u1794,conv0002690,sess0005312,B,1,3.43,2024-01-09 00:00:00
u1794,conv0002690,sess0005313,B,1,3.51,2024-01-08 12:00:00
u1794,conv0002690,sess0005314,B,1,3.58,2024-01-05 13:00:00
u1794,conv0002690,sess0005315,B,0,2.19,2024-01-08 11:00:00
u1795,conv0002691,sess0005316,B,1,3.54,2024-01-06 07:00:00
u1795,conv0002691,sess0005317,B,1,4.0,2024-01-07 18:00:00
u1795,conv0002691,sess0005318,B,0,0.0,2024-01-07 02:00:00
u1795,conv0002691,sess0005319,B,0,2.5,2024-01-08 02:00:00
u1795,conv0002691,sess0005320,B,1,4.26,2024-01-05 16:00:00
u1796,conv0002692,sess0005321,B,1,3.32,2024-01-02 00:00:00
u1796,conv0002692,sess0005322,B,1,4.44,2024-01-08 02:00:00
u1796,conv0002692,sess0005323,B,0,2.47,2024-01-04 22:00:00
u1797,conv0002693,sess0005324,B,1,2.71,2024-01-03 18:00:00
u1797,conv0002693,sess0005325,B,1,4.14,2024-01-03 21:00:00
u1798,conv0002694,sess0005326,B,0,3.22,2024-01-06 10:00:00
u1798,conv0002694,sess0005327,B,1,3.84,2024-01-04 01:00:00
u1798,conv0002695,sess0005328,B,1,4.21,2024-01-03 04:00:00
u1798,conv0002695,sess0005329,B,1,3.93,2024-01-03 21:00:00
u1799,conv0002696,sess0005330,B,1,3.99,2024-01-06 11:00:00
u1799,conv0002697,sess0005331,B,1,3.35,2024-01-07 05:00:00
u1800,conv0002698,sess0005332,B,0,2.27,2024-01-01 23:00:00
u1800,conv0002698,sess0005333,B,0,1.52,2024-01-02 17:00:00
u1800,conv0002698,sess0005334,B,1,4.57,2024-01-10 23:00:00
u1800,conv0002699,sess0005335,B,1,3.93,2024-01-03 21:00:00
u1800,conv0002699,sess0005336,B,1,3.96,2024-01-04 05:00:00
u1801,conv0002700,sess0005337,B,0,2.12,2024-01-03 13:00:00
u1801,conv0002700,sess0005338,B,1,5.0,2024-01-06 22:00:00
u1801,conv0002700,sess0005339,B,0,2.83,2024-01-08 13:00:00
u1801,conv0002701,sess0005340,B,0,2.17,2024-01-07 05:00:00
u1801,conv0002701,sess0005341,B,1,4.93,2024-01-07 11:00:00
u1802,conv0002702,sess0005342,B,1,3.57,2024-01-07 13:00:00
u1803,conv0002704,sess0005343,B,1,4.39,2024-01-02 15:00:00
u1804,conv0002705,sess0005344,B,1,4.12,2024-01-04 15:00:00
u1805,conv0002706,sess0005345,B,1,2.93,2024-01-04 11:00:00
u1805,conv0002706,sess0005346,B,0,2.3,2024-01-07 19:00:00
u1806,conv0002707,sess0005347,B,0,1.57,2024-01-03 06:00:00
u1806,conv0002707,sess0005348,B,1,2.83,2024-01-08 12:00:00
u1806,conv0002708,sess0005349,B,1,2.82,2024-01-04 00:00:00
u1806,conv0002708,sess0005350,B,1,3.88,2024-01-03 10:00:00
u1807,conv0002709,sess0005351,B,1,4.15,2024-01-01 21:00:00
u1808,conv0002710,sess0005352,B,1,2.99,2024-01-02 22:00:00
u1809,conv0002711,sess0005353,B,1,2.35,2024-01-03 01:00:00
u1809,conv0002712,sess0005354,B,1,3.96,2024-01-02 05:00:00
u1810,conv0002713,sess0005355,B,0,4.17,2024-01-07 10:00:00
u1810,conv0002713,sess0005356,B,1,3.8,2024-01-09 02:00:00
u1810,conv0002713,sess0005357,B,1,4.59,2024-01-11 00:00:00
u1810,conv0002713,sess0005358,B,1,2.27,2024-01-10 14:00:00
u1811,conv0002714,sess0005359,B,1,3.72,2024-01-05 23:00:00
u1811,conv0002714,sess0005360,B,0,4.08,2024-01-08 13:00:00
u1811,conv0002715,sess0005361,B,0,3.12,2024-01-06 10:00:00
u1811,conv0002715,sess0005362,B,1,4.0,2024-01-03 06:00:00
u1812,conv0002716,sess0005363,B,1,4.82,2024-01-06 18:00:00
u1812,conv0002716,sess0005364,B,1,4.11,2024-01-08 23:00:00
u1813,conv0002717,sess0005365,B,1,4.23,2024-01-07 22:00:00
u1813,conv0002717,sess0005366,B,1,3.24,2024-01-10 08:00:00
u1813,conv0002718,sess0005367,B,1,4.73,2024-01-07 09:00:00
u1813,conv0002718,sess0005368,B,1,4.72,2024-01-05 10:00:00
u1814,conv0002719,sess0005369,B,1,4.47,2024-01-01 17:00:00
u1814,conv0002719,sess0005370,B,1,4.06,2024-01-02 14:00:00
u1814,conv0002719,sess0005371,B,0,3.95,2024-01-06 05:00:00
u1814,conv0002719,sess0005372,B,1,3.41,2024-01-12 03:00:00
u1814,conv0002719,sess0005373,B,0,2.28,2024-01-12 02:00:00
u1815,conv0002720,sess0005374,B,1,3.25,2024-01-04 02:00:00
u1815,conv0002720,sess0005375,B,0,2.45,2024-01-03 04:00:00
u1815,conv0002721,sess0005376,B,1,3.52,2024-01-06 23:00:00
u1816,conv0002722,sess0005377,B,1,3.74,2024-01-01 23:00:00
u1816,conv0002722,sess0005378,B,1,4.77,2024-01-06 16:00:00
u1816,conv0002723,sess0005379,B,1,3.64,2024-01-06 19:00:00
u1816,conv0002723,sess0005380,B,1,4.84,2024-01-07 16:00:00
u1817,conv0002724,sess0005381,B,1,2.66,2024-01-07 13:00:00
u1818,conv0002725,sess0005382,B,1,4.48,2024-01-06 10:00:00
u1818,conv0002725,sess0005383,B,1,4.95,2024-01-04 20:00:00
u1818,conv0002726,sess0005384,B,1,3.66,2024-01-04 06:00:00
u1819,conv0002727,sess0005385,B,1,3.77,2024-01-06 14:00:00
u1819,conv0002728,sess0005386,B,1,3.51,2024-01-04 14:00:00
u1820,conv0002729,sess0005387,B,0,2.62,2024-01-04 06:00:00
u1820,conv0002729,sess0005388,B,1,4.19,2024-01-09 03:00:00
u1820,conv0002729,sess0005389,B,0,3.29,2024-01-08 22:00:00
u1820,conv0002730,sess0005390,B,1,3.57,2024-01-04 08:00:00
u1820,conv0002730,sess0005391,B,1,3.24,2024-01-03 09:00:00
u1821,conv0002731,sess0005392,B,1,4.71,2024-01-01 20:00:00
u1821,conv0002731,sess0005393,B,1,3.35,2024-01-06 20:00:00
u1821,conv0002731,sess0005394,B,0,1.87,2024-01-07 05:00:00
u1821,conv0002731,sess0005395,B,1,3.33,2024-01-05 03:00:00
u1821,conv0002731,sess0005396,B,0,2.18,2024-01-09 00:00:00
u1822,conv0002732,sess0005397,B,0,0.9,2024-01-06 09:00:00
u1822,conv0002732,sess0005398,B,1,4.92,2024-01-03 17:00:00
u1822,conv0002733,sess0005399,B,0,2.88,2024-01-02 19:00:00
u1822,conv0002733,sess0005400,B,0,3.34,2024-01-07 03:00:00
u1823,conv0002734,sess0005401,B,0,2.0,2024-01-02 15:00:00
u1824,conv0002735,sess0005402,B,1,4.0,2024-01-03 06:00:00
u1825,conv0002736,sess0005403,B,1,4.46,2024-01-03 12:00:00
u1825,conv0002736,sess0005404,B,1,4.63,2024-01-05 14:00:00
u1825,conv0002736,sess0005405,B,1,3.26,2024-01-06 18:00:00
u1825,conv0002737,sess0005406,B,1,3.73,2024-01-04 17:00:00
u1825,conv0002737,sess0005407,B,1,4.31,2024-01-05 12:00:00
u1826,conv0002738,sess0005408,B,1,5.0,2024-01-04 19:00:00
u1826,conv0002738,sess0005409,B,1,3.86,2024-01-06 10:00:00
u1826,conv0002738,sess0005410,B,0,1.63,2024-01-12 00:00:00
u1827,conv0002739,sess0005411,B,1,5.0,2024-01-06 18:00:00
u1827,conv0002739,sess0005412,B,1,4.98,2024-01-05 12:00:00
u1827,conv0002739,sess0005413,B,1,4.62,2024-01-05 23:00:00
u1827,conv0002739,sess0005414,B,1,3.17,2024-01-07 17:00:00
u1828,conv0002740,sess0005415,B,1,4.01,2024-01-04 00:00:00
u1828,conv0002740,sess0005416,B,0,2.11,2024-01-05 12:00:00
u1828,conv0002740,sess0005417,B,1,3.48,2024-01-11 22:00:00
u1828,conv0002741,sess0005418,B,0,2.15,2024-01-04 11:00:00
u1828,conv0002741,sess0005419,B,1,5.0,2024-01-05 17:00:00
u1829,conv0002742,sess0005420,B,1,4.67,2024-01-06 03:00:00
u1829,conv0002742,sess0005421,B,1,3.38,2024-01-04 07:00:00
u1829,conv0002743,sess0005422,B,0,2.06,2024-01-03 20:00:00
u1830,conv0002744,sess0005423,B,1,3.67,2024-01-05 07:00:00
u1830,conv0002744,sess0005424,B,1,5.0,2024-01-08 14:00:00
u1830,conv0002744,sess0005425,B,0,3.91,2024-01-06 20:00:00
u1830,conv0002744,sess0005426,B,1,4.66,2024-01-13 20:00:00
u1830,conv0002744,sess0005427,B,0,3.93,2024-01-07 06:00:00
u1831,conv0002745,sess0005428,B,0,2.77,2024-01-06 12:00:00
u1831,conv0002745,sess0005429,B,1,4.0,2024-01-04 13:00:00
u1831,conv0002745,sess0005430,B,1,4.58,2024-01-03 03:00:00
u1832,conv0002746,sess0005431,B,0,2.95,2024-01-03 22:00:00
u1832,conv0002747,sess0005432,B,1,3.49,2024-01-07 12:00:00
u1833,conv0002748,sess0005433,B,0,2.86,2024-01-05 17:00:00
u1833,conv0002748,sess0005434,B,1,2.98,2024-01-03 10:00:00
u1833,conv0002749,sess0005435,B,1,4.07,2024-01-01 03:00:00
u1833,conv0002749,sess0005436,B,1,4.66,2024-01-07 08:00:00
u1834,conv0002750,sess0005437,B,1,4.8,2024-01-06 07:00:00
u1834,conv0002751,sess0005438,B,1,4.34,2024-01-01 11:00:00
u1835,conv0002752,sess0005439,B,1,4.69,2024-01-03 00:00:00
u1835,conv0002752,sess0005440,B,1,4.13,2024-01-06 22:00:00
u1835,conv0002752,sess0005441,B,1,4.13,2024-01-04 15:00:00
u1836,conv0002753,sess0005442,B,0,2.4,2024-01-06 23:00:00
u1836,conv0002753,sess0005443,B,1,3.59,2024-01-08 06:00:00
u1836,conv0002753,sess0005444,B,0,2.48,2024-01-10 20:00:00
u1836,conv0002753,sess0005445,B,1,4.02,2024-01-12 05:00:00
u1836,conv0002753,sess0005446,B,1,4.6,2024-01-08 16:00:00
u1837,conv0002754,sess0005447,B,1,5.0,2024-01-07 01:00:00
u1837,conv0002754,sess0005448,B,0,3.13,2024-01-08 06:00:00
u1837,conv0002754,sess0005449,B,1,4.02,2024-01-09 21:00:00
u1838,conv0002755,sess0005450,B,0,1.05,2024-01-04 21:00:00
u1838,conv0002755,sess0005451,B,0,2.29,2024-01-04 14:00:00
u1839,conv0002756,sess0005452,B,1,3.05,2024-01-01 08:00:00
u1839,conv0002756,sess0005453,B,1,4.44,2024-01-09 12:00:00
u1839,conv0002756,sess0005454,B,1,4.18,2024-01-06 11:00:00
u1839,conv0002757,sess0005455,B,1,5.0,2024-01-02 15:00:00
u1839,conv0002757,sess0005456,B,0,3.14,2024-01-08 13:00:00
u1840,conv0002758,sess0005457,B,1,3.44,2024-01-02 09:00:00
u1841,conv0002760,sess0005458,B,0,1.3,2024-01-03 10:00:00
u1841,conv0002760,sess0005459,B,1,3.44,2024-01-04 04:00:00
u1842,conv0002761,sess0005460,B,0,2.59,2024-01-03 22:00:00
u1842,conv0002761,sess0005461,B,0,2.6,2024-01-07 06:00:00
u1842,conv0002761,sess0005462,B,1,4.01,2024-01-06 00:00:00
u1842,conv0002762,sess0005463,B,1,4.41,2024-01-06 12:00:00
u1842,conv0002762,sess0005464,B,1,4.42,2024-01-07 08:00:00
u1843,conv0002763,sess0005465,B,1,4.84,2024-01-06 21:00:00
u1843,conv0002763,sess0005466,B,1,3.45,2024-01-03 20:00:00
u1843,conv0002764,sess0005467,B,1,3.23,2024-01-03 04:00:00
u1843,conv0002764,sess0005468,B,0,1.31,2024-01-04 02:00:00
u1844,conv0002765,sess0005469,B,1,3.91,2024-01-02 14:00:00
u1845,conv0002767,sess0005470,B,1,2.78,2024-01-07 03:00:00
u1846,conv0002768,sess0005471,B,1,5.0,2024-01-06 13:00:00
u1847,conv0002770,sess0005472,B,1,3.37,2024-01-01 16:00:00
u1847,conv0002770,sess0005473,B,1,4.12,2024-01-04 04:00:00
u1847,conv0002770,sess0005474,B,1,3.43,2024-01-10 00:00:00
u1847,conv0002770,sess0005475,B,1,4.31,2024-01-10 19:00:00
u1848,conv0002771,sess0005476,B,0,2.65,2024-01-03 19:00:00
u1848,conv0002771,sess0005477,B,1,3.7,2024-01-05 10:00:00
u1848,conv0002771,sess0005478,B,0,2.37,2024-01-09 04:00:00
u1848,conv0002771,sess0005479,B,1,3.19,2024-01-14 16:00:00
u1849,conv0002772,sess0005480,B,0,2.74,2024-01-03 18:00:00
u1849,conv0002772,sess0005481,B,0,3.01,2024-01-06 02:00:00
u1850,conv0002773,sess0005482,B,0,3.21,2024-01-05 10:00:00
u1850,conv0002773,sess0005483,B,1,4.15,2024-01-05 20:00:00
u1850,conv0002774,sess0005484,B,0,2.19,2024-01-07 19:00:00
u1850,conv0002774,sess0005485,B,0,2.64,2024-01-07 11:00:00
u1851,conv0002775,sess0005486,B,0,1.67,2024-01-06 12:00:00
u1851,conv0002775,sess0005487,B,1,3.83,2024-01-07 23:00:00
u1851,conv0002775,sess0005488,B,0,3.08,2024-01-05 16:00:00
u1851,conv0002775,sess0005489,B,1,3.69,2024-01-05 20:00:00
u1851,conv0002775,sess0005490,B,1,4.32,2024-01-14 18:00:00
u1852,conv0002776,sess0005491,B,1,2.71,2024-01-07 08:00:00
u1852,conv0002777,sess0005492,B,1,3.67,2024-01-03 02:00:00
u1853,conv0002778,sess0005493,B,1,4.89,2024-01-03 05:00:00
u1854,conv0002780,sess0005494,B,1,4.12,2024-01-03 21:00:00
u1854,conv0002780,sess0005495,B,0,2.0,2024-01-08 08:00:00
u1854,conv0002781,sess0005496,B,1,4.0,2024-01-07 07:00:00
u1855,conv0002782,sess0005497,B,1,4.11,2024-01-04 16:00:00
u1855,conv0002782,sess0005498,B,1,3.71,2024-01-05 13:00:00
u1855,conv0002782,sess0005499,B,0,2.63,2024-01-04 09:00:00
u1855,conv0002782,sess0005500,B,1,4.12,2024-01-14 05:00:00
u1855,conv0002782,sess0005501,B,0,2.55,2024-01-10 20:00:00
u1856,conv0002783,sess0005502,B,1,4.03,2024-01-01 14:00:00
u1857,conv0002785,sess0005503,B,1,2.97,2024-01-01 01:00:00
u1857,conv0002785,sess0005504,B,0,0.7,2024-01-08 14:00:00
u1857,conv0002785,sess0005505,B,1,4.17,2024-01-07 18:00:00
u1857,conv0002785,sess0005506,B,1,3.94,2024-01-05 18:00:00
u1858,conv0002786,sess0005507,B,1,4.13,2024-01-06 12:00:00
u1859,conv0002787,sess0005508,B,1,4.39,2024-01-01 07:00:00
u1860,conv0002788,sess0005509,B,1,4.01,2024-01-06 18:00:00
u1860,conv0002788,sess0005510,B,0,3.34,2024-01-07 08:00:00
u1860,conv0002788,sess0005511,B,1,3.95,2024-01-11 00:00:00
u1860,conv0002788,sess0005512,B,1,3.24,2024-01-10 05:00:00
u1860,conv0002788,sess0005513,B,0,2.6,2024-01-06 20:00:00
u1861,conv0002789,sess0005514,B,1,3.74,2024-01-06 05:00:00
u1861,conv0002789,sess0005515,B,1,3.94,2024-01-06 23:00:00
u1861,conv0002789,sess0005516,B,0,1.3,2024-01-06 07:00:00
u1862,conv0002790,sess0005517,B,0,0.73,2024-01-01 06:00:00
u1862,conv0002790,sess0005518,B,1,3.04,2024-01-03 22:00:00
u1862,conv0002790,sess0005519,B,1,3.9,2024-01-10 09:00:00
u1862,conv0002790,sess0005520,B,1,3.52,2024-01-07 11:00:00
u1862,conv0002790,sess0005521,B,0,2.4,2024-01-13 12:00:00
u1863,conv0002791,sess0005522,B,1,3.79,2024-01-04 04:00:00
u1863,conv0002791,sess0005523,B,1,3.95,2024-01-08 13:00:00
u1863,conv0002791,sess0005524,B,0,3.02,2024-01-12 11:00:00
u1864,conv0002792,sess0005525,B,1,3.21,2024-01-01 13:00:00
u1865,conv0002793,sess0005526,B,0,2.62,2024-01-03 03:00:00
u1865,conv0002793,sess0005527,B,1,3.8,2024-01-05 21:00:00
u1865,conv0002793,sess0005528,B,0,2.9,2024-01-05 12:00:00
u1865,conv0002794,sess0005529,B,0,3.1,2024-01-02 12:00:00
u1865,conv0002794,sess0005530,B,0,3.04,2024-01-02 18:00:00
u1866,conv0002795,sess0005531,B,0,3.04,2024-01-05 07:00:00
u1866,conv0002795,sess0005532,B,0,1.41,2024-01-07 02:00:00
u1866,conv0002796,sess0005533,B,1,4.1,2024-01-05 07:00:00
u1867,conv0002797,sess0005534,B,1,4.35,2024-01-06 04:00:00
u1867,conv0002797,sess0005535,B,1,4.04,2024-01-02 19:00:00
u1867,conv0002797,sess0005536,B,1,3.54,2024-01-08 18:00:00
u1867,conv0002798,sess0005537,B,1,3.86,2024-01-05 14:00:00
u1867,conv0002798,sess0005538,B,0,3.08,2024-01-09 00:00:00
u1868,conv0002799,sess0005539,B,1,4.48,2024-01-02 14:00:00
u1868,conv0002799,sess0005540,B,1,5.0,2024-01-02 06:00:00
u1868,conv0002800,sess0005541,B,1,2.59,2024-01-06 17:00:00
u1868,conv0002800,sess0005542,B,0,3.0,2024-01-02 11:00:00
u1869,conv0002801,sess0005543,B,0,1.47,2024-01-07 16:00:00
u1869,conv0002802,sess0005544,B,0,3.07,2024-01-06 05:00:00
u1870,conv0002803,sess0005545,B,1,5.0,2024-01-02 08:00:00
u1870,conv0002803,sess0005546,B,0,2.89,2024-01-07 09:00:00
u1870,conv0002804,sess0005547,B,0,3.62,2024-01-01 07:00:00
u1871,conv0002805,sess0005548,B,0,3.07,2024-01-07 05:00:00
u1871,conv0002805,sess0005549,B,0,2.58,2024-01-07 15:00:00
u1872,conv0002806,sess0005550,B,0,3.24,2024-01-02 01:00:00
u1872,conv0002806,sess0005551,B,1,3.63,2024-01-06 05:00:00
u1872,conv0002806,sess0005552,B,0,3.37,2024-01-11 01:00:00
u1872,conv0002807,sess0005553,B,1,3.63,2024-01-03 12:00:00
u1872,conv0002807,sess0005554,B,1,4.62,2024-01-07 01:00:00
u1873,conv0002808,sess0005555,B,0,2.45,2024-01-07 07:00:00
u1873,conv0002808,sess0005556,B,1,3.2,2024-01-08 11:00:00
u1873,conv0002808,sess0005557,B,1,4.33,2024-01-09 20:00:00
u1874,conv0002809,sess0005558,B,0,3.46,2024-01-02 14:00:00
u1874,conv0002809,sess0005559,B,0,1.92,2024-01-02 12:00:00
u1874,conv0002809,sess0005560,B,1,3.33,2024-01-08 03:00:00
u1874,conv0002810,sess0005561,B,1,3.88,2024-01-02 01:00:00
u1874,conv0002810,sess0005562,B,0,1.91,2024-01-03 17:00:00
u1875,conv0002811,sess0005563,B,1,4.05,2024-01-03 09:00:00
u1875,conv0002811,sess0005564,B,1,3.2,2024-01-07 07:00:00
u1875,conv0002811,sess0005565,B,0,4.26,2024-01-11 08:00:00
u1876,conv0002812,sess0005566,B,1,3.8,2024-01-06 18:00:00
u1876,conv0002812,sess0005567,B,0,3.26,2024-01-08 07:00:00
u1876,conv0002812,sess0005568,B,1,4.55,2024-01-07 16:00:00
u1877,conv0002813,sess0005569,B,1,3.87,2024-01-03 19:00:00
u1877,conv0002813,sess0005570,B,1,3.92,2024-01-04 13:00:00
u1877,conv0002813,sess0005571,B,1,4.01,2024-01-08 20:00:00
u1877,conv0002813,sess0005572,B,1,4.32,2024-01-07 23:00:00
u1877,conv0002813,sess0005573,B,1,2.93,2024-01-12 02:00:00
u1878,conv0002814,sess0005574,B,0,2.66,2024-01-05 14:00:00
u1878,conv0002814,sess0005575,B,1,5.0,2024-01-06 22:00:00
u1878,conv0002814,sess0005576,B,1,2.76,2024-01-09 04:00:00
u1878,conv0002815,sess0005577,B,1,5.0,2024-01-02 01:00:00
u1878,conv0002815,sess0005578,B,1,3.45,2024-01-06 20:00:00
u1879,conv0002816,sess0005579,B,1,3.35,2024-01-01 07:00:00
u1879,conv0002816,sess0005580,B,0,2.42,2024-01-07 08:00:00
u1879,conv0002817,sess0005581,B,0,0.7,2024-01-03 20:00:00
u1879,conv0002817,sess0005582,B,0,2.63,2024-01-03 21:00:00
u1880,conv0002818,sess0005583,B,1,4.77,2024-01-04 07:00:00
u1880,conv0002818,sess0005584,B,1,4.18,2024-01-08 21:00:00
u1880,conv0002818,sess0005585,B,1,3.62,2024-01-07 10:00:00
u1880,conv0002818,sess0005586,B,1,3.9,2024-01-09 22:00:00
u1881,conv0002819,sess0005587,B,1,4.11,2024-01-01 02:00:00
u1881,conv0002819,sess0005588,B,0,2.18,2024-01-07 14:00:00
u1881,conv0002819,sess0005589,B,0,3.5,2024-01-08 12:00:00
u1881,conv0002819,sess0005590,B,0,3.59,2024-01-12 18:00:00
u1881,conv0002819,sess0005591,B,1,4.76,2024-01-13 03:00:00
u1882,conv0002820,sess0005592,B,0,2.86,2024-01-04 18:00:00
u1883,conv0002821,sess0005593,B,1,4.92,2024-01-05 19:00:00
u1884,conv0002822,sess0005594,B,1,3.68,2024-01-05 03:00:00
u1885,conv0002824,sess0005595,B,1,4.09,2024-01-07 03:00:00
u1885,conv0002824,sess0005596,B,1,2.57,2024-01-08 16:00:00
u1885,conv0002824,sess0005597,B,0,1.81,2024-01-07 01:00:00
u1885,conv0002824,sess0005598,B,0,2.14,2024-01-08 07:00:00
u1886,conv0002825,sess0005599,B,1,4.92,2024-01-03 03:00:00
u1887,conv0002826,sess0005600,B,0,1.39,2024-01-04 20:00:00
u1887,conv0002826,sess0005601,B,1,3.56,2024-01-10 03:00:00
u1887,conv0002827,sess0005602,B,0,3.57,2024-01-04 15:00:00
u1888,conv0002828,sess0005603,B,1,3.14,2024-01-04 12:00:00
u1888,conv0002828,sess0005604,B,1,4.34,2024-01-05 19:00:00
u1888,conv0002828,sess0005605,B,1,3.35,2024-01-07 15:00:00
u1888,conv0002829,sess0005606,B,1,3.91,2024-01-05 20:00:00
u1888,conv0002829,sess0005607,B,0,3.0,2024-01-06 17:00:00
u1889,conv0002830,sess0005608,B,0,1.39,2024-01-01 05:00:00
u1889,conv0002830,sess0005609,B,1,3.16,2024-01-05 14:00:00
u1889,conv0002830,sess0005610,B,1,4.0,2024-01-08 17:00:00
u1889,conv0002830,sess0005611,B,0,2.48,2024-01-13 13:00:00
u1890,conv0002831,sess0005612,B,1,3.9,2024-01-04 17:00:00
u1890,conv0002831,sess0005613,B,1,3.38,2024-01-05 09:00:00
u1890,conv0002831,sess0005614,B,1,4.43,2024-01-07 11:00:00
u1890,conv0002831,sess0005615,B,1,4.34,2024-01-05 12:00:00
u1890,conv0002831,sess0005616,B,0,2.18,2024-01-17 06:00:00
u1891,conv0002832,sess0005617,B,1,4.15,2024-01-03 17:00:00
u1892,conv0002833,sess0005618,B,1,3.63,2024-01-01 09:00:00
u1892,conv0002833,sess0005619,B,0,1.73,2024-01-04 02:00:00
u1892,conv0002834,sess0005620,B,0,3.0,2024-01-01 02:00:00
u1892,conv0002834,sess0005621,B,0,4.5,2024-01-07 20:00:00
u1893,conv0002835,sess0005622,B,1,3.36,2024-01-03 02:00:00
u1893,conv0002835,sess0005623,B,1,4.07,2024-01-09 05:00:00
u1893,conv0002835,sess0005624,B,1,5.0,2024-01-09 14:00:00
u1893,conv0002835,sess0005625,B,0,1.18,2024-01-04 19:00:00
u1894,conv0002836,sess0005626,B,0,1.68,2024-01-04 11:00:00
u1894,conv0002836,sess0005627,B,1,3.27,2024-01-08 04:00:00
u1894,conv0002837,sess0005628,B,1,2.26,2024-01-02 20:00:00
u1895,conv0002838,sess0005629,B,1,3.71,2024-01-05 21:00:00
u1895,conv0002838,sess0005630,B,1,3.36,2024-01-07 10:00:00
u1896,conv0002839,sess0005631,B,0,1.92,2024-01-07 23:00:00
u1896,conv0002840,sess0005632,B,1,5.0,2024-01-07 14:00:00
u1897,conv0002841,sess0005633,B,1,5.0,2024-01-02 21:00:00
u1897,conv0002841,sess0005634,B,1,4.11,2024-01-05 16:00:00
u1897,conv0002842,sess0005635,B,1,3.86,2024-01-05 10:00:00
u1897,conv0002842,sess0005636,B,1,4.14,2024-01-07 18:00:00
u1898,conv0002843,sess0005637,B,1,4.36,2024-01-02 22:00:00
u1898,conv0002843,sess0005638,B,0,2.99,2024-01-08 03:00:00
u1898,conv0002844,sess0005639,B,1,4.78,2024-01-05 23:00:00
u1899,conv0002845,sess0005640,B,0,2.65,2024-01-03 16:00:00
u1900,conv0002847,sess0005641,B,1,4.38,2024-01-01 05:00:00
u1901,conv0002848,sess0005642,B,0,1.75,2024-01-01 01:00:00
u1902,conv0002850,sess0005643,B,1,4.37,2024-01-02 06:00:00
u1902,conv0002850,sess0005644,B,1,3.41,2024-01-10 02:00:00
u1902,conv0002851,sess0005645,B,1,4.44,2024-01-01 07:00:00
u1903,conv0002852,sess0005646,B,1,3.66,2024-01-06 16:00:00
u1903,conv0002852,sess0005647,B,0,1.56,2024-01-03 13:00:00
u1903,conv0002852,sess0005648,B,0,1.96,2024-01-02 22:00:00
u1903,conv0002852,sess0005649,B,0,0.48,2024-01-13 13:00:00
u1904,conv0002853,sess0005650,B,1,2.45,2024-01-01 06:00:00
u1904,conv0002853,sess0005651,B,1,3.86,2024-01-07 02:00:00
u1904,conv0002853,sess0005652,B,1,5.0,2024-01-07 12:00:00
u1904,conv0002853,sess0005653,B,1,4.35,2024-01-07 19:00:00
u1904,conv0002853,sess0005654,B,1,3.93,2024-01-09 18:00:00
u1905,conv0002854,sess0005655,B,0,3.05,2024-01-03 00:00:00
u1905,conv0002855,sess0005656,B,1,3.75,2024-01-02 12:00:00
u1906,conv0002856,sess0005657,B,1,5.0,2024-01-06 08:00:00
u1906,conv0002856,sess0005658,B,1,3.68,2024-01-05 09:00:00
u1907,conv0002857,sess0005659,B,1,4.21,2024-01-04 19:00:00
u1907,conv0002857,sess0005660,B,1,3.27,2024-01-03 12:00:00
u1907,conv0002857,sess0005661,B,1,3.88,2024-01-09 03:00:00
u1907,conv0002857,sess0005662,B,1,3.57,2024-01-03 02:00:00
u1908,conv0002858,sess0005663,B,1,3.15,2024-01-06 03:00:00
u1908,conv0002858,sess0005664,B,0,2.56,2024-01-06 02:00:00
u1908,conv0002858,sess0005665,B,0,2.72,2024-01-09 12:00:00
u1909,conv0002859,sess0005666,B,0,2.23,2024-01-06 01:00:00
u1909,conv0002860,sess0005667,B,0,3.37,2024-01-04 20:00:00
u1910,conv0002861,sess0005668,B,1,4.49,2024-01-04 05:00:00
u1910,conv0002861,sess0005669,B,0,1.92,2024-01-09 14:00:00
u1910,conv0002862,sess0005670,B,1,3.89,2024-01-03 19:00:00
u1911,conv0002863,sess0005671,B,1,4.42,2024-01-07 13:00:00
u1911,conv0002863,sess0005672,B,1,3.1,2024-01-05 14:00:00
u1911,conv0002863,sess0005673,B,0,1.26,2024-01-05 07:00:00
u1912,conv0002864,sess0005674,B,1,4.24,2024-01-07 16:00:00
u1912,conv0002864,sess0005675,B,0,2.7,2024-01-09 01:00:00
u1912,conv0002864,sess0005676,B,1,5.0,2024-01-07 21:00:00
u1913,conv0002865,sess0005677,B,1,4.04,2024-01-02 23:00:00
u1913,conv0002865,sess0005678,B,0,0.5,2024-01-08 17:00:00
u1913,conv0002866,sess0005679,B,1,4.69,2024-01-04 13:00:00
u1913,conv0002866,sess0005680,B,1,4.2,2024-01-06 02:00:00
u1914,conv0002867,sess0005681,B,1,3.53,2024-01-01 22:00:00
u1914,conv0002867,sess0005682,B,1,4.76,2024-01-06 10:00:00
u1914,conv0002867,sess0005683,B,1,3.6,2024-01-09 15:00:00
u1914,conv0002867,sess0005684,B,1,3.71,2024-01-10 12:00:00
u1915,conv0002868,sess0005685,B,0,1.47,2024-01-01 07:00:00
u1915,conv0002868,sess0005686,B,1,3.41,2024-01-07 22:00:00
u1915,conv0002869,sess0005687,B,1,3.14,2024-01-01 04:00:00
u1915,conv0002869,sess0005688,B,1,3.55,2024-01-05 17:00:00
u1916,conv0002870,sess0005689,B,1,4.44,2024-01-07 15:00:00
u1916,conv0002870,sess0005690,B,1,5.0,2024-01-02 01:00:00
u1916,conv0002870,sess0005691,B,1,4.59,2024-01-07 17:00:00
u1917,conv0002871,sess0005692,B,1,4.87,2024-01-05 10:00:00
u1917,conv0002871,sess0005693,B,1,5.0,2024-01-05 22:00:00
u1917,conv0002872,sess0005694,B,1,4.2,2024-01-05 19:00:00
u1917,conv0002872,sess0005695,B,1,4.78,2024-01-02 12:00:00
u1918,conv0002873,sess0005696,B,0,2.17,2024-01-01 16:00:00
u1918,conv0002873,sess0005697,B,1,3.14,2024-01-06 12:00:00
u1918,conv0002873,sess0005698,B,1,4.36,2024-01-06 20:00:00
u1918,conv0002873,sess0005699,B,1,3.18,2024-01-06 11:00:00
u1918,conv0002873,sess0005700,B,1,3.74,2024-01-13 09:00:00
u1919,conv0002874,sess0005701,B,0,3.56,2024-01-02 23:00:00
u1919,conv0002875,sess0005702,B,0,3.32,2024-01-02 11:00:00
u1920,conv0002876,sess0005703,B,1,3.38,2024-01-05 08:00:00
u1920,conv0002876,sess0005704,B,1,4.5,2024-01-06 23:00:00
u1920,conv0002877,sess0005705,B,0,1.48,2024-01-03 05:00:00
u1920,conv0002877,sess0005706,B,0,1.43,2024-01-03 22:00:00
u1921,conv0002878,sess0005707,B,1,4.83,2024-01-04 19:00:00
u1921,conv0002879,sess0005708,B,0,2.71,2024-01-06 05:00:00
u1922,conv0002880,sess0005709,B,0,2.71,2024-01-03 07:00:00
u1922,conv0002880,sess0005710,B,0,2.22,2024-01-06 22:00:00
u1922,conv0002880,sess0005711,B,1,4.43,2024-01-07 11:00:00
u1922,conv0002880,sess0005712,B,1,3.96,2024-01-11 10:00:00
u1922,conv0002880,sess0005713,B,1,4.06,2024-01-08 09:00:00
u1923,conv0002881,sess0005714,B,1,3.68,2024-01-04 09:00:00
u1924,conv0002883,sess0005715,B,1,4.99,2024-01-04 18:00:00
u1924,conv0002883,sess0005716,B,1,4.3,2024-01-07 08:00:00
u1924,conv0002884,sess0005717,B,1,3.24,2024-01-01 11:00:00
u1925,conv0002885,sess0005718,B,0,2.05,2024-01-02 14:00:00
u1925,conv0002885,sess0005719,B,1,3.55,2024-01-01 23:00:00
u1925,conv0002885,sess0005720,B,0,2.61,2024-01-11 03:00:00
u1925,conv0002885,sess0005721,B,0,3.36,2024-01-09 02:00:00
u1926,conv0002886,sess0005722,B,1,3.72,2024-01-06 00:00:00
u1926,conv0002886,sess0005723,B,0,2.32,2024-01-07 16:00:00
u1926,conv0002886,sess0005724,B,1,3.27,2024-01-07 08:00:00
u1926,conv0002887,sess0005725,B,1,3.07,2024-01-02 02:00:00
u1926,conv0002887,sess0005726,B,1,4.77,2024-01-04 04:00:00
u1927,conv0002888,sess0005727,B,1,3.57,2024-01-07 11:00:00
u1927,conv0002888,sess0005728,B,0,2.69,2024-01-05 05:00:00
u1927,conv0002888,sess0005729,B,1,3.59,2024-01-06 06:00:00
u1927,conv0002889,sess0005730,B,1,3.68,2024-01-04 10:00:00
u1927,conv0002889,sess0005731,B,1,4.05,2024-01-05 06:00:00
u1928,conv0002890,sess0005732,B,1,4.17,2024-01-05 07:00:00
u1928,conv0002890,sess0005733,B,0,2.81,2024-01-05 18:00:00
u1928,conv0002890,sess0005734,B,0,2.06,2024-01-08 13:00:00
u1928,conv0002890,sess0005735,B,1,3.98,2024-01-12 23:00:00
u1929,conv0002891,sess0005736,B,1,3.92,2024-01-04 18:00:00
u1929,conv0002891,sess0005737,B,1,4.92,2024-01-09 01:00:00
u1929,conv0002891,sess0005738,B,1,3.3,2024-01-07 05:00:00
u1929,conv0002891,sess0005739,B,1,3.31,2024-01-07 10:00:00
u1930,conv0002892,sess0005740,B,1,4.5,2024-01-05 21:00:00
u1930,conv0002892,sess0005741,B,1,3.19,2024-01-08 04:00:00
u1931,conv0002893,sess0005742,B,1,3.68,2024-01-05 02:00:00
u1932,conv0002895,sess0005743,B,1,3.0,2024-01-02 20:00:00
u1932,conv0002895,sess0005744,B,1,3.71,2024-01-03 02:00:00
u1932,conv0002895,sess0005745,B,0,2.5,2024-01-05 17:00:00
u1932,conv0002896,sess0005746,B,1,4.62,2024-01-02 10:00:00
u1932,conv0002896,sess0005747,B,1,2.87,2024-01-07 14:00:00
u1933,conv0002897,sess0005748,B,1,4.05,2024-01-01 04:00:00
u1933,conv0002897,sess0005749,B,0,1.54,2024-01-08 18:00:00
u1933,conv0002897,sess0005750,B,0,1.99,2024-01-07 05:00:00
u1934,conv0002898,sess0005751,B,1,4.15,2024-01-01 14:00:00
u1934,conv0002898,sess0005752,B,1,4.34,2024-01-10 06:00:00
u1934,conv0002899,sess0005753,B,0,1.82,2024-01-05 14:00:00
u1934,conv0002899,sess0005754,B,0,2.52,2024-01-05 03:00:00
u1935,conv0002900,sess0005755,B,0,2.49,2024-01-06 14:00:00
u1935,conv0002900,sess0005756,B,0,2.36,2024-01-07 10:00:00
u1935,conv0002900,sess0005757,B,1,4.89,2024-01-09 21:00:00
u1935,conv0002900,sess0005758,B,1,4.44,2024-01-08 14:00:00
u1935,conv0002900,sess0005759,B,0,2.7,2024-01-12 20:00:00
u1936,conv0002901,sess0005760,B,0,3.0,2024-01-04 21:00:00
u1937,conv0002902,sess0005761,B,1,3.62,2024-01-02 03:00:00
u1937,conv0002902,sess0005762,B,1,3.69,2024-01-10 19:00:00
u1937,conv0002903,sess0005763,B,1,3.93,2024-01-03 12:00:00
u1938,conv0002904,sess0005764,B,1,4.41,2024-01-03 07:00:00
u1938,conv0002904,sess0005765,B,1,3.21,2024-01-05 04:00:00
u1938,conv0002905,sess0005766,B,1,4.51,2024-01-05 15:00:00
u1939,conv0002906,sess0005767,B,1,4.22,2024-01-03 05:00:00
u1939,conv0002906,sess0005768,B,1,5.0,2024-01-04 19:00:00
u1939,conv0002906,sess0005769,B,1,4.45,2024-01-05 00:00:00
u1940,conv0002907,sess0005770,B,1,3.73,2024-01-01 20:00:00
u1941,conv0002908,sess0005771,B,1,5.0,2024-01-01 04:00:00
u1941,conv0002908,sess0005772,B,1,3.83,2024-01-08 02:00:00
u1941,conv0002908,sess0005773,B,1,3.27,2024-01-06 22:00:00
u1941,conv0002908,sess0005774,B,1,3.95,2024-01-13 10:00:00
u1942,conv0002909,sess0005775,B,1,3.56,2024-01-05 11:00:00
u1942,conv0002910,sess0005776,B,1,2.68,2024-01-01 05:00:00
u1943,conv0002911,sess0005777,B,1,3.35,2024-01-06 12:00:00
u1943,conv0002911,sess0005778,B,0,1.76,2024-01-10 07:00:00
u1943,conv0002911,sess0005779,B,1,3.6,2024-01-07 16:00:00
u1943,conv0002912,sess0005780,B,1,5.0,2024-01-05 02:00:00
u1943,conv0002912,sess0005781,B,1,3.75,2024-01-04 05:00:00
u1944,conv0002913,sess0005782,B,1,4.44,2024-01-04 06:00:00
u1945,conv0002914,sess0005783,B,1,3.67,2024-01-05 00:00:00
u1945,conv0002914,sess0005784,B,0,2.02,2024-01-05 21:00:00
u1945,conv0002914,sess0005785,B,0,3.63,2024-01-05 15:00:00
u1946,conv0002915,sess0005786,B,0,1.79,2024-01-01 23:00:00
u1947,conv0002916,sess0005787,B,1,4.12,2024-01-05 14:00:00
u1947,conv0002916,sess0005788,B,0,2.24,2024-01-05 19:00:00
u1947,conv0002916,sess0005789,B,1,3.43,2024-01-08 03:00:00
u1947,conv0002916,sess0005790,B,1,3.41,2024-01-10 02:00:00
u1948,conv0002917,sess0005791,B,1,3.39,2024-01-05 12:00:00
u1948,conv0002917,sess0005792,B,1,3.14,2024-01-06 03:00:00
u1948,conv0002918,sess0005793,B,0,2.95,2024-01-03 02:00:00
u1949,conv0002919,sess0005794,B,1,4.45,2024-01-02 01:00:00
u1949,conv0002919,sess0005795,B,1,3.66,2024-01-07 03:00:00
u1949,conv0002919,sess0005796,B,1,4.02,2024-01-08 00:00:00
u1950,conv0002920,sess0005797,B,0,2.31,2024-01-02 17:00:00
u1950,conv0002920,sess0005798,B,1,4.13,2024-01-10 12:00:00
u1950,conv0002921,sess0005799,B,0,2.1,2024-01-01 01:00:00
u1951,conv0002922,sess0005800,B,0,2.06,2024-01-06 03:00:00
u1952,conv0002924,sess0005801,B,1,3.23,2024-01-06 20:00:00
u1952,conv0002924,sess0005802,B,0,2.55,2024-01-09 14:00:00
u1952,conv0002924,sess0005803,B,1,3.53,2024-01-03 13:00:00
u1952,conv0002924,sess0005804,B,1,2.99,2024-01-07 10:00:00
u1952,conv0002924,sess0005805,B,1,3.47,2024-01-15 16:00:00
u1953,conv0002925,sess0005806,B,1,2.83,2024-01-04 00:00:00
u1953,conv0002925,sess0005807,B,1,4.32,2024-01-06 05:00:00
u1953,conv0002926,sess0005808,B,0,2.65,2024-01-03 03:00:00
u1953,conv0002926,sess0005809,B,1,4.01,2024-01-06 19:00:00
u1954,conv0002927,sess0005810,B,0,1.94,2024-01-05 04:00:00
u1954,conv0002927,sess0005811,B,1,5.0,2024-01-06 04:00:00
u1955,conv0002928,sess0005812,B,1,3.74,2024-01-01 11:00:00
u1955,conv0002928,sess0005813,B,1,4.11,2024-01-03 11:00:00
u1956,conv0002929,sess0005814,B,1,3.01,2024-01-06 18:00:00
u1956,conv0002929,sess0005815,B,0,2.87,2024-01-10 05:00:00
u1957,conv0002930,sess0005816,B,1,4.02,2024-01-02 13:00:00
u1958,conv0002931,sess0005817,B,0,3.39,2024-01-05 04:00:00
u1958,conv0002931,sess0005818,B,1,4.76,2024-01-07 06:00:00
u1958,conv0002931,sess0005819,B,1,3.81,2024-01-06 04:00:00
u1959,conv0002932,sess0005820,B,1,4.49,2024-01-06 16:00:00
u1959,conv0002933,sess0005821,B,1,4.08,2024-01-01 13:00:00
u1960,conv0002934,sess0005822,B,1,4.39,2024-01-01 10:00:00
u1961,conv0002935,sess0005823,B,1,4.07,2024-01-06 11:00:00
u1962,conv0002937,sess0005824,B,0,2.54,2024-01-04 13:00:00
u1963,conv0002938,sess0005825,B,1,4.68,2024-01-02 23:00:00
u1963,conv0002938,sess0005826,B,0,2.99,2024-01-03 19:00:00
u1963,conv0002939,sess0005827,B,1,4.15,2024-01-02 20:00:00
u1963,conv0002939,sess0005828,B,1,4.12,2024-01-03 06:00:00
u1964,conv0002940,sess0005829,B,1,3.54,2024-01-03 13:00:00
u1964,conv0002940,sess0005830,B,0,3.53,2024-01-06 20:00:00
u1964,conv0002940,sess0005831,B,1,3.85,2024-01-10 13:00:00
u1964,conv0002940,sess0005832,B,1,5.0,2024-01-08 13:00:00
u1965,conv0002941,sess0005833,B,1,4.08,2024-01-01 00:00:00
u1965,conv0002941,sess0005834,B,1,5.0,2024-01-04 20:00:00
u1966,conv0002942,sess0005835,B,0,3.77,2024-01-03 04:00:00
u1966,conv0002942,sess0005836,B,1,3.65,2024-01-06 18:00:00
u1966,conv0002942,sess0005837,B,0,2.73,2024-01-10 23:00:00
u1966,conv0002942,sess0005838,B,0,2.08,2024-01-10 17:00:00
u1966,conv0002942,sess0005839,B,1,3.45,2024-01-05 14:00:00
u1967,conv0002943,sess0005840,B,1,3.84,2024-01-01 21:00:00
u1967,conv0002943,sess0005841,B,1,4.73,2024-01-04 18:00:00
u1967,conv0002944,sess0005842,B,1,5.0,2024-01-07 07:00:00
u1968,conv0002945,sess0005843,B,0,1.1,2024-01-07 03:00:00
u1968,conv0002945,sess0005844,B,1,4.29,2024-01-08 22:00:00
u1968,conv0002946,sess0005845,B,1,3.51,2024-01-02 08:00:00
u1969,conv0002947,sess0005846,B,1,5.0,2024-01-01 15:00:00
u1969,conv0002947,sess0005847,B,1,3.69,2024-01-04 18:00:00
u1969,conv0002947,sess0005848,B,0,0.97,2024-01-10 14:00:00
u1969,conv0002947,sess0005849,B,1,3.19,2024-01-12 08:00:00
u1969,conv0002947,sess0005850,B,1,3.57,2024-01-14 06:00:00
u1970,conv0002948,sess0005851,B,1,3.71,2024-01-02 20:00:00
u1970,conv0002948,sess0005852,B,1,4.25,2024-01-08 18:00:00
u1970,conv0002948,sess0005853,B,1,3.88,2024-01-08 05:00:00
u1970,conv0002948,sess0005854,B,0,4.25,2024-01-04 23:00:00
u1970,conv0002948,sess0005855,B,0,3.15,2024-01-12 02:00:00
u1971,conv0002949,sess0005856,B,1,4.19,2024-01-05 15:00:00
u1971,conv0002949,sess0005857,B,1,1.36,2024-01-09 07:00:00
u1971,conv0002950,sess0005858,B,1,3.69,2024-01-04 16:00:00
u1972,conv0002951,sess0005859,B,0,1.76,2024-01-07 08:00:00
u1972,conv0002951,sess0005860,B,0,2.75,2024-01-05 00:00:00
u1972,conv0002951,sess0005861,B,0,2.63,2024-01-10 14:00:00
u1972,conv0002951,sess0005862,B,1,4.23,2024-01-08 11:00:00
u1973,conv0002952,sess0005863,B,1,4.4,2024-01-03 11:00:00
u1973,conv0002952,sess0005864,B,1,4.05,2024-01-05 05:00:00
u1973,conv0002952,sess0005865,B,1,4.44,2024-01-03 22:00:00
u1973,conv0002952,sess0005866,B,0,2.09,2024-01-13 11:00:00
u1973,conv0002952,sess0005867,B,1,3.76,2024-01-14 00:00:00
u1974,conv0002953,sess0005868,B,1,5.0,2024-01-04 01:00:00
u1974,conv0002953,sess0005869,B,1,2.63,2024-01-08 08:00:00
u1974,conv0002953,sess0005870,B,0,2.98,2024-01-10 07:00:00
u1974,conv0002953,sess0005871,B,1,4.82,2024-01-03 01:00:00
u1975,conv0002954,sess0005872,B,0,2.44,2024-01-07 07:00:00
u1975,conv0002954,sess0005873,B,1,2.92,2024-01-05 14:00:00
u1975,conv0002954,sess0005874,B,1,5.0,2024-01-04 02:00:00
u1975,conv0002954,sess0005875,B,0,0.2,2024-01-12 01:00:00
u1976,conv0002955,sess0005876,B,0,4.19,2024-01-05 00:00:00
u1976,conv0002955,sess0005877,B,1,3.0,2024-01-08 02:00:00
u1976,conv0002956,sess0005878,B,0,2.15,2024-01-05 17:00:00
u1976,conv0002956,sess0005879,B,0,3.27,2024-01-03 14:00:00
u1977,conv0002957,sess0005880,B,1,4.01,2024-01-01 10:00:00
u1977,conv0002957,sess0005881,B,1,4.46,2024-01-02 16:00:00
u1977,conv0002957,sess0005882,B,0,2.06,2024-01-10 03:00:00
u1977,conv0002958,sess0005883,B,1,4.3,2024-01-01 13:00:00
u1977,conv0002958,sess0005884,B,1,3.57,2024-01-07 10:00:00
u1978,conv0002959,sess0005885,B,1,3.81,2024-01-07 19:00:00
u1978,conv0002959,sess0005886,B,0,1.45,2024-01-09 18:00:00
u1978,conv0002960,sess0005887,B,1,3.52,2024-01-04 08:00:00
u1978,conv0002960,sess0005888,B,0,2.52,2024-01-07 03:00:00
u1979,conv0002961,sess0005889,B,0,3.33,2024-01-01 09:00:00
u1979,conv0002961,sess0005890,B,0,2.54,2024-01-05 21:00:00
u1979,conv0002961,sess0005891,B,0,2.58,2024-01-07 04:00:00
u1979,conv0002962,sess0005892,B,0,1.61,2024-01-03 03:00:00
u1979,conv0002962,sess0005893,B,1,3.16,2024-01-08 19:00:00
u1980,conv0002963,sess0005894,B,0,3.5,2024-01-02 18:00:00
u1980,conv0002964,sess0005895,B,0,2.06,2024-01-01 01:00:00
u1981,conv0002965,sess0005896,B,1,5.0,2024-01-06 21:00:00
u1981,conv0002965,sess0005897,B,1,4.97,2024-01-04 14:00:00
u1981,conv0002966,sess0005898,B,1,3.32,2024-01-04 06:00:00
u1981,conv0002966,sess0005899,B,0,2.84,2024-01-04 06:00:00
u1982,conv0002967,sess0005900,B,0,2.92,2024-01-01 23:00:00
u1983,conv0002969,sess0005901,B,0,2.75,2024-01-06 07:00:00
u1983,conv0002969,sess0005902,B,1,4.38,2024-01-04 14:00:00
u1983,conv0002970,sess0005903,B,1,4.08,2024-01-01 10:00:00
u1983,conv0002970,sess0005904,B,1,3.05,2024-01-06 18:00:00
u1984,conv0002971,sess0005905,B,1,3.49,2024-01-02 13:00:00
u1984,conv0002971,sess0005906,B,1,3.97,2024-01-06 05:00:00
u1984,conv0002971,sess0005907,B,1,4.21,2024-01-08 22:00:00
u1984,conv0002971,sess0005908,B,1,4.09,2024-01-10 14:00:00
u1984,conv0002971,sess0005909,B,1,2.87,2024-01-13 14:00:00
u1985,conv0002972,sess0005910,B,1,5.0,2024-01-02 21:00:00
u1985,conv0002972,sess0005911,B,1,4.05,2024-01-07 16:00:00
u1985,conv0002972,sess0005912,B,0,0.76,2024-01-05 22:00:00
u1985,conv0002973,sess0005913,B,0,2.34,2024-01-03 22:00:00
u1985,conv0002973,sess0005914,B,0,2.83,2024-01-07 20:00:00
u1986,conv0002974,sess0005915,B,1,3.3,2024-01-06 11:00:00
u1986,conv0002975,sess0005916,B,1,4.94,2024-01-01 01:00:00
u1987,conv0002976,sess0005917,B,1,2.51,2024-01-04 02:00:00
u1988,conv0002977,sess0005918,B,0,2.71,2024-01-01 12:00:00
u1988,conv0002977,sess0005919,B,0,4.8,2024-01-02 23:00:00
u1988,conv0002978,sess0005920,B,1,3.69,2024-01-05 10:00:00
u1988,conv0002978,sess0005921,B,1,3.68,2024-01-04 13:00:00
u1989,conv0002979,sess0005922,B,1,4.45,2024-01-03 08:00:00
u1989,conv0002979,sess0005923,B,1,2.9,2024-01-03 22:00:00
u1989,conv0002979,sess0005924,B,1,4.6,2024-01-04 07:00:00
u1990,conv0002980,sess0005925,B,1,4.52,2024-01-01 20:00:00
u1990,conv0002980,sess0005926,B,1,5.0,2024-01-08 15:00:00
u1990,conv0002980,sess0005927,B,1,2.56,2024-01-05 22:00:00
u1991,conv0002981,sess0005928,B,1,3.77,2024-01-06 19:00:00
u1991,conv0002981,sess0005929,B,1,4.9,2024-01-04 03:00:00
u1991,conv0002981,sess0005930,B,1,4.34,2024-01-07 13:00:00
u1991,conv0002981,sess0005931,B,1,2.36,2024-01-08 07:00:00
u1991,conv0002981,sess0005932,B,1,3.67,2024-01-11 13:00:00
u1992,conv0002982,sess0005933,B,0,1.21,2024-01-05 03:00:00
u1992,conv0002982,sess0005934,B,1,4.22,2024-01-05 07:00:00
u1992,conv0002982,sess0005935,B,1,4.08,2024-01-04 07:00:00
u1992,conv0002982,sess0005936,B,1,5.0,2024-01-09 02:00:00
u1992,conv0002982,sess0005937,B,1,4.59,2024-01-10 22:00:00
u1993,conv0002983,sess0005938,B,1,3.54,2024-01-01 08:00:00
u1993,conv0002983,sess0005939,B,0,1.68,2024-01-06 02:00:00
u1994,conv0002984,sess0005940,B,1,4.76,2024-01-07 07:00:00
u1995,conv0002986,sess0005941,B,1,4.65,2024-01-04 10:00:00
u1995,conv0002986,sess0005942,B,1,4.6,2024-01-06 10:00:00
u1995,conv0002986,sess0005943,B,1,5.0,2024-01-04 02:00:00
u1995,conv0002986,sess0005944,B,1,3.87,2024-01-11 16:00:00
u1995,conv0002986,sess0005945,B,1,4.61,2024-01-10 15:00:00
u1996,conv0002987,sess0005946,B,0,3.79,2024-01-04 15:00:00
u1997,conv0002988,sess0005947,B,1,5.0,2024-01-05 07:00:00
u1998,conv0002990,sess0005948,B,0,3.09,2024-01-03 12:00:00
u1998,conv0002991,sess0005949,B,1,4.39,2024-01-01 18:00:00
u1999,conv0002992,sess0005950,B,1,4.04,2024-01-06 02:00:00
u1999,conv0002992,sess0005951,B,0,2.84,2024-01-03 12:00:00
u1999,conv0002992,sess0005952,B,0,2.44,2024-01-08 14:00:00
u1999,conv0002993,sess0005953,B,0,3.29,2024-01-03 06:00:00
u1999,conv0002993,sess0005954,B,0,2.78,2024-01-04 17:00:00
u2000,conv0002994,sess0005955,B,1,3.58,2024-01-06 14:00:00
u2000,conv0002994,sess0005956,B,1,3.85,2024-01-07 20:00:00
u2000,conv0002994,sess0005957,B,0,2.27,2024-01-10 02:00:00
u2000,conv0002994,sess0005958,B,1,4.13,2024-01-05 03:00:00
